223.0 138.0 226.0 88.0 210.0 34.0 187.0 -5.0 172.0 -35.0 197.0 51.0 141.0 11.0 107.0 -11.0 84.0 -27.0 179.0 81.0 108.0 40.0 68.0 16.0 40.0 -1.0 163.0 105.0 97.0 70.0 63.0 48.0 40.0 30.0 150.0 125.0 98.0 98.0 75.0 77.0 59.0 59.0 
212.5 158.0 221.5 117.5 217.0 74.5 207.0 42.0 203.0 16.5 213.5 82.5 179.5 42.5 153.0 21.0 133.5 9.5 197.5 105.5 147.0 63.5 118.0 43.0 99.0 32.5 180.5 126.0 130.5 89.5 105.5 70.5 91.0 59.0 164.5 143.5 125.5 115.0 108.5 97.5 98.5 84.5 
209.0 165.0 219.66666666666666 128.0 218.66666666666666 88.66666666666667 212.33333333333334 58.333333333333336 211.33333333333334 34.0 218.66666666666666 93.33333333333333 190.66666666666666 53.666666666666664 166.66666666666666 33.666666666666664 148.66666666666666 24.333333333333332 203.66666666666666 114.0 160.0 72.66666666666667 135.0 55.333333333333336 120.0 48.333333333333336 186.33333333333334 133.66666666666666 142.66666666666666 97.66666666666667 121.0 81.33333333333333 109.66666666666667 73.0 169.66666666666666 150.33333333333334 135.33333333333334 122.0 120.33333333333333 106.33333333333333 112.33333333333333 95.33333333333333 
201.66666666666666 178.33333333333334 216.0 148.33333333333334 222.66666666666666 116.33333333333333 224.66666666666666 90.33333333333333 230.33333333333334 69.0 229.0 116.0 216.0 77.0 198.33333333333334 58.333333333333336 183.66666666666666 52.0 216.0 132.0 187.33333333333334 92.0 170.66666666666666 79.66666666666667 162.66666666666666 78.0 198.33333333333334 149.0 167.66666666666666 114.66666666666667 152.66666666666666 102.0 147.0 98.33333333333333 180.0 163.66666666666666 155.66666666666666 135.66666666666666 145.0 123.0 140.33333333333334 115.33333333333333 
201.66666666666666 177.66666666666666 215.0 148.33333333333334 222.0 116.33333333333333 224.66666666666666 90.33333333333333 230.33333333333334 69.33333333333333 228.33333333333334 118.33333333333333 218.0 82.0 204.33333333333334 64.0 192.0 55.333333333333336 216.0 133.66666666666666 191.33333333333334 97.33333333333333 176.0 86.33333333333333 168.33333333333334 84.0 199.0 150.33333333333334 172.66666666666666 120.0 158.33333333333334 108.0 151.33333333333334 103.33333333333333 181.0 164.33333333333334 159.33333333333334 139.0 149.0 126.66666666666667 143.33333333333334 118.33333333333333 
202.33333333333334 175.33333333333334 215.66666666666666 147.66666666666666 223.33333333333334 116.0 227.33333333333334 90.0 234.0 70.0 228.66666666666666 119.66666666666667 222.66666666666666 86.33333333333333 213.33333333333334 67.66666666666667 204.0 56.0 216.0 133.66666666666666 196.33333333333334 100.33333333333333 183.0 88.33333333333333 175.33333333333334 83.0 199.33333333333334 148.66666666666666 177.33333333333334 121.33333333333333 164.0 108.33333333333333 156.33333333333334 101.33333333333333 181.0 161.66666666666666 162.33333333333334 138.66666666666666 152.66666666666666 126.0 146.33333333333334 116.66666666666667 
203.66666666666666 172.0 217.33333333333334 146.0 226.0 115.33333333333333 231.33333333333334 89.66666666666667 239.33333333333334 70.66666666666667 230.0 119.66666666666667 226.33333333333334 89.0 220.33333333333334 70.0 213.66666666666666 55.666666666666664 216.0 131.66666666666666 201.0 99.66666666666667 189.66666666666666 83.66666666666667 181.66666666666666 74.0 199.0 144.66666666666666 181.0 117.33333333333333 169.0 102.0 161.33333333333334 92.33333333333333 180.33333333333334 156.33333333333334 164.33333333333334 133.66666666666666 155.66666666666666 120.0 149.66666666666666 109.33333333333333 
205.33333333333334 168.0 220.0 144.66666666666666 229.33333333333334 114.66666666666667 235.66666666666666 89.33333333333333 244.66666666666666 71.33333333333333 232.0 118.33333333333333 229.33333333333334 88.0 224.0 68.66666666666667 218.33333333333334 53.333333333333336 216.66666666666666 128.66666666666666 204.66666666666666 95.66666666666667 195.33333333333334 76.66666666666667 187.66666666666666 63.666666666666664 198.66666666666666 139.33333333333334 184.0 110.33333333333333 173.66666666666666 93.66666666666667 167.33333333333334 82.33333333333333 180.0 149.66666666666666 166.33333333333334 126.0 158.66666666666666 111.66666666666667 153.33333333333334 100.33333333333333 
206.0 164.33333333333334 220.66666666666666 143.0 230.0 113.33333333333333 237.0 88.33333333333333 246.0 70.66666666666667 233.0 117.0 230.66666666666666 86.66666666666667 225.33333333333334 66.66666666666667 219.66666666666666 50.666666666666664 218.0 125.66666666666667 208.0 92.0 199.33333333333334 70.0 191.66666666666666 55.0 200.0 134.33333333333334 187.66666666666666 103.66666666666667 178.0 85.66666666666667 172.0 73.0 181.66666666666666 143.0 170.0 118.33333333333333 162.66666666666666 103.33333333333333 157.66666666666666 91.66666666666667 
202.66666666666666 163.0 218.66666666666666 140.66666666666666 226.66666666666666 109.33333333333333 231.66666666666666 83.66666666666667 236.0 65.66666666666667 223.33333333333334 111.66666666666667 218.0 84.0 211.66666666666666 66.0 206.0 51.666666666666664 208.33333333333334 119.66666666666667 198.33333333333334 89.0 189.33333333333334 68.33333333333333 182.33333333333334 53.666666666666664 191.33333333333334 127.66666666666667 180.66666666666666 99.33333333333333 172.0 82.0 166.33333333333334 69.33333333333333 175.0 135.66666666666666 165.33333333333334 112.33333333333333 158.66666666666666 98.0 154.0 86.33333333333333 
199.0 162.0 215.66666666666666 137.66666666666666 222.33333333333334 105.33333333333333 224.66666666666666 79.33333333333333 224.66666666666666 61.0 213.66666666666666 106.33333333333333 205.0 82.0 198.33333333333334 66.33333333333333 194.0 54.333333333333336 199.0 113.66666666666667 188.33333333333334 87.0 180.0 68.33333333333333 174.33333333333334 55.0 183.33333333333334 121.0 173.33333333333334 95.66666666666667 166.33333333333334 79.66666666666667 162.33333333333334 67.66666666666667 168.33333333333334 128.66666666666666 160.0 106.33333333333333 154.66666666666666 92.66666666666667 151.0 81.66666666666667 
195.66666666666666 161.66666666666666 213.66666666666666 134.66666666666666 220.0 101.33333333333333 219.66666666666666 75.0 216.0 56.666666666666664 204.33333333333334 101.0 193.0 80.0 186.66666666666666 67.33333333333333 184.0 57.666666666666664 189.0 108.66666666666667 178.0 85.0 171.0 69.33333333333333 167.0 57.0 174.0 116.0 164.66666666666666 93.66666666666667 160.0 79.0 157.66666666666666 67.66666666666667 160.66666666666666 124.0 153.0 102.33333333333333 149.66666666666666 89.66666666666667 147.0 78.66666666666667 
197.66666666666666 160.66666666666666 215.33333333333334 133.66666666666666 221.33333333333334 101.0 220.66666666666666 75.0 217.66666666666666 56.666666666666664 206.33333333333334 101.0 195.0 80.0 189.33333333333334 68.0 187.33333333333334 59.0 191.0 108.0 180.0 84.66666666666667 174.0 70.0 171.0 58.333333333333336 176.0 115.33333333333333 166.33333333333334 93.0 162.66666666666666 79.66666666666667 161.33333333333334 69.33333333333333 162.66666666666666 123.0 154.66666666666666 101.0 152.0 89.33333333333333 150.0 79.66666666666667 
200.66666666666666 160.33333333333334 219.0 133.66666666666666 226.0 101.33333333333333 225.0 75.33333333333333 221.66666666666666 56.666666666666664 210.66666666666666 101.0 197.66666666666666 79.33333333333333 190.33333333333334 67.66666666666667 186.66666666666666 58.666666666666664 195.0 108.33333333333333 182.66666666666666 84.33333333333333 175.33333333333334 70.0 171.33333333333334 58.666666666666664 180.0 116.0 168.66666666666666 93.33333333333333 163.66666666666666 79.66666666666667 160.66666666666666 69.33333333333333 166.66666666666666 123.66666666666667 157.66666666666666 101.66666666666667 154.0 90.33333333333333 151.33333333333334 80.33333333333333 
205.0 160.33333333333334 224.0 134.66666666666666 232.33333333333334 103.33333333333333 232.33333333333334 77.66666666666667 228.66666666666666 58.333333333333336 219.33333333333334 102.0 205.33333333333334 79.0 196.66666666666666 66.66666666666667 191.0 57.666666666666664 203.0 109.0 189.33333333333334 84.33333333333333 181.0 69.33333333333333 175.33333333333334 58.333333333333336 187.0 117.0 174.66666666666666 93.0 168.33333333333334 78.66666666666667 164.0 68.66666666666667 172.33333333333334 124.33333333333333 163.0 102.0 158.66666666666666 90.0 155.33333333333334 80.0 
208.66666666666666 159.66666666666666 228.33333333333334 135.33333333333334 239.0 104.33333333333333 239.66666666666666 78.66666666666667 234.66666666666666 59.666666666666664 227.33333333333334 102.66666666666667 213.0 80.0 203.33333333333334 67.66666666666667 197.0 58.333333333333336 210.66666666666666 110.0 196.0 84.66666666666667 187.0 70.0 180.33333333333334 59.666666666666664 194.33333333333334 117.33333333333333 181.0 93.0 173.66666666666666 78.0 168.66666666666666 68.0 179.0 124.66666666666667 169.33333333333334 102.0 164.33333333333334 90.0 160.66666666666666 80.0 
211.66666666666666 159.0 231.66666666666666 135.66666666666666 243.0 105.33333333333333 244.33333333333334 79.66666666666667 239.0 60.666666666666664 234.33333333333334 103.66666666666667 221.0 80.66666666666667 211.66666666666666 68.0 205.33333333333334 59.0 218.0 110.66666666666667 203.33333333333334 85.0 194.33333333333334 71.0 188.0 61.333333333333336 201.66666666666666 117.66666666666667 188.0 92.66666666666667 181.0 78.33333333333333 176.33333333333334 69.33333333333333 185.66666666666666 124.66666666666667 175.66666666666666 101.66666666666667 171.0 90.33333333333333 167.66666666666666 81.66666666666667 
214.33333333333334 157.0 232.0 134.66666666666666 240.66666666666666 104.66666666666667 238.66666666666666 79.66666666666667 230.66666666666666 61.666666666666664 240.66666666666666 104.0 232.66666666666666 81.33333333333333 225.33333333333334 67.66666666666667 220.0 57.333333333333336 227.33333333333334 110.66666666666667 213.0 85.66666666666667 202.33333333333334 71.33333333333333 194.66666666666666 62.0 212.0 117.33333333333333 197.33333333333334 93.0 189.0 78.66666666666667 183.33333333333334 70.0 196.0 124.0 184.33333333333334 101.66666666666667 178.66666666666666 91.33333333333333 175.33333333333334 83.66666666666667 
215.0 153.33333333333334 230.0 133.33333333333334 236.33333333333334 104.66666666666667 231.33333333333334 80.66666666666667 222.0 63.0 245.33333333333334 103.33333333333333 243.66666666666666 79.66666666666667 238.33333333333334 64.0 233.66666666666666 52.333333333333336 235.66666666666666 109.33333333333333 224.33333333333334 84.33333333333333 213.33333333333334 69.0 204.33333333333334 59.666666666666664 221.33333333333334 116.0 208.0 91.33333333333333 199.33333333333334 76.33333333333333 192.33333333333334 67.33333333333333 205.0 122.33333333333333 193.33333333333334 100.33333333333333 187.0 89.33333333333333 183.0 81.33333333333333 
215.66666666666666 149.0 227.33333333333334 130.33333333333334 230.66666666666666 102.0 222.33333333333334 78.66666666666667 210.66666666666666 61.333333333333336 247.0 100.33333333333333 248.33333333333334 76.66666666666667 243.66666666666666 59.333333333333336 239.33333333333334 46.0 240.33333333333334 105.66666666666667 229.66666666666666 80.66666666666667 218.33333333333334 64.66666666666667 208.33333333333334 54.666666666666664 228.0 112.33333333333333 214.66666666666666 87.0 204.33333333333334 72.0 196.0 62.333333333333336 213.33333333333334 118.66666666666667 200.66666666666666 97.0 193.0 85.33333333333333 187.0 76.66666666666667 
174.0 119.33333333333333 186.0 96.33333333333333 197.66666666666666 69.66666666666667 201.33333333333334 49.666666666666664 200.66666666666666 35.333333333333336 217.33333333333334 73.0 236.66666666666666 53.666666666666664 243.66666666666666 41.666666666666664 248.33333333333334 33.0 214.66666666666666 86.66666666666667 229.33333333333334 69.66666666666667 232.66666666666666 59.333333333333336 232.66666666666666 52.333333333333336 206.66666666666666 99.66666666666667 217.66666666666666 83.66666666666667 220.33333333333334 72.66666666666667 220.33333333333334 64.33333333333333 196.0 111.66666666666667 203.33333333333334 98.33333333333333 205.0 89.33333333333333 204.66666666666666 81.0 
132.0 91.33333333333333 144.0 62.0 162.33333333333334 36.0 176.66666666666666 18.666666666666668 185.66666666666666 6.0 191.33333333333334 46.333333333333336 226.33333333333334 31.0 243.66666666666666 23.333333333333332 255.66666666666666 18.333333333333332 192.0 67.33333333333333 228.66666666666666 57.0 245.33333333333334 51.0 255.66666666666666 46.0 188.0 86.66666666666667 220.33333333333334 79.33333333333333 235.0 71.33333333333333 243.66666666666666 64.0 180.33333333333334 104.33333333333333 205.66666666666666 99.33333333333333 217.0 93.0 223.0 85.33333333333333 
89.0 64.33333333333333 101.33333333333333 27.666666666666668 127.66666666666667 1.3333333333333333 154.0 -13.0 173.66666666666666 -23.0 166.66666666666666 20.666666666666668 220.33333333333334 9.0 249.0 6.0 269.3333333333333 5.333333333333333 171.33333333333334 50.0 232.66666666666666 45.666666666666664 263.3333333333333 43.333333333333336 283.6666666666667 41.0 170.33333333333334 75.66666666666667 226.33333333333334 76.66666666666667 254.0 70.66666666666667 271.0 64.0 164.66666666666666 98.66666666666667 209.66666666666666 102.33333333333333 231.33333333333334 98.0 244.66666666666666 89.66666666666667 
85.33333333333333 62.666666666666664 97.33333333333333 24.333333333333332 122.33333333333333 -4.0 146.66666666666666 -21.0 165.66666666666666 -33.0 168.66666666666666 19.333333333333332 219.66666666666666 6.666666666666667 245.33333333333334 1.6666666666666667 262.6666666666667 -0.6666666666666666 174.0 47.666666666666664 235.33333333333334 40.666666666666664 265.6666666666667 36.0 286.6666666666667 31.666666666666668 173.66666666666666 72.66666666666667 230.0 72.33333333333333 257.6666666666667 65.0 274.3333333333333 56.333333333333336 168.0 95.66666666666667 213.33333333333334 99.66666666666667 236.0 94.33333333333333 250.0 84.66666666666667 
82.33333333333333 60.0 95.33333333333333 19.333333333333332 122.0 -10.666666666666666 149.33333333333334 -27.333333333333332 170.33333333333334 -39.333333333333336 167.0 17.333333333333332 220.33333333333334 5.333333333333333 246.33333333333334 -0.3333333333333333 263.3333333333333 -4.333333333333333 172.33333333333334 46.666666666666664 236.0 39.333333333333336 266.3333333333333 32.0 286.0 25.0 172.66666666666666 71.0 231.33333333333334 69.33333333333333 258.6666666666667 60.666666666666664 273.6666666666667 50.0 168.0 92.33333333333333 215.66666666666666 96.66666666666667 238.66666666666666 90.66666666666667 252.33333333333334 79.66666666666667 
85.0 61.666666666666664 102.0 17.0 133.66666666666666 -12.666666666666666 166.66666666666666 -27.0 192.0 -37.666666666666664 176.0 21.666666666666668 237.66666666666666 10.333333333333334 268.3333333333333 5.0 288.0 0.6666666666666666 180.66666666666666 55.0 251.0 48.333333333333336 281.3333333333333 37.0 298.6666666666667 26.666666666666668 181.33333333333334 80.0 245.0 77.66666666666667 272.6666666666667 65.0 286.3333333333333 52.0 178.0 99.33333333333333 229.66666666666666 100.66666666666667 253.33333333333334 91.66666666666667 266.3333333333333 79.66666666666667 
95.0 65.66666666666667 116.0 15.666666666666666 154.0 -14.666666666666666 195.33333333333334 -26.0 225.66666666666666 -36.333333333333336 193.33333333333334 28.666666666666668 263.6666666666667 16.666666666666668 299.3333333333333 12.333333333333334 323.3333333333333 8.666666666666666 197.0 66.0 272.0 59.333333333333336 302.3333333333333 46.0 317.3333333333333 34.0 197.33333333333334 92.0 264.6666666666667 87.66666666666667 292.0 72.0 303.6666666666667 57.666666666666664 194.0 109.33333333333333 249.33333333333334 106.66666666666667 273.0 95.0 285.0 82.0 
113.66666666666667 73.66666666666667 136.33333333333334 19.0 176.66666666666666 -11.666666666666666 221.66666666666666 -21.333333333333332 255.66666666666666 -30.666666666666668 217.33333333333334 37.0 293.3333333333333 24.0 332.3333333333333 20.666666666666668 359.0 19.333333333333332 221.66666666666666 78.0 301.0 71.33333333333333 331.0 57.0 344.6666666666667 44.666666666666664 221.66666666666666 105.66666666666667 292.6666666666667 100.66666666666667 318.6666666666667 82.33333333333333 329.0 67.33333333333333 218.66666666666666 122.66666666666667 276.3333333333333 116.66666666666667 299.0 102.0 309.6666666666667 87.66666666666667 
135.33333333333334 80.0 157.0 25.333333333333332 195.0 -4.666666666666667 238.66666666666666 -14.0 273.0 -24.666666666666668 238.33333333333334 43.333333333333336 313.3333333333333 30.0 351.6666666666667 26.666666666666668 377.6666666666667 26.333333333333332 242.66666666666666 83.33333333333333 321.6666666666667 77.33333333333333 350.6666666666667 63.666666666666664 363.6666666666667 52.0 242.33333333333334 110.66666666666667 313.0 105.33333333333333 337.6666666666667 87.66666666666667 347.0 72.66666666666667 238.33333333333334 127.66666666666667 296.3333333333333 121.33333333333333 317.6666666666667 106.66666666666667 327.3333333333333 92.0 
159.66666666666666 87.0 179.66666666666666 34.0 214.66666666666666 5.333333333333333 256.0 -3.0 290.0 -13.666666666666666 258.6666666666667 50.0 333.3333333333333 38.0 371.0 35.0 396.3333333333333 35.333333333333336 263.3333333333333 89.0 342.6666666666667 84.33333333333333 371.3333333333333 70.66666666666667 384.0 59.666666666666664 263.3333333333333 116.33333333333333 333.6666666666667 111.33333333333333 357.6666666666667 93.66666666666667 367.0 79.0 260.0 133.0 317.0 127.0 337.6666666666667 112.66666666666667 347.0 97.66666666666667 
198.0 100.66666666666667 214.0 53.0 242.66666666666666 25.333333333333332 277.0 15.333333333333334 307.3333333333333 5.0 286.0 66.66666666666667 356.3333333333333 54.666666666666664 391.6666666666667 50.0 415.3333333333333 49.0 290.3333333333333 102.66666666666667 366.6666666666667 96.66666666666667 395.0 82.33333333333333 407.6666666666667 71.0 291.3333333333333 128.0 359.0 122.66666666666667 382.6666666666667 105.33333333333333 392.0 90.66666666666667 289.3333333333333 143.0 344.3333333333333 136.66666666666666 364.6666666666667 122.33333333333333 373.6666666666667 108.0 
228.33333333333334 111.66666666666667 240.66666666666666 68.33333333333333 264.0 40.333333333333336 293.0 28.666666666666668 321.0 20.0 305.3333333333333 80.66666666666667 372.0 68.33333333333333 405.0 62.333333333333336 428.0 59.666666666666664 310.3333333333333 114.33333333333333 383.3333333333333 106.0 411.0 91.33333333333333 423.6666666666667 79.33333333333333 312.3333333333333 138.0 377.6666666666667 131.66666666666666 400.6666666666667 114.33333333333333 410.0 100.0 312.0 151.66666666666666 364.6666666666667 144.33333333333334 384.6666666666667 130.33333333333334 393.6666666666667 116.66666666666667 
248.0 119.0 257.0 76.66666666666667 277.3333333333333 48.333333333333336 303.6666666666667 38.666666666666664 327.0 36.0 312.0 88.0 370.3333333333333 80.0 401.6666666666667 73.33333333333333 424.0 68.66666666666667 318.3333333333333 120.0 387.0 112.33333333333333 417.0 99.33333333333333 433.6666666666667 87.66666666666667 322.0 142.66666666666666 384.0 137.66666666666666 409.0 122.33333333333333 421.6666666666667 108.66666666666667 323.3333333333333 156.0 372.3333333333333 148.0 391.3333333333333 134.0 400.0 120.66666666666667 
245.33333333333334 116.0 255.66666666666666 71.0 279.6666666666667 41.666666666666664 310.0 34.666666666666664 331.6666666666667 36.666666666666664 305.6666666666667 81.66666666666667 359.3333333333333 79.33333333333333 390.3333333333333 73.66666666666667 413.3333333333333 68.66666666666667 313.0 114.66666666666667 379.6666666666667 109.66666666666667 412.3333333333333 99.66666666666667 433.3333333333333 89.33333333333333 317.6666666666667 138.33333333333334 377.0 134.0 404.6666666666667 120.0 420.0 107.0 320.0 152.66666666666666 361.0 141.0 375.6666666666667 125.0 381.6666666666667 110.66666666666667 
248.33333333333334 142.33333333333334 266.0 97.0 297.6666666666667 70.33333333333333 333.3333333333333 66.66666666666667 355.0 68.0 315.0 109.0 369.6666666666667 108.66666666666667 402.3333333333333 104.33333333333333 426.6666666666667 100.0 320.0 143.66666666666666 390.3333333333333 145.0 429.3333333333333 140.33333333333334 457.0 134.33333333333334 322.6666666666667 169.66666666666666 384.0 171.33333333333334 416.6666666666667 162.33333333333334 437.0 152.33333333333334 322.3333333333333 186.33333333333334 363.6666666666667 176.0 376.6666666666667 160.0 381.3333333333333 145.33333333333334 
223.33333333333334 164.66666666666666 248.33333333333334 119.66666666666667 284.6666666666667 94.33333333333333 322.6666666666667 90.0 348.0 91.0 299.3333333333333 132.66666666666666 361.6666666666667 134.0 395.6666666666667 133.0 419.0 131.66666666666666 300.3333333333333 170.0 376.0 175.66666666666666 415.0 173.0 440.6666666666667 168.33333333333334 299.3333333333333 199.0 365.6666666666667 204.33333333333334 398.6666666666667 196.0 417.0 186.33333333333334 295.0 218.66666666666666 340.3333333333333 210.0 352.6666666666667 194.0 356.0 179.66666666666666 
195.33333333333334 185.0 226.66666666666666 140.0 267.0 115.66666666666667 306.6666666666667 111.33333333333333 335.6666666666667 112.33333333333333 281.6666666666667 154.33333333333334 351.3333333333333 156.66666666666666 387.0 159.0 409.6666666666667 160.66666666666666 278.6666666666667 193.33333333333334 358.3333333333333 202.66666666666666 396.6666666666667 202.33333333333334 418.6666666666667 200.0 274.0 225.0 347.0 235.33333333333334 379.3333333333333 229.0 395.3333333333333 220.66666666666666 266.0 248.33333333333334 319.3333333333333 244.66666666666666 335.3333333333333 231.66666666666666 340.3333333333333 218.66666666666666 
159.33333333333334 169.66666666666666 189.33333333333334 122.0 229.66666666666666 94.33333333333333 269.3333333333333 89.33333333333333 297.6666666666667 96.66666666666667 246.66666666666666 135.0 318.3333333333333 142.33333333333334 353.6666666666667 147.0 373.0 150.66666666666666 243.66666666666666 174.66666666666666 322.3333333333333 183.0 356.6666666666667 182.33333333333334 372.3333333333333 179.33333333333334 238.66666666666666 207.66666666666666 314.0 216.0 344.0 208.33333333333334 355.6666666666667 199.66666666666666 230.66666666666666 233.33333333333334 286.0 229.0 305.3333333333333 217.0 312.6666666666667 205.33333333333334 
152.0 153.0 181.33333333333334 104.66666666666667 223.0 76.66666666666667 263.0 74.66666666666667 290.0 87.0 239.33333333333334 110.0 311.0 117.66666666666667 345.3333333333333 123.33333333333333 363.0 128.33333333333334 238.33333333333334 148.0 316.0 154.33333333333334 349.6666666666667 156.33333333333334 363.3333333333333 156.0 235.0 181.33333333333334 310.6666666666667 186.66666666666666 340.0 182.0 351.0 176.66666666666666 229.66666666666666 210.0 285.6666666666667 206.0 308.3333333333333 196.0 319.0 186.66666666666666 
148.0 132.0 177.0 82.66666666666667 218.66666666666666 54.333333333333336 258.3333333333333 54.0 283.3333333333333 69.33333333333333 236.66666666666666 84.66666666666667 307.6666666666667 93.66666666666667 340.3333333333333 100.0 354.0 106.0 236.0 123.33333333333333 313.6666666666667 131.33333333333334 344.6666666666667 133.33333333333334 354.0 132.66666666666666 233.0 157.33333333333334 307.3333333333333 161.0 336.0 157.0 344.3333333333333 152.0 229.0 186.33333333333334 285.3333333333333 180.33333333333334 309.0 170.0 320.0 160.66666666666666 
203.66666666666666 149.0 230.66666666666666 113.33333333333333 267.6666666666667 93.33333333333333 301.0 95.33333333333333 323.0 108.33333333333333 279.6666666666667 106.33333333333333 337.6666666666667 114.66666666666667 365.0 123.33333333333333 377.3333333333333 132.0 277.0 133.66666666666666 340.3333333333333 142.33333333333334 367.3333333333333 148.33333333333334 377.3333333333333 152.33333333333334 272.6666666666667 159.66666666666666 333.0 164.0 358.3333333333333 165.66666666666666 368.0 166.0 268.3333333333333 184.0 313.6666666666667 182.0 335.0 177.33333333333334 346.6666666666667 173.66666666666666 
230.66666666666666 186.66666666666666 257.3333333333333 169.66666666666666 291.0 155.33333333333334 318.6666666666667 155.66666666666666 338.6666666666667 163.66666666666666 301.0 148.0 344.3333333333333 150.0 369.3333333333333 155.33333333333334 383.3333333333333 162.66666666666666 295.6666666666667 162.33333333333334 343.0 165.33333333333334 367.3333333333333 168.66666666666666 380.3333333333333 172.66666666666666 289.0 177.33333333333334 335.0 177.33333333333334 358.3333333333333 178.33333333333334 371.0 179.66666666666666 282.6666666666667 192.66666666666666 317.3333333333333 188.33333333333334 336.6666666666667 184.66666666666666 348.3333333333333 182.66666666666666 
253.66666666666666 239.0 279.6666666666667 239.33333333333334 309.3333333333333 231.33333333333334 332.3333333333333 231.33333333333334 351.6666666666667 234.66666666666666 315.3333333333333 198.66666666666666 343.6666666666667 190.33333333333334 365.3333333333333 191.0 382.3333333333333 195.0 307.3333333333333 198.0 336.6666666666667 189.0 359.3333333333333 189.33333333333334 378.3333333333333 193.33333333333334 296.3333333333333 202.66666666666666 324.6666666666667 192.33333333333334 345.3333333333333 192.33333333333334 363.3333333333333 194.66666666666666 284.3333333333333 212.0 303.3333333333333 204.33333333333334 319.6666666666667 201.66666666666666 333.0 201.0 
215.33333333333334 265.0 244.66666666666666 268.3333333333333 275.3333333333333 258.0 300.0 256.0 322.6666666666667 257.3333333333333 280.6666666666667 212.66666666666666 306.6666666666667 194.33333333333334 329.0 187.0 348.0 184.33333333333334 270.6666666666667 209.0 296.0 187.66666666666666 319.0 180.0 340.6666666666667 177.33333333333334 256.3333333333333 211.66666666666666 279.6666666666667 189.33333333333334 300.3333333333333 181.66666666666666 320.0 177.66666666666666 240.0 220.0 252.66666666666666 203.0 267.0 194.0 279.6666666666667 187.33333333333334 
207.0 284.0 237.33333333333334 284.0 267.0 271.6666666666667 293.3333333333333 268.6666666666667 318.6666666666667 267.6666666666667 269.6666666666667 223.0 295.3333333333333 198.66666666666666 316.0 186.33333333333334 335.0 178.0 256.6666666666667 219.0 279.3333333333333 190.33333333333334 301.0 176.33333333333334 322.6666666666667 167.0 238.0 223.0 256.3333333333333 192.66666666666666 275.3333333333333 179.0 294.3333333333333 169.0 216.66666666666666 233.33333333333334 222.0 210.0 232.0 196.0 242.33333333333334 183.66666666666666 
201.66666666666666 302.3333333333333 234.33333333333334 300.0 265.3333333333333 285.3333333333333 293.6666666666667 280.3333333333333 321.0 277.0 261.6666666666667 231.66666666666666 288.3333333333333 202.33333333333334 308.3333333333333 185.0 327.6666666666667 171.66666666666666 245.66666666666666 227.0 267.6666666666667 192.0 289.0 172.0 310.3333333333333 156.33333333333334 224.66666666666666 231.33333333333334 241.66666666666666 195.66666666666666 260.3333333333333 176.66666666666666 279.3333333333333 161.66666666666666 201.33333333333334 243.0 205.33333333333334 215.0 214.33333333333334 196.66666666666666 223.66666666666666 180.33333333333334 
199.33333333333334 321.6666666666667 235.33333333333334 316.3333333333333 267.3333333333333 298.6666666666667 297.3333333333333 291.0 326.0 284.6666666666667 258.3333333333333 240.33333333333334 284.3333333333333 205.33333333333334 303.3333333333333 184.0 322.0 166.0 239.33333333333334 235.66666666666666 259.3333333333333 195.0 279.3333333333333 169.0 299.0 147.0 215.66666666666666 241.66666666666666 230.0 200.66666666666666 247.0 175.66666666666666 264.6666666666667 155.33333333333334 190.66666666666666 255.66666666666666 192.33333333333334 223.33333333333334 199.0 200.33333333333334 206.33333333333334 179.33333333333334 
199.33333333333334 342.3333333333333 238.0 334.0 271.6666666666667 313.6666666666667 303.0 302.6666666666667 332.0 293.0 256.3333333333333 250.33333333333334 280.6666666666667 209.66666666666666 298.3333333333333 184.66666666666666 315.6666666666667 163.0 234.33333333333334 245.66666666666666 252.33333333333334 199.0 270.6666666666667 168.66666666666666 288.3333333333333 142.33333333333334 209.0 253.0 220.66666666666666 206.66666666666666 236.0 177.66666666666666 252.66666666666666 153.33333333333334 183.0 269.0 182.33333333333334 233.0 187.33333333333334 206.66666666666666 192.66666666666666 182.66666666666666 
201.0 366.3333333333333 241.33333333333334 356.0 276.3333333333333 333.0 308.0 319.0 336.6666666666667 306.0 255.33333333333334 265.0 277.6666666666667 219.33333333333334 294.0 191.0 309.6666666666667 166.66666666666666 231.66666666666666 260.6666666666667 247.66666666666666 208.33333333333334 264.3333333333333 174.33333333333334 280.6666666666667 145.0 205.66666666666666 269.3333333333333 215.0 217.33333333333334 229.0 184.33333333333334 244.33333333333334 156.66666666666666 179.66666666666666 287.0 176.33333333333334 247.66666666666666 179.0 218.66666666666666 182.33333333333334 192.0 
202.33333333333334 397.6666666666667 243.0 386.3333333333333 279.3333333333333 361.3333333333333 311.3333333333333 344.3333333333333 339.6666666666667 329.0 253.66666666666666 288.6666666666667 275.0 237.66666666666666 290.0 206.66666666666666 304.3333333333333 180.33333333333334 228.33333333333334 283.6666666666667 243.66666666666666 225.33333333333334 259.0 187.33333333333334 274.0 156.33333333333334 201.66666666666666 292.3333333333333 210.33333333333334 235.0 223.0 198.66666666666666 237.33333333333334 168.66666666666666 175.0 310.3333333333333 169.66666666666666 266.6666666666667 171.33333333333334 235.33333333333334 174.33333333333334 207.0 
200.33333333333334 433.6666666666667 244.0 421.3333333333333 282.0 396.3333333333333 314.6666666666667 377.6666666666667 342.3333333333333 360.3333333333333 253.0 320.0 273.3333333333333 265.6666666666667 287.0 233.0 299.6666666666667 205.0 227.0 315.3333333333333 241.0 253.0 254.33333333333334 212.33333333333334 267.6666666666667 180.0 199.66666666666666 324.3333333333333 206.33333333333334 263.6666666666667 217.33333333333334 225.0 229.66666666666666 193.66666666666666 172.0 343.0 163.66666666666666 296.6666666666667 163.33333333333334 264.0 165.0 234.33333333333334 
204.0 473.6666666666667 248.0 458.3333333333333 285.3333333333333 432.3333333333333 318.3333333333333 412.6666666666667 346.3333333333333 394.3333333333333 254.66666666666666 355.3333333333333 274.0 298.6666666666667 286.3333333333333 265.6666666666667 298.0 236.66666666666666 228.0 351.3333333333333 240.66666666666666 287.0 252.33333333333334 245.33333333333334 264.0 212.66666666666666 200.0 361.0 205.0 299.3333333333333 214.0 260.0 224.66666666666666 228.0 171.33333333333334 380.6666666666667 160.66666666666666 333.0 158.66666666666666 299.6666666666667 158.66666666666666 269.6666666666667 
210.0 504.3333333333333 254.33333333333334 484.3333333333333 290.3333333333333 456.6666666666667 323.0 436.6666666666667 351.6666666666667 418.6666666666667 259.0 382.3333333333333 277.0 326.6666666666667 288.3333333333333 294.0 299.3333333333333 264.3333333333333 232.66666666666666 380.3333333333333 243.33333333333334 317.3333333333333 253.33333333333334 276.6666666666667 263.6666666666667 243.33333333333334 204.66666666666666 391.6666666666667 207.0 331.6666666666667 215.33333333333334 293.0 224.66666666666666 261.0 175.66666666666666 413.3333333333333 163.33333333333334 368.0 159.33333333333334 335.6666666666667 157.33333333333334 305.3333333333333 
218.33333333333334 522.6666666666666 261.0 499.0 295.3333333333333 469.0 327.0 448.6666666666667 355.6666666666667 431.3333333333333 264.0 397.6666666666667 280.6666666666667 343.3333333333333 291.0 311.3333333333333 301.6666666666667 282.3333333333333 237.33333333333334 397.0 246.66666666666666 336.0 256.3333333333333 297.3333333333333 266.0 264.6666666666667 209.66666666666666 409.3333333333333 211.33333333333334 351.3333333333333 219.66666666666666 314.0 229.0 282.0 181.33333333333334 432.0 169.33333333333334 388.6666666666667 165.0 357.3333333333333 162.66666666666666 327.3333333333333 
221.0 526.3333333333334 264.3333333333333 502.0 298.6666666666667 471.0 329.0 450.0 357.3333333333333 433.3333333333333 267.0 401.3333333333333 282.3333333333333 349.0 292.3333333333333 318.0 302.6666666666667 289.3333333333333 241.33333333333334 401.6666666666667 249.0 343.0 258.6666666666667 306.3333333333333 268.3333333333333 273.6666666666667 214.33333333333334 414.3333333333333 215.33333333333334 358.3333333333333 224.0 322.3333333333333 234.0 290.6666666666667 187.33333333333334 437.6666666666667 175.66666666666666 396.3333333333333 171.66666666666666 366.0 169.66666666666666 335.6666666666667 
221.66666666666666 525.3333333333334 264.0 501.6666666666667 299.0 471.6666666666667 328.3333333333333 450.6666666666667 355.0 433.6666666666667 267.0 402.0 281.6666666666667 350.6666666666667 291.3333333333333 320.3333333333333 301.3333333333333 292.3333333333333 242.0 402.3333333333333 249.66666666666666 345.6666666666667 259.6666666666667 310.3333333333333 269.6666666666667 278.6666666666667 216.33333333333334 414.3333333333333 218.0 359.3333333333333 226.66666666666666 324.6666666666667 237.33333333333334 293.6666666666667 191.0 436.6666666666667 179.66666666666666 396.0 176.33333333333334 366.3333333333333 174.66666666666666 337.0 
219.66666666666666 525.0 260.6666666666667 502.3333333333333 295.3333333333333 472.6666666666667 324.3333333333333 451.6666666666667 350.6666666666667 435.0 263.6666666666667 403.3333333333333 278.3333333333333 352.6666666666667 288.3333333333333 322.6666666666667 298.6666666666667 295.3333333333333 240.0 403.6666666666667 247.66666666666666 348.3333333333333 258.0 313.3333333333333 269.0 282.3333333333333 215.0 415.3333333333333 217.33333333333334 361.0 226.33333333333334 327.0 237.0 297.0 190.33333333333334 436.6666666666667 179.66666666666666 396.3333333333333 176.66666666666666 367.0 174.66666666666666 338.6666666666667 
214.66666666666666 526.0 255.0 503.3333333333333 289.3333333333333 474.3333333333333 318.3333333333333 454.0 344.6666666666667 437.3333333333333 258.6666666666667 406.0 273.6666666666667 355.3333333333333 284.0 325.6666666666667 294.3333333333333 298.6666666666667 235.0 405.6666666666667 243.66666666666666 351.3333333333333 254.33333333333334 316.6666666666667 265.6666666666667 286.3333333333333 210.33333333333334 417.0 213.66666666666666 363.3333333333333 223.0 330.3333333333333 233.66666666666666 301.0 185.33333333333334 437.3333333333333 176.0 397.6666666666667 173.0 369.0 171.33333333333334 341.6666666666667 
208.0 525.3333333333334 249.0 503.3333333333333 283.3333333333333 474.3333333333333 313.0 454.3333333333333 339.3333333333333 437.6666666666667 253.0 406.6666666666667 268.0 356.6666666666667 278.3333333333333 327.3333333333333 289.0 300.6666666666667 229.33333333333334 406.3333333333333 237.66666666666666 352.3333333333333 248.33333333333334 317.6666666666667 259.6666666666667 288.0 204.0 417.6666666666667 207.33333333333334 364.0 216.66666666666666 331.3333333333333 227.33333333333334 302.3333333333333 178.66666666666666 437.6666666666667 169.66666666666666 398.3333333333333 166.66666666666666 369.6666666666667 164.66666666666666 342.6666666666667 
202.33333333333334 522.3333333333334 244.0 501.3333333333333 278.6666666666667 472.6666666666667 308.3333333333333 452.6666666666667 335.0 435.3333333333333 248.0 405.0 263.0 355.3333333333333 273.3333333333333 326.0 283.6666666666667 299.3333333333333 223.66666666666666 404.0 232.0 350.0 242.33333333333334 315.6666666666667 253.0 286.0 198.0 414.6666666666667 201.33333333333334 361.3333333333333 210.33333333333334 328.6666666666667 221.0 299.6666666666667 172.66666666666666 434.6666666666667 163.33333333333334 395.6666666666667 160.33333333333334 367.0 158.66666666666666 339.6666666666667 
197.0 517.3333333333334 239.33333333333334 498.0 275.0 470.0 305.6666666666667 449.6666666666667 332.3333333333333 432.3333333333333 244.66666666666666 401.3333333333333 259.6666666666667 352.3333333333333 269.3333333333333 323.0 279.6666666666667 296.6666666666667 219.66666666666666 400.0 227.66666666666666 346.0 237.66666666666666 311.6666666666667 248.33333333333334 282.3333333333333 193.33333333333334 410.3333333333333 196.66666666666666 356.6666666666667 205.33333333333334 323.6666666666667 215.66666666666666 294.6666666666667 168.0 430.0 158.33333333333334 391.0 155.33333333333334 362.0 153.66666666666666 334.3333333333333 
193.66666666666666 513.3333333333334 236.33333333333334 495.0 272.6666666666667 467.6666666666667 303.6666666666667 447.3333333333333 331.0 430.0 243.33333333333334 398.3333333333333 258.6666666666667 349.6666666666667 268.0 320.0 278.0 294.0 217.66666666666666 396.0 226.0 342.3333333333333 236.0 308.3333333333333 246.33333333333334 278.6666666666667 191.0 406.0 195.0 353.0 203.33333333333334 320.0 213.33333333333334 291.0 165.33333333333334 425.6666666666667 156.0 386.6666666666667 153.33333333333334 358.0 152.0 330.0 
191.0 510.3333333333333 234.0 492.0 271.0 464.6666666666667 302.3333333333333 444.0 330.0 426.6666666666667 243.0 396.6666666666667 259.0 348.3333333333333 269.3333333333333 319.6666666666667 280.3333333333333 294.3333333333333 217.33333333333334 394.3333333333333 227.0 341.3333333333333 238.0 308.0 249.33333333333334 279.0 190.33333333333334 404.3333333333333 195.0 352.0 204.0 319.0 214.66666666666666 290.3333333333333 163.66666666666666 423.6666666666667 155.66666666666666 384.3333333333333 154.0 356.0 153.66666666666666 328.0 
190.66666666666666 508.6666666666667 233.66666666666666 489.0 270.3333333333333 460.6666666666667 300.3333333333333 440.0 327.6666666666667 421.6666666666667 242.0 395.6666666666667 259.0 348.6666666666667 272.0 322.6666666666667 285.6666666666667 299.6666666666667 217.33333333333334 394.0 229.0 343.6666666666667 243.0 314.0 257.6666666666667 287.6666666666667 190.66666666666666 404.3333333333333 197.0 354.6666666666667 208.66666666666666 324.0 222.0 297.3333333333333 163.66666666666666 424.0 159.0 385.0 159.66666666666666 357.6666666666667 161.33333333333334 330.6666666666667 
192.33333333333334 504.6666666666667 234.0 485.0 269.6666666666667 455.6666666666667 298.3333333333333 435.0 323.6666666666667 415.3333333333333 239.66666666666666 394.3333333333333 256.0 344.6666666666667 275.6666666666667 328.3333333333333 294.3333333333333 318.3333333333333 216.0 395.0 229.33333333333334 343.3333333333333 251.33333333333334 325.6666666666667 271.0 314.3333333333333 190.33333333333334 405.6666666666667 198.0 356.6666666666667 218.0 337.6666666666667 236.33333333333334 325.0 164.0 425.0 165.0 387.3333333333333 175.0 367.0 184.33333333333334 350.3333333333333 
195.66666666666666 503.6666666666667 236.0 481.6666666666667 270.6666666666667 450.6666666666667 297.3333333333333 430.0 320.3333333333333 409.6666666666667 239.33333333333334 392.6666666666667 258.0 346.0 281.0 344.6666666666667 296.6666666666667 349.6666666666667 215.33333333333334 395.6666666666667 229.66666666666666 344.6666666666667 258.3333333333333 345.0 278.0 351.3333333333333 190.0 407.3333333333333 199.33333333333334 360.0 228.33333333333334 359.3333333333333 249.0 363.6666666666667 164.0 427.3333333333333 170.33333333333334 392.0 191.0 383.3333333333333 207.0 380.3333333333333 
202.33333333333334 501.6666666666667 241.0 477.6666666666667 273.0 445.3333333333333 297.6666666666667 425.0 318.0 405.6666666666667 240.33333333333334 392.0 260.6666666666667 347.0 286.0 359.3333333333333 299.6666666666667 379.0 215.66666666666666 397.0 232.0 347.6666666666667 264.3333333333333 365.0 282.0 388.0 190.66666666666666 409.0 201.66666666666666 365.0 236.66666666666666 382.3333333333333 257.3333333333333 403.3333333333333 165.0 428.6666666666667 173.66666666666666 396.0 202.66666666666666 399.0 224.0 409.6666666666667 
207.66666666666666 503.6666666666667 245.0 477.0 275.3333333333333 442.0 298.6666666666667 420.0 318.0 401.6666666666667 243.0 391.6666666666667 266.6666666666667 353.3333333333333 288.6666666666667 375.0 295.6666666666667 399.0 217.33333333333334 396.6666666666667 236.33333333333334 354.3333333333333 265.6666666666667 382.6666666666667 277.0 410.3333333333333 191.33333333333334 409.3333333333333 205.66666666666666 371.3333333333333 239.66666666666666 399.3333333333333 255.33333333333334 425.3333333333333 165.0 429.0 176.66666666666666 399.0 206.33333333333334 411.3333333333333 225.33333333333334 428.3333333333333 
213.0 505.0 248.66666666666666 477.0 276.3333333333333 439.3333333333333 298.6666666666667 415.6666666666667 319.0 398.0 242.66666666666666 390.3333333333333 268.0 356.0 287.3333333333333 383.0 292.6666666666667 408.3333333333333 217.0 395.0 241.66666666666666 361.3333333333333 266.6666666666667 396.3333333333333 273.3333333333333 425.0 190.66666666666666 407.3333333333333 211.0 377.0 240.66666666666666 411.3333333333333 251.66666666666666 438.6666666666667 164.33333333333334 427.0 181.33333333333334 402.0 209.33333333333334 420.3333333333333 224.33333333333334 440.3333333333333 
212.33333333333334 507.3333333333333 248.33333333333334 479.0 276.3333333333333 439.3333333333333 299.0 413.6666666666667 320.6666666666667 395.3333333333333 241.66666666666666 385.6666666666667 271.0 360.3333333333333 286.3333333333333 393.0 287.0 418.6666666666667 215.33333333333334 388.6666666666667 247.33333333333334 367.6666666666667 266.3333333333333 408.0 266.6666666666667 435.3333333333333 188.33333333333334 401.3333333333333 217.33333333333334 381.6666666666667 241.33333333333334 420.6666666666667 246.0 447.3333333333333 162.33333333333334 422.0 188.66666666666666 406.0 214.33333333333334 430.3333333333333 224.0 451.3333333333333 
212.66666666666666 509.3333333333333 249.33333333333334 480.6666666666667 277.3333333333333 440.3333333333333 300.0 414.3333333333333 322.6666666666667 395.3333333333333 240.33333333333334 381.6666666666667 275.0 365.6666666666667 287.3333333333333 401.6666666666667 285.0 426.3333333333333 213.66666666666666 383.3333333333333 253.33333333333334 375.6666666666667 268.0 419.0 264.3333333333333 444.0 187.33333333333334 396.0 224.66666666666666 388.3333333333333 243.0 430.0 243.0 454.3333333333333 162.33333333333334 418.0 196.0 411.6666666666667 218.66666666666666 438.3333333333333 223.66666666666666 457.6666666666667 
211.33333333333334 509.3333333333333 249.33333333333334 482.0 278.3333333333333 442.6666666666667 301.3333333333333 417.0 324.0 397.0 240.33333333333334 379.0 279.3333333333333 370.0 290.0 406.6666666666667 286.6666666666667 430.6666666666667 213.33333333333334 379.3333333333333 258.3333333333333 381.3333333333333 270.0 425.3333333333333 264.3333333333333 448.0 187.66666666666666 392.3333333333333 231.33333333333334 394.6666666666667 245.66666666666666 436.3333333333333 242.66666666666666 458.3333333333333 164.33333333333334 415.0 202.66666666666666 415.6666666666667 223.0 443.3333333333333 225.33333333333334 460.6666666666667 
213.0 508.0 250.33333333333334 481.6666666666667 279.6666666666667 443.6666666666667 302.6666666666667 419.0 325.0 398.6666666666667 241.33333333333334 378.6666666666667 282.0 372.0 293.0 408.0 289.6666666666667 430.6666666666667 214.66666666666666 378.6666666666667 260.6666666666667 383.0 273.0 426.3333333333333 267.0 447.0 189.66666666666666 391.6666666666667 234.33333333333334 396.3333333333333 248.66666666666666 437.3333333333333 245.33333333333334 457.6666666666667 167.33333333333334 414.6666666666667 206.0 416.6666666666667 226.33333333333334 444.0 228.0 460.3333333333333 
213.66666666666666 503.0 250.33333333333334 479.0 280.3333333333333 442.6666666666667 303.0 419.3333333333333 324.3333333333333 400.0 246.33333333333334 378.6666666666667 282.0 370.3333333333333 295.3333333333333 402.6666666666667 295.3333333333333 425.0 220.0 378.6666666666667 260.6666666666667 379.0 275.3333333333333 418.6666666666667 273.0 440.0 194.33333333333334 391.0 234.33333333333334 391.6666666666667 252.0 429.3333333333333 252.66666666666666 450.6666666666667 171.33333333333334 413.0 206.66666666666666 411.3333333333333 228.66666666666666 436.6666666666667 234.0 453.6666666666667 
214.66666666666666 494.6666666666667 249.66666666666666 474.6666666666667 280.6666666666667 442.0 304.0 421.0 324.6666666666667 402.6666666666667 249.0 382.0 276.6666666666667 363.6666666666667 291.6666666666667 377.6666666666667 298.3333333333333 387.6666666666667 223.66666666666666 382.0 252.33333333333334 367.6666666666667 268.3333333333333 385.3333333333333 274.0 395.0 198.0 393.3333333333333 224.33333333333334 378.0 243.0 395.6666666666667 251.66666666666666 406.6666666666667 174.0 414.0 196.0 401.0 215.0 412.3333333333333 225.33333333333334 421.6666666666667 
214.33333333333334 486.3333333333333 248.66666666666666 471.0 280.0 442.0 304.3333333333333 423.3333333333333 326.6666666666667 407.3333333333333 252.0 383.6666666666667 272.0 353.3333333333333 288.0 348.3333333333333 300.6666666666667 345.0 227.33333333333334 383.6666666666667 245.33333333333334 352.6666666666667 261.3333333333333 347.3333333333333 274.0 343.0 201.66666666666666 394.3333333333333 215.66666666666666 362.6666666666667 233.0 357.6666666666667 247.66666666666666 354.3333333333333 176.33333333333334 414.3333333333333 185.66666666666666 389.3333333333333 200.0 384.6666666666667 213.0 382.3333333333333 
213.0 482.3333333333333 248.33333333333334 468.6666666666667 280.0 443.3333333333333 306.3333333333333 426.6666666666667 330.6666666666667 412.3333333333333 251.0 384.0 267.3333333333333 343.3333333333333 280.3333333333333 321.3333333333333 294.0 302.6666666666667 226.66666666666666 383.6666666666667 238.0 338.6666666666667 251.0 312.0 265.3333333333333 290.6666666666667 201.66666666666666 394.0 206.66666666666666 349.0 219.33333333333334 323.6666666666667 235.0 304.0 176.33333333333334 413.6666666666667 175.0 379.6666666666667 182.0 359.6666666666667 192.66666666666666 343.6666666666667 
210.66666666666666 483.3333333333333 248.66666666666666 469.0 281.0 445.0 308.0 428.6666666666667 333.6666666666667 416.6666666666667 252.0 380.3333333333333 266.0 336.3333333333333 276.3333333333333 311.3333333333333 286.6666666666667 289.0 227.66666666666666 379.6666666666667 237.0 330.3333333333333 247.33333333333334 300.0 258.3333333333333 274.0 202.66666666666666 390.0 206.33333333333334 342.0 216.33333333333334 313.0 228.33333333333334 288.3333333333333 177.33333333333334 409.6666666666667 174.33333333333334 373.3333333333333 178.33333333333334 349.6666666666667 185.0 328.0 
210.0 486.6666666666667 249.66666666666666 471.0 282.6666666666667 448.3333333333333 309.6666666666667 432.0 334.6666666666667 421.6666666666667 252.33333333333334 378.3333333333333 263.6666666666667 332.3333333333333 270.3333333333333 305.3333333333333 277.3333333333333 280.3333333333333 228.33333333333334 377.6666666666667 235.0 326.0 242.66666666666666 293.3333333333333 250.0 265.3333333333333 203.66666666666666 388.0 206.0 338.3333333333333 213.66666666666666 308.3333333333333 223.0 282.3333333333333 179.0 407.0 174.66666666666666 369.3333333333333 176.33333333333334 344.0 180.33333333333334 320.6666666666667 
210.66666666666666 489.3333333333333 250.33333333333334 473.3333333333333 282.6666666666667 452.3333333333333 308.0 437.3333333333333 330.3333333333333 429.3333333333333 253.33333333333334 377.3333333333333 262.3333333333333 330.0 268.0 302.0 273.6666666666667 276.3333333333333 230.0 377.3333333333333 235.33333333333334 324.6666666666667 241.33333333333334 291.0 247.33333333333334 262.0 206.33333333333334 388.0 208.0 337.3333333333333 214.66666666666666 306.6666666666667 222.66666666666666 279.6666666666667 182.33333333333334 407.3333333333333 177.33333333333334 368.6666666666667 178.66666666666666 342.6666666666667 181.66666666666666 318.3333333333333 
213.66666666666666 491.6666666666667 251.0 475.6666666666667 281.0 455.6666666666667 304.3333333333333 442.3333333333333 321.3333333333333 437.6666666666667 254.66666666666666 377.3333333333333 262.3333333333333 329.0 267.3333333333333 301.0 272.6666666666667 275.0 232.0 378.0 237.0 324.6666666666667 242.33333333333334 290.6666666666667 248.0 261.0 209.0 389.0 210.66666666666666 337.6666666666667 216.66666666666666 306.6666666666667 224.0 279.3333333333333 185.66666666666666 408.6666666666667 181.0 369.6666666666667 181.66666666666666 343.3333333333333 184.0 319.0 
215.33333333333334 494.3333333333333 250.33333333333334 477.6666666666667 278.6666666666667 458.0 299.6666666666667 446.3333333333333 309.3333333333333 443.0 255.66666666666666 378.3333333333333 263.0 329.6666666666667 268.0 301.3333333333333 273.0 275.3333333333333 233.33333333333334 379.3333333333333 238.66666666666666 325.6666666666667 244.0 291.6666666666667 250.0 261.6666666666667 211.0 390.6666666666667 212.66666666666666 339.0 218.66666666666666 307.3333333333333 225.66666666666666 279.6666666666667 188.0 410.6666666666667 183.66666666666666 371.6666666666667 184.0 345.3333333333333 186.0 320.6666666666667 
217.33333333333334 497.0 250.66666666666666 480.0 278.0 459.3333333333333 297.3333333333333 447.3333333333333 299.3333333333333 445.0 257.0 379.6666666666667 264.6666666666667 330.6666666666667 270.0 302.0 275.3333333333333 276.0 235.0 380.6666666666667 241.0 326.6666666666667 246.66666666666666 292.3333333333333 253.0 262.6666666666667 212.66666666666666 392.0 214.66666666666666 339.6666666666667 221.0 307.6666666666667 228.66666666666666 280.0 189.66666666666666 411.6666666666667 185.33333333333334 372.6666666666667 185.66666666666666 346.0 187.66666666666666 321.6666666666667 
219.0 498.3333333333333 252.33333333333334 481.0 279.3333333333333 460.0 297.0 447.3333333333333 292.6666666666667 445.0 259.3333333333333 380.3333333333333 267.3333333333333 331.6666666666667 273.0 303.0 278.3333333333333 277.3333333333333 237.33333333333334 381.3333333333333 244.0 327.3333333333333 250.33333333333334 293.3333333333333 257.3333333333333 264.0 215.33333333333334 392.6666666666667 217.33333333333334 340.3333333333333 224.0 308.3333333333333 232.66666666666666 280.6666666666667 192.66666666666666 412.0 188.33333333333334 373.0 188.66666666666666 346.0 191.0 321.6666666666667 
221.33333333333334 497.3333333333333 255.33333333333334 480.3333333333333 282.0 459.3333333333333 297.6666666666667 445.0 288.3333333333333 443.6666666666667 263.0 379.6666666666667 270.6666666666667 331.3333333333333 276.6666666666667 303.0 282.3333333333333 277.6666666666667 241.0 380.6666666666667 248.0 327.0 255.0 293.3333333333333 262.6666666666667 264.3333333333333 219.0 391.3333333333333 221.33333333333334 339.3333333333333 228.33333333333334 308.0 238.0 281.0 196.66666666666666 410.3333333333333 192.33333333333334 371.3333333333333 193.0 344.6666666666667 195.66666666666666 320.3333333333333 
223.0 495.0 257.3333333333333 478.0 284.0 457.6666666666667 298.6666666666667 442.6666666666667 288.6666666666667 441.3333333333333 266.3333333333333 377.6666666666667 274.3333333333333 330.0 280.6666666666667 302.0 286.6666666666667 277.0 244.33333333333334 378.6666666666667 251.33333333333334 325.6666666666667 259.6666666666667 292.6666666666667 268.6666666666667 264.0 222.33333333333334 389.3333333333333 225.33333333333334 337.6666666666667 233.33333333333334 307.0 244.0 280.6666666666667 200.0 408.3333333333333 196.0 369.6666666666667 197.0 343.0 200.33333333333334 318.6666666666667 
222.66666666666666 492.6666666666667 258.0 475.6666666666667 285.3333333333333 455.6666666666667 300.6666666666667 440.6666666666667 296.3333333333333 436.6666666666667 268.3333333333333 376.3333333333333 277.0 329.0 284.0 301.3333333333333 291.3333333333333 276.3333333333333 246.66666666666666 377.3333333333333 254.0 325.0 263.6666666666667 292.0 273.6666666666667 263.6666666666667 224.33333333333334 387.6666666666667 228.33333333333334 336.6666666666667 238.0 306.6666666666667 249.66666666666666 281.0 202.0 406.6666666666667 198.0 368.3333333333333 200.0 342.0 203.33333333333334 317.3333333333333 
221.33333333333334 490.6666666666667 258.6666666666667 473.3333333333333 286.6666666666667 452.0 304.3333333333333 436.6666666666667 309.3333333333333 429.3333333333333 269.0 376.0 278.6666666666667 329.0 286.3333333333333 302.0 294.6666666666667 277.0 247.66666666666666 376.6666666666667 256.0 325.3333333333333 266.6666666666667 293.3333333333333 278.0 265.0 225.33333333333334 387.3333333333333 230.0 337.0 241.66666666666666 308.3333333333333 254.33333333333334 283.0 202.66666666666666 406.3333333333333 199.0 368.6666666666667 201.33333333333334 342.6666666666667 204.33333333333334 318.3333333333333 
218.33333333333334 489.0 258.0 470.6666666666667 287.0 446.6666666666667 306.3333333333333 430.3333333333333 321.6666666666667 418.6666666666667 268.0 377.3333333333333 278.3333333333333 330.6666666666667 286.6666666666667 304.3333333333333 296.0 279.6666666666667 247.33333333333334 377.6666666666667 257.0 327.6666666666667 268.3333333333333 296.6666666666667 280.3333333333333 268.3333333333333 225.0 388.6666666666667 230.66666666666666 339.3333333333333 243.0 311.6666666666667 256.3333333333333 286.3333333333333 202.33333333333334 407.6666666666667 199.0 371.3333333333333 201.66666666666666 346.0 204.0 321.6666666666667 
217.33333333333334 489.0 257.3333333333333 468.6666666666667 285.3333333333333 440.3333333333333 305.0 421.3333333333333 325.6666666666667 408.0 266.3333333333333 379.6666666666667 277.6666666666667 333.3333333333333 286.3333333333333 307.3333333333333 296.0 283.0 246.33333333333334 380.3333333333333 257.0 331.6666666666667 269.0 302.0 282.0 273.6666666666667 224.66666666666666 392.0 230.66666666666666 343.6666666666667 243.0 316.6666666666667 256.6666666666667 291.0 202.0 411.0 198.66666666666666 376.3333333333333 201.0 351.3333333333333 203.33333333333334 327.0 
217.66666666666666 490.6666666666667 256.0 467.6666666666667 282.0 436.0 301.0 415.3333333333333 324.6666666666667 401.0 264.3333333333333 382.3333333333333 276.6666666666667 336.6666666666667 286.0 311.0 296.3333333333333 287.3333333333333 245.0 384.0 256.3333333333333 336.3333333333333 269.3333333333333 307.3333333333333 283.6666666666667 280.3333333333333 223.66666666666666 396.3333333333333 230.33333333333334 349.0 243.33333333333334 322.6666666666667 258.3333333333333 297.6666666666667 201.66666666666666 416.0 198.0 382.3333333333333 200.33333333333334 357.3333333333333 203.33333333333334 332.6666666666667 
219.33333333333334 493.3333333333333 256.0 468.6666666666667 279.3333333333333 434.6666666666667 297.3333333333333 412.6666666666667 321.0 398.6666666666667 263.0 385.3333333333333 276.0 339.6666666666667 285.6666666666667 314.3333333333333 296.3333333333333 291.3333333333333 244.33333333333334 388.0 255.66666666666666 341.0 270.0 313.0 285.3333333333333 287.0 223.33333333333334 401.0 230.0 355.0 244.66666666666666 329.6666666666667 261.0 305.6666666666667 202.33333333333334 421.3333333333333 198.33333333333334 388.0 200.66666666666666 363.0 204.33333333333334 338.0 
220.66666666666666 495.3333333333333 256.6666666666667 469.6666666666667 278.6666666666667 435.0 295.6666666666667 413.0 318.6666666666667 399.0 262.6666666666667 387.6666666666667 275.3333333333333 343.0 285.3333333333333 318.0 296.6666666666667 296.0 244.66666666666666 390.6666666666667 256.3333333333333 344.6666666666667 272.3333333333333 318.3333333333333 289.0 294.0 224.33333333333334 404.0 231.66666666666666 359.6666666666667 248.33333333333334 335.6666666666667 266.3333333333333 313.3333333333333 204.0 425.0 200.33333333333334 392.3333333333333 203.66666666666666 367.6666666666667 208.33333333333334 343.6666666666667 
222.66666666666666 495.0 259.0 470.0 280.6666666666667 435.6666666666667 297.0 414.3333333333333 319.3333333333333 401.6666666666667 262.6666666666667 387.6666666666667 275.3333333333333 345.0 287.0 321.0 300.0 301.0 246.33333333333334 391.3333333333333 258.0 347.3333333333333 276.3333333333333 323.0 295.0 301.0 227.66666666666666 404.6666666666667 236.33333333333334 362.6666666666667 254.66666666666666 340.3333333333333 274.3333333333333 320.0 208.66666666666666 425.3333333333333 206.33333333333334 395.0 211.66666666666666 371.6666666666667 218.33333333333334 349.6666666666667 
227.0 490.0 264.0 466.3333333333333 285.6666666666667 433.6666666666667 302.0 414.0 323.6666666666667 403.0 263.0 384.3333333333333 277.3333333333333 346.3333333333333 293.3333333333333 325.0 309.6666666666667 308.6666666666667 249.0 387.3333333333333 264.3333333333333 347.0 286.6666666666667 326.0 308.6666666666667 309.3333333333333 234.66666666666666 398.3333333333333 249.0 361.3333333333333 270.3333333333333 342.0 292.3333333333333 326.3333333333333 220.66666666666666 416.0 226.0 388.6666666666667 236.0 369.3333333333333 246.66666666666666 352.3333333333333 
232.33333333333334 477.6666666666667 272.0 453.3333333333333 296.0 421.3333333333333 314.6666666666667 403.0 335.0 391.6666666666667 263.3333333333333 372.0 287.3333333333333 339.6666666666667 312.3333333333333 325.3333333333333 334.3333333333333 317.3333333333333 251.66666666666666 378.0 278.3333333333333 343.0 307.6666666666667 329.0 333.3333333333333 322.0 242.66666666666666 392.0 268.3333333333333 360.0 296.0 347.0 320.3333333333333 339.0 236.33333333333334 411.3333333333333 253.66666666666666 387.6666666666667 271.6666666666667 373.6666666666667 288.3333333333333 364.0 
235.66666666666666 461.3333333333333 269.6666666666667 431.0 295.0 398.3333333333333 317.0 379.6666666666667 337.6666666666667 368.0 268.3333333333333 356.6666666666667 305.0 331.0 337.0 322.6666666666667 362.3333333333333 321.3333333333333 263.0 364.6666666666667 302.6666666666667 336.3333333333333 337.3333333333333 329.3333333333333 364.0 329.6666666666667 261.3333333333333 380.3333333333333 299.3333333333333 355.3333333333333 330.6666666666667 349.0 354.3333333333333 347.6666666666667 264.0 400.6666666666667 293.6666666666667 381.3333333333333 316.0 372.6666666666667 334.6666666666667 369.0 
237.66666666666666 444.3333333333333 259.3333333333333 406.6666666666667 284.6666666666667 372.0 309.3333333333333 353.3333333333333 331.0 343.6666666666667 282.0 341.3333333333333 326.0 317.3333333333333 361.6666666666667 307.6666666666667 389.3333333333333 305.3333333333333 283.0 353.0 330.3333333333333 326.6666666666667 367.6666666666667 318.0 395.3333333333333 316.6666666666667 287.3333333333333 371.3333333333333 332.6666666666667 347.0 366.3333333333333 339.0 390.3333333333333 335.6666666666667 294.6666666666667 394.3333333333333 331.6666666666667 375.0 357.3333333333333 364.6666666666667 378.0 359.3333333333333 
291.6666666666667 379.0 302.3333333333333 338.6666666666667 324.3333333333333 306.6666666666667 348.3333333333333 290.3333333333333 369.6666666666667 285.6666666666667 346.3333333333333 290.3333333333333 394.0 272.3333333333333 427.0 264.0 451.3333333333333 261.3333333333333 353.3333333333333 305.3333333333333 404.0 287.0 436.6666666666667 282.0 458.3333333333333 281.0 360.3333333333333 324.3333333333333 407.3333333333333 307.6666666666667 431.6666666666667 303.3333333333333 447.0 300.6666666666667 366.6666666666667 346.3333333333333 404.0 331.6666666666667 420.6666666666667 324.0 432.3333333333333 319.0 
347.3333333333333 316.6666666666667 355.0 278.3333333333333 375.0 249.66666666666666 398.3333333333333 237.0 417.6666666666667 237.66666666666666 408.0 242.66666666666666 455.0 228.0 485.3333333333333 221.0 507.3333333333333 218.0 416.0 260.6666666666667 466.0 249.33333333333334 488.3333333333333 248.66666666666666 500.3333333333333 248.66666666666666 422.3333333333333 281.6666666666667 467.0 271.0 480.0 269.3333333333333 484.6666666666667 266.6666666666667 425.6666666666667 303.6666666666667 461.0 292.3333333333333 469.6666666666667 286.6666666666667 472.6666666666667 282.0 
402.0 259.0 413.0 222.66666666666666 433.0 197.33333333333334 456.6666666666667 188.33333333333334 474.6666666666667 192.66666666666666 460.0 197.0 509.0 186.66666666666666 536.0 186.33333333333334 554.0 187.33333333333334 468.6666666666667 218.0 519.3333333333334 215.0 528.3333333333334 225.0 527.0 231.33333333333334 473.0 241.66666666666666 516.0 239.0 516.6666666666666 246.0 508.6666666666667 249.0 473.3333333333333 264.3333333333333 507.0 259.6666666666667 509.6666666666667 258.3333333333333 506.3333333333333 256.6666666666667 
403.6666666666667 256.6666666666667 414.3333333333333 220.0 436.0 195.33333333333334 461.3333333333333 188.66666666666666 480.3333333333333 195.33333333333334 460.6666666666667 195.0 506.6666666666667 182.33333333333334 531.6666666666666 181.33333333333334 548.3333333333334 181.66666666666666 469.6666666666667 215.66666666666666 517.6666666666666 213.0 518.3333333333334 223.33333333333334 510.3333333333333 229.0 474.0 239.0 515.0 237.0 511.0 243.33333333333334 499.3333333333333 245.66666666666666 474.3333333333333 261.3333333333333 508.0 258.0 509.6666666666667 256.0 505.0 253.0 
405.0 256.6666666666667 415.6666666666667 220.0 438.6666666666667 196.0 465.3333333333333 191.66666666666666 485.6666666666667 199.0 458.3333333333333 195.0 502.6666666666667 179.33333333333334 526.0 177.66666666666666 541.0 177.66666666666666 467.6666666666667 216.0 516.6666666666666 211.66666666666666 521.0 218.0 516.0 220.66666666666666 472.0 239.0 515.0 236.0 515.6666666666666 239.33333333333334 508.0 239.33333333333334 472.3333333333333 261.0 507.6666666666667 257.6666666666667 513.3333333333334 253.33333333333334 512.3333333333334 247.66666666666666 
407.0 257.6666666666667 417.3333333333333 222.33333333333334 441.0 199.66666666666666 468.0 196.33333333333334 488.6666666666667 202.33333333333334 456.0 196.0 500.3333333333333 179.66666666666666 522.6666666666666 178.66666666666666 535.3333333333334 180.66666666666666 464.3333333333333 217.0 515.6666666666666 211.66666666666666 525.0 216.66666666666666 523.0 219.0 469.0 240.33333333333334 513.3333333333334 237.33333333333334 513.6666666666666 240.0 506.0 239.66666666666666 470.0 262.3333333333333 505.0 258.6666666666667 507.0 255.66666666666666 502.3333333333333 251.33333333333334 
408.3333333333333 260.0 419.3333333333333 226.0 444.6666666666667 204.33333333333334 473.3333333333333 202.0 495.0 207.0 454.3333333333333 198.33333333333334 500.0 182.0 522.0 182.0 532.3333333333334 185.33333333333334 461.6666666666667 219.66666666666666 515.6666666666666 215.0 526.0 219.66666666666666 524.3333333333334 221.33333333333334 466.3333333333333 243.33333333333334 512.6666666666666 241.0 511.6666666666667 243.66666666666666 503.0 242.66666666666666 468.3333333333333 265.6666666666667 503.6666666666667 261.6666666666667 503.0 260.0 496.3333333333333 256.6666666666667 
408.3333333333333 264.0 419.3333333333333 230.33333333333334 446.0 209.66666666666666 475.6666666666667 208.66666666666666 498.6666666666667 214.33333333333334 454.0 201.66666666666666 501.3333333333333 187.0 522.6666666666666 188.0 531.3333333333334 192.0 460.6666666666667 223.0 515.3333333333334 220.33333333333334 517.3333333333334 228.33333333333334 509.0 231.33333333333334 465.6666666666667 247.0 510.6666666666667 247.0 501.6666666666667 251.66666666666666 487.6666666666667 252.0 468.0 269.6666666666667 501.0 267.0 493.6666666666667 268.3333333333333 482.6666666666667 267.6666666666667 
407.0 267.6666666666667 417.0 234.0 439.6666666666667 211.0 467.0 206.33333333333334 489.0 210.33333333333334 455.6666666666667 206.0 503.0 193.0 522.6666666666666 194.33333333333334 529.3333333333334 198.0 462.3333333333333 227.66666666666666 516.6666666666666 228.0 516.6666666666666 236.0 507.3333333333333 238.33333333333334 467.0 251.33333333333334 510.6666666666667 254.0 500.6666666666667 258.0 486.3333333333333 257.6666666666667 468.3333333333333 274.6666666666667 498.6666666666667 273.6666666666667 489.3333333333333 275.3333333333333 477.0 275.3333333333333 
404.3333333333333 272.0 412.0 237.66666666666666 430.0 210.33333333333334 455.3333333333333 200.0 476.6666666666667 206.0 456.3333333333333 210.66666666666666 503.3333333333333 200.0 521.3333333333334 201.33333333333334 528.0 204.66666666666666 463.3333333333333 232.33333333333334 514.6666666666666 233.0 512.0 241.0 500.6666666666667 243.66666666666666 467.3333333333333 256.0 507.6666666666667 259.6666666666667 497.0 263.3333333333333 482.3333333333333 263.0 467.3333333333333 279.3333333333333 495.6666666666667 279.6666666666667 485.6666666666667 281.0 473.0 280.6666666666667 
400.3333333333333 276.0 406.0 241.33333333333334 419.0 209.66666666666666 442.6666666666667 193.0 462.6666666666667 198.66666666666666 455.3333333333333 214.66666666666666 501.3333333333333 206.66666666666666 517.3333333333334 209.33333333333334 523.3333333333334 213.33333333333334 462.3333333333333 236.66666666666666 511.6666666666667 237.0 509.3333333333333 244.66666666666666 498.6666666666667 248.0 465.6666666666667 260.6666666666667 504.3333333333333 264.3333333333333 494.3333333333333 267.6666666666667 479.6666666666667 267.6666666666667 465.0 284.3333333333333 493.3333333333333 284.6666666666667 483.0 285.3333333333333 469.6666666666667 284.6666666666667 
395.0 281.3333333333333 400.0 245.33333333333334 414.0 212.66666666666666 439.0 195.0 460.3333333333333 203.0 452.0 218.66666666666666 497.3333333333333 212.66666666666666 514.3333333333334 215.33333333333334 523.0 219.33333333333334 459.0 240.66666666666666 506.3333333333333 240.0 500.6666666666667 248.66666666666666 487.3333333333333 253.0 461.6666666666667 265.0 499.6666666666667 267.6666666666667 489.0 272.3333333333333 473.6666666666667 272.6666666666667 460.6666666666667 289.0 490.3333333333333 289.0 479.0 290.0 465.0 289.0 
390.0 285.0 395.6666666666667 248.66666666666666 410.0 217.0 434.6666666666667 200.0 456.3333333333333 207.0 448.0 222.66666666666666 493.0 216.66666666666666 512.3333333333334 218.66666666666666 523.3333333333334 222.0 455.0 244.33333333333334 502.6666666666667 243.66666666666666 497.6666666666667 252.33333333333334 485.0 257.0 457.3333333333333 268.6666666666667 496.6666666666667 271.3333333333333 486.3333333333333 275.6666666666667 471.0 276.3333333333333 456.0 293.0 486.3333333333333 293.0 475.3333333333333 293.3333333333333 461.0 292.0 
386.6666666666667 288.0 393.6666666666667 251.66666666666666 409.3333333333333 221.66666666666666 433.3333333333333 206.66666666666666 454.0 212.66666666666666 445.0 226.33333333333334 489.3333333333333 218.66666666666666 510.3333333333333 220.0 522.0 223.33333333333334 452.0 247.66666666666666 499.3333333333333 246.66666666666666 495.6666666666667 255.33333333333334 483.3333333333333 260.0 454.3333333333333 271.6666666666667 494.6666666666667 274.0 484.6666666666667 278.3333333333333 469.6666666666667 279.0 452.0 296.0 483.0 296.3333333333333 472.6666666666667 296.0 458.0 294.3333333333333 
385.6666666666667 290.0 394.3333333333333 254.33333333333334 410.6666666666667 225.33333333333334 435.0 211.33333333333334 455.0 217.33333333333334 443.3333333333333 228.33333333333334 487.3333333333333 219.33333333333334 505.3333333333333 223.33333333333334 513.0 228.66666666666666 450.6666666666667 249.33333333333334 498.3333333333333 248.33333333333334 495.3333333333333 257.3333333333333 483.6666666666667 262.3333333333333 453.3333333333333 273.6666666666667 493.6666666666667 276.3333333333333 484.0 280.3333333333333 469.6666666666667 281.6666666666667 451.3333333333333 297.6666666666667 481.6666666666667 298.0 471.6666666666667 297.6666666666667 457.6666666666667 296.0 
386.0 291.0 395.6666666666667 255.66666666666666 413.0 227.33333333333334 437.6666666666667 214.33333333333334 456.6666666666667 219.66666666666666 443.0 229.0 486.6666666666667 219.66666666666666 500.3333333333333 226.66666666666666 503.0 234.0 450.6666666666667 250.33333333333334 498.6666666666667 249.0 495.6666666666667 258.6666666666667 484.3333333333333 263.6666666666667 454.0 274.6666666666667 493.6666666666667 277.0 484.0 281.6666666666667 470.3333333333333 283.3333333333333 452.3333333333333 298.6666666666667 481.6666666666667 298.6666666666667 471.6666666666667 298.6666666666667 458.6666666666667 297.6666666666667 
387.0 291.0 397.0 256.3333333333333 415.0 227.66666666666666 440.3333333333333 214.66666666666666 459.6666666666667 220.0 443.3333333333333 229.0 487.3333333333333 220.0 498.0 228.66666666666666 497.6666666666667 236.66666666666666 451.6666666666667 250.66666666666666 500.0 249.0 496.3333333333333 258.6666666666667 485.0 264.0 455.0 275.0 494.0 277.0 484.3333333333333 282.0 471.3333333333333 283.6666666666667 453.6666666666667 299.0 482.3333333333333 298.6666666666667 472.0 299.3333333333333 460.0 298.6666666666667 
388.3333333333333 290.0 398.3333333333333 255.0 417.3333333333333 226.66666666666666 443.3333333333333 215.0 462.3333333333333 220.66666666666666 444.3333333333333 229.0 489.3333333333333 219.0 502.0 225.33333333333334 503.3333333333333 232.0 452.6666666666667 251.0 501.3333333333333 249.0 497.0 257.6666666666667 485.3333333333333 262.6666666666667 456.0 275.0 494.6666666666667 276.6666666666667 484.6666666666667 281.3333333333333 471.3333333333333 283.0 454.3333333333333 298.6666666666667 482.6666666666667 298.6666666666667 472.0 299.0 460.0 298.6666666666667 
389.6666666666667 289.0 399.3333333333333 254.0 418.6666666666667 225.0 445.6666666666667 213.66666666666666 465.0 219.66666666666666 446.0 228.66666666666666 491.6666666666667 217.33333333333334 505.0 222.33333333333334 507.3333333333333 228.66666666666666 454.0 250.33333333333334 502.6666666666667 248.66666666666666 497.6666666666667 256.6666666666667 486.0 261.6666666666667 457.0 274.3333333333333 495.0 276.0 484.6666666666667 280.3333333333333 471.3333333333333 282.0 455.0 297.6666666666667 482.6666666666667 297.6666666666667 472.0 298.3333333333333 460.0 298.0 
391.0 287.6666666666667 400.6666666666667 252.0 419.6666666666667 222.66666666666666 447.0 211.66666666666666 467.0 219.33333333333334 447.3333333333333 227.33333333333334 493.3333333333333 214.66666666666666 507.0 219.0 509.3333333333333 225.66666666666666 455.0 249.0 504.3333333333333 247.66666666666666 499.0 255.33333333333334 487.3333333333333 260.3333333333333 458.0 273.0 495.3333333333333 274.6666666666667 484.6666666666667 279.0 471.0 280.6666666666667 456.0 296.0 482.6666666666667 296.0 472.3333333333333 296.3333333333333 460.3333333333333 296.3333333333333 
392.0 285.6666666666667 402.0 249.66666666666666 421.0 220.33333333333334 448.6666666666667 210.0 469.0 218.0 449.0 225.66666666666666 494.3333333333333 212.33333333333334 506.6666666666667 217.33333333333334 508.0 224.66666666666666 456.3333333333333 247.0 506.0 246.0 500.0 254.33333333333334 488.0 259.0 459.0 271.3333333333333 496.3333333333333 273.3333333333333 485.3333333333333 277.6666666666667 472.0 279.3333333333333 456.6666666666667 294.3333333333333 483.0 294.3333333333333 473.0 294.6666666666667 461.0 294.6666666666667 
393.0 283.6666666666667 404.0 247.0 424.3333333333333 219.0 452.0 210.66666666666666 473.0 219.0 450.6666666666667 223.66666666666666 495.6666666666667 210.66666666666666 508.0 216.0 509.6666666666667 223.0 458.0 245.33333333333334 507.6666666666667 244.66666666666666 501.0 253.33333333333334 488.3333333333333 257.6666666666667 460.3333333333333 269.6666666666667 497.6666666666667 271.6666666666667 486.3333333333333 276.3333333333333 473.0 278.0 457.6666666666667 292.6666666666667 484.0 293.0 474.0 293.0 462.0 293.0 
393.6666666666667 282.0 406.0 244.66666666666666 428.3333333333333 219.0 456.3333333333333 213.0 477.3333333333333 220.66666666666666 452.6666666666667 222.33333333333334 497.3333333333333 209.66666666666666 509.3333333333333 215.66666666666666 511.3333333333333 222.66666666666666 459.6666666666667 243.66666666666666 508.6666666666667 243.66666666666666 501.6666666666667 253.0 488.6666666666667 257.0 462.0 268.0 499.0 270.6666666666667 487.3333333333333 275.3333333333333 474.3333333333333 277.0 459.0 291.0 485.0 292.0 474.6666666666667 292.3333333333333 463.0 292.0 
394.6666666666667 281.0 408.0 243.66666666666666 431.6666666666667 220.33333333333334 459.3333333333333 216.33333333333334 480.6666666666667 224.0 453.6666666666667 221.33333333333334 498.6666666666667 208.66666666666666 512.3333333333334 214.0 516.6666666666666 220.33333333333334 461.0 242.33333333333334 509.6666666666667 243.0 503.0 252.66666666666666 490.3333333333333 256.6666666666667 463.3333333333333 266.3333333333333 499.6666666666667 269.6666666666667 488.0 274.6666666666667 475.0 276.0 460.6666666666667 289.3333333333333 485.6666666666667 291.0 475.0 291.6666666666667 463.6666666666667 291.0 
396.0 280.3333333333333 410.3333333333333 243.33333333333334 435.0 222.66666666666666 462.0 220.66666666666666 482.6666666666667 229.33333333333334 454.6666666666667 221.0 499.3333333333333 207.66666666666666 514.3333333333334 213.0 520.0 219.0 462.0 241.33333333333334 510.3333333333333 242.66666666666666 504.3333333333333 252.66666666666666 492.0 256.6666666666667 464.3333333333333 265.3333333333333 500.3333333333333 269.6666666666667 489.0 274.6666666666667 476.0 275.6666666666667 462.0 288.3333333333333 486.3333333333333 290.6666666666667 475.6666666666667 291.6666666666667 464.6666666666667 290.6666666666667 
397.0 280.3333333333333 411.0 243.66666666666666 435.6666666666667 223.33333333333334 462.3333333333333 222.0 483.0 231.0 455.3333333333333 221.0 499.6666666666667 207.33333333333334 517.6666666666666 210.33333333333334 526.6666666666666 214.66666666666666 463.0 241.0 511.0 242.66666666666666 505.0 252.33333333333334 492.3333333333333 256.3333333333333 465.0 265.0 501.0 269.6666666666667 490.0 274.6666666666667 476.6666666666667 275.6666666666667 463.0 288.0 486.6666666666667 291.0 476.3333333333333 292.0 465.0 291.0 
396.6666666666667 280.3333333333333 409.0 244.33333333333334 430.6666666666667 221.33333333333334 456.3333333333333 216.0 476.0 223.33333333333334 455.3333333333333 221.0 499.3333333333333 208.33333333333334 516.6666666666666 211.33333333333334 525.6666666666666 215.33333333333334 463.0 241.66666666666666 510.6666666666667 243.66666666666666 505.0 253.0 492.3333333333333 257.0 465.3333333333333 265.6666666666667 501.3333333333333 270.3333333333333 490.3333333333333 275.0 476.6666666666667 276.3333333333333 463.0 288.6666666666667 486.3333333333333 291.6666666666667 476.3333333333333 292.6666666666667 464.6666666666667 291.6666666666667 
395.0 281.0 405.0 245.0 423.0 217.0 449.3333333333333 207.0 469.3333333333333 214.33333333333334 454.0 221.0 498.0 209.66666666666666 513.0 213.0 519.6666666666666 217.66666666666666 462.0 242.33333333333334 509.6666666666667 244.0 503.3333333333333 253.0 490.0 256.6666666666667 464.3333333333333 266.3333333333333 501.0 270.6666666666667 489.3333333333333 275.3333333333333 475.0 276.6666666666667 461.6666666666667 289.6666666666667 485.6666666666667 292.3333333333333 475.3333333333333 293.0 463.0 292.0 
393.3333333333333 281.3333333333333 401.3333333333333 245.66666666666666 416.6666666666667 213.66666666666666 443.3333333333333 199.66666666666666 463.6666666666667 208.0 452.3333333333333 221.0 496.3333333333333 211.0 507.3333333333333 216.0 510.0 222.0 460.0 243.33333333333334 508.3333333333333 244.0 501.6666666666667 252.66666666666666 488.3333333333333 256.3333333333333 462.6666666666667 267.3333333333333 500.3333333333333 271.0 488.3333333333333 275.3333333333333 473.6666666666667 276.6666666666667 459.6666666666667 291.0 485.0 292.6666666666667 474.0 293.0 461.3333333333333 291.6666666666667 
391.6666666666667 282.3333333333333 398.6666666666667 246.33333333333334 414.3333333333333 213.33333333333334 442.3333333333333 199.33333333333334 463.6666666666667 210.33333333333334 450.3333333333333 221.33333333333334 493.6666666666667 211.66666666666666 501.3333333333333 218.33333333333334 500.0 225.33333333333334 458.0 243.66666666666666 506.0 243.33333333333334 499.3333333333333 252.0 486.0 256.0 460.6666666666667 267.3333333333333 499.6666666666667 271.3333333333333 487.3333333333333 275.6666666666667 472.6666666666667 276.6666666666667 458.3333333333333 291.3333333333333 485.0 293.0 473.3333333333333 293.0 460.0 291.6666666666667 
388.6666666666667 284.0 394.6666666666667 247.66666666666666 411.0 215.0 439.3333333333333 200.66666666666666 461.0 212.0 446.0 222.0 490.6666666666667 212.33333333333334 503.3333333333333 217.0 506.6666666666667 222.33333333333334 453.6666666666667 243.66666666666666 503.0 244.0 498.0 252.66666666666666 485.3333333333333 257.0 457.0 267.0 499.0 271.6666666666667 487.6666666666667 276.3333333333333 472.3333333333333 277.0 455.6666666666667 290.6666666666667 484.6666666666667 293.6666666666667 473.0 294.0 458.6666666666667 292.0 
380.3333333333333 289.0 385.6666666666667 252.33333333333334 402.3333333333333 221.0 429.3333333333333 205.66666666666666 451.3333333333333 213.33333333333334 435.0 223.0 482.6666666666667 213.33333333333334 502.3333333333333 216.66666666666666 512.3333333333334 221.0 443.0 243.0 496.0 244.0 496.6666666666667 255.0 486.6666666666667 260.3333333333333 447.3333333333333 266.0 495.0 271.3333333333333 487.0 278.3333333333333 472.0 279.6666666666667 447.6666666666667 290.0 482.0 294.3333333333333 472.6666666666667 296.0 457.6666666666667 294.3333333333333 
366.6666666666667 300.3333333333333 373.0 263.3333333333333 391.6666666666667 232.66666666666666 419.0 217.33333333333334 442.3333333333333 220.66666666666666 413.6666666666667 227.33333333333334 465.0 213.33333333333334 494.3333333333333 213.0 513.3333333333334 216.0 420.6666666666667 245.33333333333334 477.3333333333333 241.66666666666666 490.3333333333333 251.66666666666666 490.0 258.3333333333333 426.6666666666667 268.0 478.6666666666667 267.0 484.0 274.0 478.6666666666667 277.3333333333333 430.3333333333333 292.0 469.3333333333333 291.6666666666667 470.3333333333333 294.0 463.6666666666667 294.0 
347.0 337.0 361.6666666666667 302.3333333333333 380.3333333333333 273.6666666666667 404.0 259.0 425.6666666666667 252.66666666666666 378.3333333333333 255.0 423.0 232.0 452.3333333333333 226.33333333333334 475.0 225.33333333333334 379.3333333333333 268.6666666666667 429.3333333333333 250.0 452.6666666666667 251.0 466.0 252.33333333333334 382.3333333333333 289.0 426.6666666666667 273.3333333333333 443.0 271.6666666666667 451.0 270.3333333333333 386.3333333333333 312.0 419.3333333333333 301.3333333333333 429.0 297.6666666666667 432.6666666666667 294.3333333333333 
330.3333333333333 381.3333333333333 352.3333333333333 354.0 369.3333333333333 328.6666666666667 389.3333333333333 316.3333333333333 408.0 305.6666666666667 349.3333333333333 296.0 381.0 264.3333333333333 405.0 251.66666666666666 425.3333333333333 243.66666666666666 344.3333333333333 304.6666666666667 379.0 272.6666666666667 405.0 261.3333333333333 425.3333333333333 253.66666666666666 341.6666666666667 320.6666666666667 371.6666666666667 291.3333333333333 394.0 279.0 412.0 270.3333333333333 342.6666666666667 341.0 364.3333333333333 319.6666666666667 380.0 308.3333333333333 393.0 299.6666666666667 
314.0 429.3333333333333 342.3333333333333 409.6666666666667 356.6666666666667 388.0 372.3333333333333 376.0 389.3333333333333 360.6666666666667 327.0 344.6666666666667 345.3333333333333 308.6666666666667 362.3333333333333 289.0 379.6666666666667 273.3333333333333 315.0 350.0 334.3333333333333 309.0 354.3333333333333 286.6666666666667 374.0 267.6666666666667 304.6666666666667 363.0 319.6666666666667 326.0 336.3333333333333 303.6666666666667 353.6666666666667 285.0 298.3333333333333 381.6666666666667 307.0 355.6666666666667 319.0 337.3333333333333 331.6666666666667 321.3333333333333 
299.6666666666667 460.0 327.0 446.0 342.0 425.3333333333333 358.0 412.0 377.3333333333333 397.6666666666667 318.3333333333333 379.0 331.3333333333333 341.6666666666667 343.6666666666667 318.3333333333333 356.3333333333333 298.6666666666667 304.0 383.0 315.6666666666667 341.0 330.0 314.3333333333333 344.0 290.3333333333333 289.0 394.0 298.0 355.6666666666667 310.3333333333333 330.3333333333333 323.6666666666667 308.0 276.3333333333333 411.6666666666667 279.3333333333333 383.6666666666667 287.6666666666667 363.6666666666667 297.3333333333333 345.6666666666667 
285.6666666666667 484.0 312.6666666666667 470.3333333333333 330.3333333333333 449.0 349.0 433.3333333333333 371.6666666666667 417.6666666666667 307.3333333333333 403.3333333333333 320.3333333333333 363.0 332.3333333333333 336.6666666666667 345.0 314.6666666666667 290.3333333333333 407.0 300.3333333333333 362.3333333333333 313.3333333333333 332.0 326.6666666666667 305.3333333333333 272.3333333333333 418.0 278.0 377.0 288.6666666666667 349.0 300.6666666666667 324.6666666666667 255.33333333333334 435.6666666666667 254.33333333333334 406.0 259.0 384.6666666666667 265.3333333333333 365.3333333333333 
269.3333333333333 500.3333333333333 299.3333333333333 487.3333333333333 321.6666666666667 465.6666666666667 344.0 449.3333333333333 369.0 433.6666666666667 299.6666666666667 419.3333333333333 313.6666666666667 375.6666666666667 325.0 347.6666666666667 336.6666666666667 324.0 281.3333333333333 421.3333333333333 290.6666666666667 374.6666666666667 303.0 342.0 315.0 313.6666666666667 260.6666666666667 431.6666666666667 265.0 388.0 275.6666666666667 359.0 287.3333333333333 333.6666666666667 240.33333333333334 448.6666666666667 237.33333333333334 416.6666666666667 240.0 393.6666666666667 244.0 373.3333333333333 
255.66666666666666 511.0 289.3333333333333 498.3333333333333 316.3333333333333 476.6666666666667 342.0 460.3333333333333 368.6666666666667 445.6666666666667 294.3333333333333 429.0 309.6666666666667 383.3333333333333 321.3333333333333 354.6666666666667 332.3333333333333 330.3333333333333 274.3333333333333 430.3333333333333 284.3333333333333 382.0 296.3333333333333 348.3333333333333 307.6666666666667 319.6666666666667 252.0 440.6666666666667 256.6666666666667 395.6666666666667 267.6666666666667 366.0 280.0 340.0 229.33333333333334 457.3333333333333 226.0 424.6666666666667 228.0 401.3333333333333 230.66666666666666 380.0 
245.66666666666666 522.3333333333334 282.3333333333333 509.0 312.6666666666667 486.0 340.6666666666667 469.6666666666667 368.0 456.6666666666667 292.3333333333333 438.3333333333333 308.3333333333333 391.3333333333333 320.0 362.3333333333333 330.3333333333333 337.6666666666667 270.6666666666667 438.6666666666667 281.0 389.0 292.3333333333333 355.0 302.6666666666667 326.3333333333333 246.33333333333334 449.0 252.33333333333334 403.0 263.0 373.0 275.0 346.3333333333333 221.66666666666666 465.3333333333333 218.0 432.3333333333333 219.66666666666666 408.6666666666667 222.0 387.3333333333333 
240.0 531.0 278.0 516.6666666666666 310.3333333333333 492.6666666666667 339.6666666666667 477.0 367.3333333333333 466.6666666666667 292.3333333333333 446.3333333333333 309.0 398.6666666666667 320.6666666666667 369.6666666666667 330.6666666666667 345.0 269.0 445.6666666666667 280.6666666666667 395.3333333333333 291.6666666666667 361.3333333333333 301.6666666666667 333.0 243.33333333333334 455.3333333333333 251.0 409.3333333333333 261.6666666666667 379.0 273.6666666666667 352.3333333333333 217.33333333333334 471.6666666666667 213.66666666666666 439.0 215.0 415.6666666666667 217.66666666666666 394.3333333333333 
241.33333333333334 540.0 278.3333333333333 523.3333333333334 308.0 498.3333333333333 333.6666666666667 481.3333333333333 357.3333333333333 469.6666666666667 294.3333333333333 454.0 311.6666666666667 405.6666666666667 323.3333333333333 376.3333333333333 333.6666666666667 351.6666666666667 270.0 452.6666666666667 282.3333333333333 401.3333333333333 293.3333333333333 367.0 303.0 338.3333333333333 243.33333333333334 462.0 251.0 415.6666666666667 261.3333333333333 384.6666666666667 273.0 357.6666666666667 216.0 478.3333333333333 211.0 445.3333333333333 212.0 421.6666666666667 215.0 400.3333333333333 
239.66666666666666 544.6666666666666 277.6666666666667 527.3333333333334 306.6666666666667 503.0 330.3333333333333 485.0 352.3333333333333 472.0 296.3333333333333 458.6666666666667 315.3333333333333 410.3333333333333 327.3333333333333 380.6666666666667 338.3333333333333 355.6666666666667 271.3333333333333 457.3333333333333 285.3333333333333 405.3333333333333 296.6666666666667 370.6666666666667 306.6666666666667 341.3333333333333 244.0 466.3333333333333 252.33333333333334 419.6666666666667 263.0 388.0 275.0 360.3333333333333 215.33333333333334 483.3333333333333 210.0 449.6666666666667 211.0 425.6666666666667 214.33333333333334 403.6666666666667 
241.33333333333334 550.0 278.3333333333333 532.3333333333334 305.3333333333333 507.6666666666667 325.0 487.3333333333333 343.6666666666667 471.6666666666667 298.6666666666667 461.6666666666667 318.3333333333333 412.6666666666667 331.3333333333333 383.0 343.0 357.6666666666667 273.3333333333333 460.0 287.3333333333333 407.0 298.6666666666667 372.0 309.3333333333333 342.3333333333333 245.33333333333334 469.3333333333333 253.66666666666666 421.6666666666667 264.3333333333333 389.3333333333333 276.6666666666667 361.3333333333333 215.66666666666666 486.6666666666667 210.0 452.0 211.0 427.3333333333333 214.33333333333334 404.6666666666667 
239.66666666666666 552.3333333333334 278.0 535.3333333333334 306.6666666666667 510.6666666666667 327.6666666666667 490.3333333333333 347.3333333333333 474.3333333333333 300.6666666666667 463.0 322.0 413.6666666666667 335.6666666666667 383.6666666666667 347.6666666666667 357.6666666666667 275.0 460.6666666666667 289.3333333333333 407.3333333333333 301.3333333333333 372.0 313.0 342.0 246.33333333333334 470.0 255.33333333333334 421.6666666666667 266.6666666666667 389.3333333333333 279.6666666666667 361.0 216.0 488.0 211.0 453.3333333333333 212.0 428.3333333333333 215.33333333333334 405.0 
242.33333333333334 556.0 280.3333333333333 537.6666666666666 308.3333333333333 510.6666666666667 327.3333333333333 488.0 345.3333333333333 469.3333333333333 304.0 465.3333333333333 325.6666666666667 415.3333333333333 339.6666666666667 385.0 351.6666666666667 358.6666666666667 278.0 462.3333333333333 291.6666666666667 408.6666666666667 304.0 373.0 316.3333333333333 342.6666666666667 248.66666666666666 471.6666666666667 257.3333333333333 423.3333333333333 269.3333333333333 390.3333333333333 283.3333333333333 361.6666666666667 218.0 489.6666666666667 213.0 455.0 214.0 429.6666666666667 217.66666666666666 405.6666666666667 
248.33333333333334 563.3333333333334 282.0 542.3333333333334 305.6666666666667 511.6666666666667 318.6666666666667 484.0 330.6666666666667 460.0 305.3333333333333 471.0 328.6666666666667 421.0 343.0 389.0 354.6666666666667 361.6666666666667 281.6666666666667 467.3333333333333 296.6666666666667 412.6666666666667 309.3333333333333 376.3333333333333 321.6666666666667 345.6666666666667 253.0 475.3333333333333 261.3333333333333 426.6666666666667 273.0 393.0 287.0 363.0 221.33333333333334 492.0 215.33333333333334 458.0 215.66666666666666 433.0 219.33333333333334 409.6666666666667 
246.66666666666666 567.3333333333334 282.3333333333333 545.0 308.3333333333333 512.0 322.6666666666667 481.0 334.6666666666667 454.3333333333333 309.3333333333333 477.0 333.0 427.0 347.3333333333333 394.3333333333333 358.6666666666667 366.3333333333333 286.0 473.3333333333333 301.6666666666667 418.6666666666667 314.3333333333333 382.3333333333333 326.6666666666667 351.0 256.3333333333333 480.6666666666667 264.6666666666667 432.6666666666667 276.6666666666667 398.6666666666667 290.3333333333333 368.3333333333333 223.0 496.0 216.66666666666666 462.3333333333333 216.66666666666666 437.6666666666667 220.0 415.0 
250.66666666666666 576.3333333333334 267.3333333333333 550.6666666666666 280.0 513.6666666666666 286.3333333333333 477.3333333333333 292.3333333333333 446.6666666666667 296.3333333333333 482.0 315.6666666666667 432.6666666666667 328.6666666666667 399.3333333333333 339.3333333333333 371.6666666666667 288.3333333333333 479.3333333333333 304.0 423.6666666666667 316.3333333333333 386.6666666666667 328.0 355.0 272.0 486.6666666666667 280.6666666666667 437.0 292.6666666666667 402.6666666666667 305.6666666666667 372.3333333333333 249.33333333333334 500.0 245.33333333333334 465.0 246.0 441.0 249.33333333333334 420.0 
244.66666666666666 580.3333333333334 249.66666666666666 553.0 255.33333333333334 513.6666666666666 260.0 476.0 266.0 444.0 288.0 485.0 307.3333333333333 436.0 320.3333333333333 403.0 332.3333333333333 376.6666666666667 288.3333333333333 484.3333333333333 304.0 428.3333333333333 316.3333333333333 391.3333333333333 327.6666666666667 360.3333333333333 279.6666666666667 492.6666666666667 286.3333333333333 443.3333333333333 296.6666666666667 408.6666666666667 308.0 379.0 263.0 506.3333333333333 256.6666666666667 471.6666666666667 254.66666666666666 449.0 255.33333333333334 429.3333333333333 
251.0 588.0 232.66666666666666 557.6666666666666 221.33333333333334 515.0 217.0 474.6666666666667 217.0 439.6666666666667 273.3333333333333 488.0 291.3333333333333 440.3333333333333 303.0 407.6666666666667 314.6666666666667 382.3333333333333 287.6666666666667 487.6666666666667 302.6666666666667 432.0 314.6666666666667 395.0 325.0 365.0 292.6666666666667 494.6666666666667 297.6666666666667 445.0 306.6666666666667 410.3333333333333 317.0 380.6666666666667 289.0 506.3333333333333 286.0 470.3333333333333 285.3333333333333 447.3333333333333 286.6666666666667 428.0 
252.66666666666666 586.0 228.66666666666666 558.6666666666666 215.0 516.6666666666666 212.66666666666666 477.6666666666667 215.0 442.6666666666667 269.3333333333333 489.6666666666667 288.3333333333333 443.6666666666667 300.0 412.6666666666667 312.3333333333333 388.3333333333333 287.0 487.6666666666667 301.6666666666667 435.0 313.3333333333333 399.3333333333333 323.3333333333333 371.0 296.0 492.0 300.6666666666667 445.6666666666667 308.3333333333333 412.3333333333333 316.6666666666667 383.3333333333333 297.6666666666667 501.6666666666667 299.3333333333333 466.0 302.0 442.6666666666667 305.3333333333333 422.6666666666667 
264.0 581.0 231.33333333333334 556.6666666666666 212.0 516.6666666666666 210.0 478.3333333333333 212.66666666666666 443.6666666666667 261.3333333333333 489.0 276.0 445.6666666666667 286.6666666666667 416.6666666666667 298.6666666666667 393.0 288.3333333333333 484.6666666666667 301.0 435.6666666666667 312.3333333333333 401.0 322.3333333333333 372.6666666666667 307.0 486.3333333333333 315.0 441.0 324.3333333333333 408.6666666666667 333.0 379.6666666666667 319.6666666666667 493.0 331.3333333333333 455.0 340.6666666666667 429.0 348.3333333333333 407.0 
269.3333333333333 571.6666666666666 234.0 551.6666666666666 212.33333333333334 514.6666666666666 209.66666666666666 477.0 212.0 442.3333333333333 257.3333333333333 487.3333333333333 269.0 445.0 280.3333333333333 417.3333333333333 293.3333333333333 393.6666666666667 290.0 482.0 302.0 435.0 313.0 400.3333333333333 323.3333333333333 371.6666666666667 313.6666666666667 483.0 325.0 438.6666666666667 335.3333333333333 406.3333333333333 343.6666666666667 377.3333333333333 330.6666666666667 488.6666666666667 346.0 450.3333333333333 358.0 423.3333333333333 367.3333333333333 400.3333333333333 
272.3333333333333 563.0 238.0 545.3333333333334 216.33333333333334 510.3333333333333 212.66666666666666 473.6666666666667 213.66666666666666 439.0 257.6666666666667 485.6666666666667 268.6666666666667 442.6666666666667 280.0 415.0 292.6666666666667 391.0 291.3333333333333 481.0 303.0 433.6666666666667 314.0 398.3333333333333 324.3333333333333 368.6666666666667 315.6666666666667 482.0 328.3333333333333 436.6666666666667 339.3333333333333 402.3333333333333 348.3333333333333 372.0 332.3333333333333 487.0 347.3333333333333 448.6666666666667 359.0 420.0 368.0 395.6666666666667 
271.3333333333333 554.0 238.0 537.6666666666666 217.0 503.6666666666667 212.33333333333334 467.6666666666667 212.33333333333334 433.6666666666667 256.3333333333333 482.3333333333333 267.0 438.0 277.6666666666667 410.3333333333333 289.6666666666667 386.3333333333333 289.6666666666667 479.3333333333333 301.6666666666667 430.3333333333333 313.0 394.3333333333333 323.3333333333333 364.6666666666667 313.3333333333333 481.0 327.3333333333333 435.3333333333333 339.3333333333333 400.3333333333333 348.6666666666667 369.6666666666667 329.6666666666667 485.6666666666667 344.6666666666667 448.0 356.3333333333333 419.3333333333333 365.0 394.3333333333333 
270.6666666666667 546.3333333333334 243.33333333333334 529.0 223.33333333333334 495.3333333333333 215.0 461.3333333333333 212.66666666666666 430.0 259.6666666666667 477.3333333333333 272.3333333333333 431.0 282.3333333333333 402.3333333333333 293.6666666666667 378.3333333333333 285.3333333333333 476.0 297.3333333333333 424.6666666666667 308.3333333333333 388.0 318.6666666666667 358.3333333333333 303.0 478.3333333333333 314.0 432.0 324.3333333333333 395.6666666666667 333.3333333333333 364.6666666666667 314.0 482.6666666666667 323.3333333333333 445.6666666666667 331.3333333333333 417.3333333333333 338.0 392.6666666666667 
266.6666666666667 537.3333333333334 259.0 516.0 251.66666666666666 481.0 247.33333333333334 447.0 246.33333333333334 418.0 274.6666666666667 467.6666666666667 289.6666666666667 421.3333333333333 300.0 390.6666666666667 310.6666666666667 365.3333333333333 281.3333333333333 468.6666666666667 293.0 416.6666666666667 303.3333333333333 379.0 314.0 348.3333333333333 281.3333333333333 474.6666666666667 289.6666666666667 428.3333333333333 298.3333333333333 391.0 307.3333333333333 359.3333333333333 276.3333333333333 483.0 275.6666666666667 448.0 277.6666666666667 420.6666666666667 280.3333333333333 396.3333333333333 
259.6666666666667 529.0 273.3333333333333 504.6666666666667 278.0 469.0 278.0 436.0 279.6666666666667 409.3333333333333 289.3333333333333 456.6666666666667 306.6666666666667 410.0 317.0 378.0 326.3333333333333 352.0 276.6666666666667 458.0 287.3333333333333 405.6666666666667 296.3333333333333 367.3333333333333 306.0 336.6666666666667 259.3333333333333 465.6666666666667 264.0 418.6666666666667 271.0 381.3333333333333 279.6666666666667 350.6666666666667 238.66666666666666 476.6666666666667 230.33333333333334 443.0 227.33333333333334 416.3333333333333 227.0 392.6666666666667 
251.33333333333334 520.3333333333334 283.6666666666667 499.6666666666667 305.3333333333333 469.0 319.6666666666667 441.0 331.3333333333333 418.0 298.0 443.0 315.3333333333333 397.0 325.3333333333333 365.6666666666667 333.6666666666667 339.6666666666667 273.0 443.3333333333333 283.0 391.3333333333333 292.0 354.0 301.0 323.6666666666667 244.33333333333334 452.3333333333333 249.66666666666666 405.0 257.3333333333333 369.6666666666667 266.6666666666667 340.3333333333333 214.66666666666666 467.0 205.0 433.3333333333333 201.0 407.0 199.0 383.3333333333333 
247.33333333333334 511.6666666666667 285.0 497.0 312.0 473.3333333333333 334.0 452.0 352.6666666666667 432.6666666666667 296.0 429.3333333333333 313.0 382.6666666666667 322.3333333333333 353.0 330.3333333333333 328.3333333333333 270.6666666666667 426.6666666666667 280.3333333333333 374.6666666666667 288.6666666666667 339.0 296.3333333333333 310.6666666666667 243.33333333333334 434.0 249.33333333333334 386.0 257.6666666666667 353.6666666666667 267.0 326.6666666666667 216.0 448.0 209.0 413.0 206.33333333333334 387.0 205.33333333333334 364.0 
250.33333333333334 502.3333333333333 291.0 491.6666666666667 324.0 472.3333333333333 353.6666666666667 455.3333333333333 379.0 438.0 298.6666666666667 412.6666666666667 314.6666666666667 365.6666666666667 323.6666666666667 336.6666666666667 331.6666666666667 312.3333333333333 273.6666666666667 408.3333333333333 282.3333333333333 356.6666666666667 290.3333333333333 322.3333333333333 297.6666666666667 294.6666666666667 247.66666666666666 414.3333333333333 254.0 366.3333333333333 262.3333333333333 335.0 271.3333333333333 308.3333333333333 222.0 428.3333333333333 215.33333333333334 391.3333333333333 213.33333333333334 365.3333333333333 212.66666666666666 342.0 
259.6666666666667 489.6666666666667 300.6666666666667 476.6666666666667 334.0 454.6666666666667 362.6666666666667 436.0 387.6666666666667 418.0 305.0 391.0 319.6666666666667 345.0 328.3333333333333 316.0 336.0 291.6666666666667 280.3333333333333 386.0 288.0 335.3333333333333 294.6666666666667 301.0 301.6666666666667 274.3333333333333 255.66666666666666 391.3333333333333 261.3333333333333 342.6666666666667 269.0 311.3333333333333 277.0 285.0 230.66666666666666 404.6666666666667 223.33333333333334 366.6666666666667 220.66666666666666 340.0 220.33333333333334 316.3333333333333 
268.0 475.6666666666667 309.6666666666667 461.0 343.0 433.6666666666667 371.0 413.0 395.0 396.0 312.6666666666667 366.3333333333333 326.6666666666667 320.6666666666667 335.6666666666667 291.6666666666667 343.3333333333333 267.3333333333333 288.3333333333333 361.6666666666667 295.0 310.6666666666667 302.0 276.3333333333333 309.0 249.66666666666666 264.3333333333333 366.6666666666667 269.3333333333333 317.3333333333333 276.6666666666667 285.6666666666667 284.0 259.3333333333333 239.33333333333334 380.6666666666667 231.66666666666666 341.3333333333333 228.33333333333334 314.0 227.33333333333334 289.3333333333333 
273.6666666666667 463.3333333333333 317.0 447.6666666666667 351.0 416.3333333333333 378.0 394.3333333333333 402.0 379.6666666666667 319.3333333333333 345.0 333.3333333333333 300.3333333333333 342.6666666666667 272.0 350.3333333333333 247.66666666666666 294.6666666666667 340.3333333333333 302.0 289.3333333333333 309.3333333333333 255.0 316.0 228.0 271.0 346.0 276.0 295.6666666666667 282.6666666666667 263.6666666666667 289.3333333333333 237.0 246.0 360.6666666666667 238.0 321.0 234.33333333333334 293.3333333333333 232.66666666666666 268.3333333333333 
274.3333333333333 456.0 319.0 440.3333333333333 353.6666666666667 406.0 381.6666666666667 383.6666666666667 406.3333333333333 370.3333333333333 322.6666666666667 332.0 337.6666666666667 287.0 347.3333333333333 259.0 355.3333333333333 234.66666666666666 298.3333333333333 327.3333333333333 306.0 275.6666666666667 314.0 241.33333333333334 320.3333333333333 213.33333333333334 274.6666666666667 333.3333333333333 279.6666666666667 282.6666666666667 286.3333333333333 250.66666666666666 293.0 223.33333333333334 250.0 348.6666666666667 241.66666666666666 309.0 238.0 281.3333333333333 236.0 255.66666666666666 
273.3333333333333 454.0 319.0 437.6666666666667 354.6666666666667 403.3333333333333 383.0 380.6666666666667 408.3333333333333 367.6666666666667 323.3333333333333 327.6666666666667 338.6666666666667 282.3333333333333 348.0 255.0 356.0 230.33333333333334 299.0 322.6666666666667 307.6666666666667 270.6666666666667 315.3333333333333 236.66666666666666 321.0 208.0 275.0 328.6666666666667 280.3333333333333 277.6666666666667 287.0 246.33333333333334 293.0 218.66666666666666 250.33333333333334 343.6666666666667 242.0 304.6666666666667 238.33333333333334 277.3333333333333 236.0 252.0 
272.0 456.6666666666667 317.6666666666667 440.0 353.3333333333333 405.3333333333333 382.3333333333333 382.6666666666667 407.0 369.3333333333333 322.3333333333333 329.3333333333333 337.6666666666667 282.6666666666667 346.6666666666667 255.0 354.6666666666667 230.33333333333334 298.3333333333333 324.3333333333333 307.0 271.3333333333333 314.3333333333333 237.0 319.6666666666667 208.0 274.3333333333333 330.6666666666667 279.3333333333333 279.0 286.0 247.66666666666666 291.6666666666667 220.0 249.66666666666666 345.6666666666667 241.0 306.6666666666667 237.0 279.0 234.0 253.33333333333334 
271.3333333333333 461.6666666666667 316.6666666666667 444.3333333333333 352.3333333333333 409.6666666666667 381.6666666666667 387.0 406.0 373.6666666666667 322.0 333.3333333333333 337.0 286.0 346.3333333333333 258.6666666666667 354.3333333333333 234.33333333333334 298.0 328.6666666666667 307.3333333333333 275.0 314.6666666666667 241.33333333333334 320.0 212.33333333333334 274.0 335.0 279.0 282.6666666666667 285.6666666666667 251.33333333333334 290.6666666666667 224.0 248.66666666666666 350.3333333333333 239.66666666666666 311.0 235.66666666666666 283.3333333333333 232.66666666666666 257.6666666666667 
270.3333333333333 466.3333333333333 316.0 448.6666666666667 352.0 413.6666666666667 381.3333333333333 391.0 406.0 378.0 322.0 338.0 337.3333333333333 290.6666666666667 346.6666666666667 262.6666666666667 355.0 238.66666666666666 298.3333333333333 333.6666666666667 307.6666666666667 279.6666666666667 315.3333333333333 245.33333333333334 321.3333333333333 216.33333333333334 274.0 340.0 279.3333333333333 287.3333333333333 286.0 255.33333333333334 291.3333333333333 228.33333333333334 248.33333333333334 355.6666666666667 239.0 316.0 235.0 288.0 232.33333333333334 262.0 
269.0 468.3333333333333 315.0 450.6666666666667 352.0 415.6666666666667 381.3333333333333 393.0 406.3333333333333 380.3333333333333 321.6666666666667 340.0 337.6666666666667 293.0 347.0 264.6666666666667 355.3333333333333 240.33333333333334 298.0 336.0 307.6666666666667 282.0 315.3333333333333 248.0 321.6666666666667 219.0 273.6666666666667 342.3333333333333 279.3333333333333 290.0 286.3333333333333 258.3333333333333 292.0 231.33333333333334 247.66666666666666 358.0 238.33333333333334 319.0 234.33333333333334 291.0 232.33333333333334 265.0 
267.0 468.3333333333333 313.6666666666667 451.0 351.3333333333333 416.0 380.3333333333333 393.0 406.0 380.3333333333333 320.6666666666667 340.3333333333333 337.0 293.3333333333333 346.0 264.3333333333333 354.6666666666667 239.66666666666666 296.6666666666667 336.0 306.3333333333333 282.3333333333333 314.0 248.0 320.3333333333333 218.66666666666666 272.3333333333333 342.6666666666667 278.0 291.0 285.0 259.6666666666667 291.3333333333333 232.33333333333334 246.33333333333334 358.6666666666667 237.33333333333334 320.3333333333333 233.33333333333334 292.3333333333333 231.33333333333334 266.0 
265.6666666666667 468.3333333333333 312.0 451.3333333333333 350.0 416.0 379.3333333333333 393.0 405.0 380.0 319.6666666666667 340.3333333333333 336.0 293.3333333333333 345.0 264.6666666666667 353.3333333333333 239.66666666666666 295.3333333333333 335.6666666666667 305.3333333333333 282.3333333333333 313.0 248.33333333333334 319.3333333333333 218.66666666666666 271.3333333333333 342.6666666666667 276.6666666666667 291.0 283.6666666666667 260.0 290.3333333333333 232.66666666666666 245.33333333333334 358.6666666666667 236.33333333333334 320.6666666666667 232.33333333333334 292.6666666666667 230.33333333333334 266.0 
264.3333333333333 469.0 311.0 452.0 349.0 416.3333333333333 378.6666666666667 393.3333333333333 404.6666666666667 380.0 319.0 341.0 335.0 294.0 344.0 265.6666666666667 352.3333333333333 240.33333333333334 294.6666666666667 336.0 304.6666666666667 283.0 312.6666666666667 248.66666666666666 319.3333333333333 218.66666666666666 270.6666666666667 343.0 275.6666666666667 291.6666666666667 283.0 260.6666666666667 289.6666666666667 233.0 244.66666666666666 359.6666666666667 235.66666666666666 321.3333333333333 231.66666666666666 293.3333333333333 229.33333333333334 266.0 
263.6666666666667 470.3333333333333 310.3333333333333 453.0 348.3333333333333 417.0 378.0 393.6666666666667 404.0 380.0 318.0 342.0 333.6666666666667 294.6666666666667 342.6666666666667 266.3333333333333 350.6666666666667 241.0 294.0 337.3333333333333 303.6666666666667 283.6666666666667 311.6666666666667 249.33333333333334 318.6666666666667 219.33333333333334 269.6666666666667 344.3333333333333 274.6666666666667 292.6666666666667 282.3333333333333 261.6666666666667 288.6666666666667 234.0 243.66666666666666 361.0 234.66666666666666 322.3333333333333 230.66666666666666 294.3333333333333 228.0 267.0 
264.0 472.0 310.6666666666667 454.0 348.0 418.3333333333333 377.3333333333333 394.3333333333333 403.3333333333333 380.3333333333333 317.0 343.3333333333333 332.3333333333333 295.3333333333333 341.3333333333333 267.0 349.3333333333333 241.66666666666666 293.0 339.0 302.6666666666667 284.6666666666667 310.6666666666667 250.33333333333334 317.6666666666667 220.0 268.6666666666667 346.0 273.6666666666667 294.3333333333333 281.3333333333333 263.3333333333333 287.3333333333333 235.66666666666666 243.0 363.0 233.33333333333334 324.0 229.0 296.0 226.0 268.6666666666667 
266.6666666666667 474.3333333333333 312.3333333333333 455.6666666666667 349.0 420.0 377.6666666666667 396.0 403.0 381.6666666666667 317.3333333333333 345.3333333333333 332.0 296.6666666666667 341.3333333333333 268.0 349.6666666666667 242.66666666666666 293.3333333333333 341.6666666666667 302.3333333333333 286.6666666666667 310.6666666666667 252.33333333333334 317.6666666666667 221.66666666666666 269.0 349.0 273.6666666666667 296.6666666666667 281.0 265.0 287.3333333333333 237.0 243.33333333333334 366.0 233.0 326.6666666666667 228.66666666666666 298.6666666666667 225.66666666666666 271.6666666666667 
269.6666666666667 476.6666666666667 314.6666666666667 457.3333333333333 350.3333333333333 422.3333333333333 379.0 398.6666666666667 404.0 384.0 319.0 348.0 333.6666666666667 299.3333333333333 342.6666666666667 270.6666666666667 351.0 245.0 294.6666666666667 344.3333333333333 304.0 289.6666666666667 312.3333333333333 255.0 319.3333333333333 224.33333333333334 270.3333333333333 352.0 275.3333333333333 299.3333333333333 282.3333333333333 267.0 288.6666666666667 239.0 245.0 369.3333333333333 234.33333333333334 329.6666666666667 229.66666666666666 301.6666666666667 226.66666666666666 274.6666666666667 
272.0 478.3333333333333 316.6666666666667 458.6666666666667 352.0 424.0 380.6666666666667 400.6666666666667 405.6666666666667 386.0 321.3333333333333 349.6666666666667 335.6666666666667 301.3333333333333 345.0 272.3333333333333 353.3333333333333 246.33333333333334 296.6666666666667 346.3333333333333 305.6666666666667 292.0 314.0 257.0 321.3333333333333 227.0 272.0 354.6666666666667 277.0 301.6666666666667 284.0 269.0 290.6666666666667 240.33333333333334 246.33333333333334 372.3333333333333 236.33333333333334 332.6666666666667 231.66666666666666 304.6666666666667 229.0 277.6666666666667 
272.6666666666667 479.0 317.6666666666667 459.3333333333333 353.0 425.3333333333333 382.0 401.6666666666667 407.3333333333333 387.3333333333333 322.6666666666667 350.6666666666667 337.3333333333333 302.6666666666667 346.3333333333333 273.6666666666667 354.6666666666667 247.66666666666666 298.0 347.3333333333333 307.3333333333333 293.3333333333333 315.3333333333333 258.3333333333333 323.0 228.66666666666666 273.0 355.6666666666667 278.0 303.0 285.3333333333333 270.3333333333333 292.0 242.0 247.33333333333334 373.6666666666667 237.66666666666666 334.3333333333333 233.0 306.3333333333333 230.33333333333334 279.3333333333333 
273.3333333333333 479.3333333333333 318.3333333333333 459.6666666666667 354.0 425.6666666666667 383.0 401.6666666666667 408.6666666666667 387.6666666666667 323.3333333333333 351.0 338.0 303.0 347.6666666666667 274.0 356.3333333333333 248.0 299.0 347.6666666666667 308.0 293.6666666666667 316.3333333333333 259.0 324.3333333333333 229.33333333333334 274.0 356.0 278.6666666666667 303.3333333333333 286.3333333333333 271.0 293.6666666666667 242.33333333333334 248.0 373.6666666666667 238.33333333333334 334.6666666666667 234.0 306.6666666666667 231.66666666666666 280.0 
274.0 479.6666666666667 318.6666666666667 460.0 355.0 426.0 384.0 402.0 410.0 388.0 324.0 351.6666666666667 339.0 303.6666666666667 348.6666666666667 274.6666666666667 357.6666666666667 248.66666666666666 300.0 348.0 309.0 294.3333333333333 318.0 259.6666666666667 326.0 229.66666666666666 275.0 356.0 279.6666666666667 303.3333333333333 287.6666666666667 271.0 295.6666666666667 242.33333333333334 249.0 373.3333333333333 239.0 334.3333333333333 235.33333333333334 306.3333333333333 233.0 279.6666666666667 
275.0 480.0 319.3333333333333 460.0 356.0 426.0 385.0 402.0 411.3333333333333 388.0 325.0 352.0 340.0 304.0 350.0 275.0 359.0 248.66666666666666 301.0 348.3333333333333 310.3333333333333 294.6666666666667 319.6666666666667 260.0 328.0 230.0 276.0 356.0 281.0 303.3333333333333 289.3333333333333 271.0 297.6666666666667 242.0 250.0 373.0 240.33333333333334 333.6666666666667 236.66666666666666 305.6666666666667 235.0 279.0 
276.3333333333333 480.3333333333333 320.6666666666667 460.3333333333333 357.0 426.3333333333333 386.0 402.3333333333333 412.3333333333333 388.3333333333333 326.3333333333333 352.6666666666667 341.6666666666667 304.6666666666667 351.3333333333333 275.6666666666667 360.3333333333333 249.66666666666666 302.3333333333333 349.3333333333333 312.0 295.3333333333333 321.6666666666667 260.3333333333333 330.0 230.33333333333334 277.3333333333333 356.6666666666667 282.6666666666667 303.6666666666667 291.3333333333333 271.0 299.6666666666667 242.0 251.33333333333334 373.6666666666667 242.33333333333334 334.3333333333333 239.0 306.0 237.33333333333334 279.0 
278.3333333333333 481.0 323.0 461.0 358.6666666666667 427.3333333333333 387.6666666666667 403.6666666666667 413.3333333333333 390.0 328.3333333333333 354.3333333333333 344.0 306.3333333333333 353.3333333333333 277.3333333333333 362.0 251.33333333333334 304.3333333333333 351.0 315.0 296.3333333333333 324.3333333333333 261.6666666666667 332.6666666666667 231.66666666666666 279.3333333333333 358.0 285.3333333333333 305.0 294.3333333333333 272.0 302.3333333333333 243.33333333333334 253.66666666666666 375.0 245.33333333333334 335.3333333333333 242.0 307.3333333333333 240.66666666666666 280.6666666666667 
281.0 482.3333333333333 325.6666666666667 462.0 360.6666666666667 429.0 389.6666666666667 406.0 415.0 392.3333333333333 330.6666666666667 357.0 346.6666666666667 309.0 355.6666666666667 280.3333333333333 363.6666666666667 255.0 307.0 353.3333333333333 318.0 298.3333333333333 327.3333333333333 264.0 335.0 234.0 282.0 360.3333333333333 288.6666666666667 307.0 297.6666666666667 274.0 305.6666666666667 245.66666666666666 256.6666666666667 377.6666666666667 248.66666666666666 338.0 245.66666666666666 310.0 244.66666666666666 283.6666666666667 
284.0 483.6666666666667 327.6666666666667 463.0 362.3333333333333 431.3333333333333 391.6666666666667 409.0 416.6666666666667 395.3333333333333 333.0 360.0 349.0 312.3333333333333 358.0 284.0 365.6666666666667 258.3333333333333 309.6666666666667 356.0 321.0 301.3333333333333 330.0 267.0 337.6666666666667 236.66666666666666 285.0 363.3333333333333 291.6666666666667 310.3333333333333 300.6666666666667 277.3333333333333 309.0 249.0 259.6666666666667 381.0 251.33333333333334 341.0 248.66666666666666 313.0 248.33333333333334 287.0 
286.3333333333333 485.3333333333333 329.0 464.3333333333333 363.3333333333333 433.6666666666667 392.6666666666667 412.0 418.0 397.6666666666667 334.6666666666667 362.6666666666667 350.6666666666667 315.0 360.0 287.0 367.6666666666667 261.6666666666667 311.6666666666667 358.6666666666667 322.6666666666667 304.3333333333333 331.6666666666667 270.0 339.6666666666667 239.33333333333334 287.0 366.6666666666667 293.6666666666667 313.6666666666667 303.0 280.3333333333333 312.0 251.66666666666666 261.3333333333333 384.6666666666667 253.0 344.6666666666667 250.66666666666666 316.0 250.66666666666666 289.6666666666667 
288.3333333333333 486.3333333333333 330.0 465.3333333333333 364.0 435.6666666666667 393.3333333333333 414.3333333333333 419.0 400.0 335.6666666666667 364.3333333333333 351.6666666666667 317.3333333333333 361.0 289.3333333333333 369.3333333333333 264.0 312.6666666666667 361.0 323.6666666666667 307.0 333.0 272.3333333333333 341.6666666666667 241.66666666666666 288.0 369.3333333333333 295.0 316.3333333333333 304.3333333333333 283.0 314.0 254.0 262.0 387.3333333333333 253.66666666666666 347.6666666666667 251.66666666666666 318.6666666666667 251.33333333333334 292.0 
288.6666666666667 487.3333333333333 330.6666666666667 466.3333333333333 364.3333333333333 437.0 393.3333333333333 416.0 419.3333333333333 401.3333333333333 336.0 365.6666666666667 351.6666666666667 318.6666666666667 361.3333333333333 290.6666666666667 370.0 265.6666666666667 313.0 362.6666666666667 323.6666666666667 308.6666666666667 333.3333333333333 274.0 342.3333333333333 243.66666666666666 288.0 371.3333333333333 295.3333333333333 318.3333333333333 305.0 285.0 315.0 255.66666666666666 262.0 389.3333333333333 254.0 350.0 252.0 321.0 251.66666666666666 293.6666666666667 
288.3333333333333 487.6666666666667 330.6666666666667 466.6666666666667 364.3333333333333 437.3333333333333 393.0 416.0 419.3333333333333 401.6666666666667 335.6666666666667 366.0 351.0 319.3333333333333 360.6666666666667 291.0 369.6666666666667 266.0 312.6666666666667 363.6666666666667 323.0 309.6666666666667 333.0 274.6666666666667 342.0 245.0 288.0 372.3333333333333 295.3333333333333 319.3333333333333 304.6666666666667 286.3333333333333 314.6666666666667 257.0 262.0 390.3333333333333 254.0 351.3333333333333 252.0 322.3333333333333 251.33333333333334 294.6666666666667 
287.0 488.3333333333333 330.0 467.3333333333333 364.0 437.3333333333333 392.3333333333333 415.3333333333333 418.6666666666667 400.6666666666667 334.6666666666667 366.6666666666667 349.6666666666667 319.0 359.6666666666667 290.3333333333333 368.3333333333333 265.3333333333333 311.6666666666667 364.3333333333333 322.0 310.0 331.6666666666667 275.0 340.6666666666667 245.66666666666666 287.3333333333333 373.3333333333333 294.0 320.3333333333333 303.6666666666667 287.3333333333333 313.3333333333333 258.3333333333333 261.6666666666667 391.0 253.66666666666666 352.0 251.33333333333334 323.0 251.0 295.3333333333333 
286.0 489.0 329.0 467.3333333333333 363.3333333333333 437.0 391.6666666666667 414.3333333333333 418.0 399.6666666666667 333.0 366.6666666666667 348.3333333333333 318.3333333333333 358.0 289.3333333333333 366.3333333333333 264.0 310.0 364.6666666666667 320.3333333333333 310.3333333333333 330.0 275.0 339.0 245.66666666666666 286.0 373.6666666666667 292.3333333333333 320.6666666666667 301.6666666666667 288.0 311.3333333333333 259.6666666666667 260.6666666666667 391.3333333333333 252.66666666666666 352.3333333333333 250.0 323.6666666666667 249.66666666666666 296.0 
285.0 490.0 328.0 468.0 362.3333333333333 437.3333333333333 390.6666666666667 414.3333333333333 416.6666666666667 399.3333333333333 331.3333333333333 367.3333333333333 347.0 318.3333333333333 356.3333333333333 289.3333333333333 364.3333333333333 264.0 308.3333333333333 365.3333333333333 318.6666666666667 311.0 328.0 275.6666666666667 337.0 246.0 284.6666666666667 374.3333333333333 290.3333333333333 321.3333333333333 299.6666666666667 289.0 309.0 261.0 259.3333333333333 392.0 251.0 353.0 248.0 324.6666666666667 247.66666666666666 297.3333333333333 
284.0 490.6666666666667 326.6666666666667 468.3333333333333 361.0 437.6666666666667 389.3333333333333 414.6666666666667 415.3333333333333 400.0 330.0 368.0 345.6666666666667 319.0 354.6666666666667 290.0 362.6666666666667 264.6666666666667 307.0 366.0 317.0 312.0 326.3333333333333 276.6666666666667 335.0 247.0 283.3333333333333 375.0 289.0 322.0 297.6666666666667 290.0 307.0 262.0 258.0 392.6666666666667 249.33333333333334 354.0 246.33333333333334 326.0 245.66666666666666 298.6666666666667 
283.0 491.0 325.3333333333333 468.3333333333333 360.0 437.6666666666667 387.6666666666667 414.6666666666667 413.6666666666667 400.3333333333333 328.3333333333333 368.6666666666667 344.0 319.6666666666667 353.0 291.0 361.0 265.6666666666667 305.3333333333333 366.3333333333333 315.3333333333333 312.6666666666667 324.3333333333333 277.6666666666667 332.6666666666667 248.33333333333334 281.6666666666667 375.3333333333333 287.3333333333333 323.0 295.6666666666667 291.0 304.6666666666667 263.3333333333333 256.3333333333333 393.0 247.66666666666666 354.6666666666667 244.66666666666666 326.6666666666667 243.66666666666666 300.0 
282.0 489.6666666666667 324.0 467.0 358.3333333333333 436.6666666666667 385.6666666666667 413.6666666666667 411.6666666666667 399.6666666666667 326.0 368.6666666666667 341.6666666666667 320.0 350.6666666666667 291.3333333333333 358.6666666666667 265.6666666666667 303.0 366.3333333333333 313.0 313.0 322.0 278.3333333333333 330.0 249.33333333333334 279.3333333333333 375.3333333333333 284.6666666666667 323.6666666666667 293.0 291.6666666666667 302.3333333333333 264.6666666666667 254.33333333333334 392.6666666666667 245.66666666666666 354.6666666666667 243.0 326.6666666666667 242.0 300.3333333333333 
280.6666666666667 488.3333333333333 322.3333333333333 465.6666666666667 356.3333333333333 435.6666666666667 383.0 412.6666666666667 409.0 398.6666666666667 323.3333333333333 368.3333333333333 339.0 320.0 348.3333333333333 291.6666666666667 356.6666666666667 266.0 300.0 365.6666666666667 310.0 312.6666666666667 319.0 278.3333333333333 326.6666666666667 249.33333333333334 276.6666666666667 374.6666666666667 281.6666666666667 323.6666666666667 290.0 291.6666666666667 299.6666666666667 264.6666666666667 251.66666666666666 392.3333333333333 243.0 354.3333333333333 240.33333333333334 326.3333333333333 239.33333333333334 300.3333333333333 
279.3333333333333 487.0 320.6666666666667 465.0 354.3333333333333 435.0 380.6666666666667 412.0 406.6666666666667 397.6666666666667 321.0 367.3333333333333 336.3333333333333 319.3333333333333 346.0 291.0 354.6666666666667 265.6666666666667 297.6666666666667 365.0 307.3333333333333 312.3333333333333 316.3333333333333 278.3333333333333 324.0 249.0 274.3333333333333 374.3333333333333 279.0 323.3333333333333 287.3333333333333 291.3333333333333 297.3333333333333 264.0 249.66666666666666 392.0 240.33333333333334 354.0 237.33333333333334 326.0 236.33333333333334 300.0 
278.0 487.0 319.0 465.3333333333333 352.6666666666667 435.0 379.3333333333333 412.3333333333333 405.3333333333333 398.0 319.3333333333333 366.6666666666667 334.3333333333333 318.6666666666667 344.0 290.6666666666667 353.0 265.6666666666667 296.0 364.3333333333333 305.0 311.6666666666667 314.0 277.6666666666667 322.0 248.33333333333334 272.3333333333333 374.0 277.3333333333333 323.0 285.6666666666667 290.6666666666667 295.6666666666667 262.6666666666667 248.0 392.3333333333333 238.33333333333334 354.0 235.0 326.3333333333333 234.0 300.0 
277.0 487.0 318.0 465.6666666666667 351.6666666666667 435.0 379.0 413.0 405.0 398.3333333333333 318.3333333333333 366.0 333.0 318.0 342.6666666666667 290.0 351.6666666666667 265.0 295.0 364.0 303.6666666666667 311.3333333333333 312.6666666666667 277.3333333333333 321.3333333333333 248.0 271.3333333333333 374.0 276.0 323.0 284.6666666666667 290.3333333333333 294.6666666666667 262.3333333333333 247.0 392.6666666666667 237.0 354.0 233.66666666666666 326.6666666666667 232.66666666666666 300.3333333333333 
276.0 487.0 317.3333333333333 465.3333333333333 350.6666666666667 435.0 378.3333333333333 413.6666666666667 404.3333333333333 399.3333333333333 317.3333333333333 366.0 332.0 317.6666666666667 341.3333333333333 289.6666666666667 350.3333333333333 264.6666666666667 294.0 364.0 302.6666666666667 311.0 311.3333333333333 277.0 320.3333333333333 247.66666666666666 270.3333333333333 374.0 274.6666666666667 323.0 283.6666666666667 290.3333333333333 293.3333333333333 262.3333333333333 245.66666666666666 393.0 236.0 354.3333333333333 233.0 327.0 231.66666666666666 300.6666666666667 
275.3333333333333 487.3333333333333 316.6666666666667 465.3333333333333 349.6666666666667 435.6666666666667 377.0 415.0 403.0 400.6666666666667 316.0 366.3333333333333 330.3333333333333 317.6666666666667 340.0 289.6666666666667 349.0 264.3333333333333 292.6666666666667 364.3333333333333 301.3333333333333 311.3333333333333 310.0 277.0 319.0 247.33333333333334 269.0 374.0 273.0 323.3333333333333 281.6666666666667 290.6666666666667 291.3333333333333 262.6666666666667 244.33333333333334 393.0 234.66666666666666 354.6666666666667 231.66666666666666 327.0 230.0 300.6666666666667 
274.3333333333333 489.0 315.6666666666667 466.3333333333333 348.0 438.0 375.3333333333333 418.0 401.0 403.6666666666667 314.0 367.3333333333333 328.3333333333333 318.3333333333333 337.6666666666667 290.3333333333333 347.0 264.6666666666667 291.0 365.3333333333333 299.3333333333333 312.3333333333333 308.0 278.0 316.6666666666667 248.0 267.3333333333333 375.0 271.0 324.3333333333333 279.6666666666667 291.6666666666667 289.3333333333333 263.6666666666667 243.0 394.0 233.0 355.6666666666667 229.66666666666666 327.6666666666667 227.66666666666666 301.0 
273.0 491.6666666666667 314.0 469.3333333333333 346.0 442.3333333333333 373.0 423.0 398.0 408.3333333333333 312.6666666666667 369.3333333333333 326.0 320.6666666666667 335.6666666666667 292.6666666666667 345.3333333333333 267.0 289.3333333333333 367.6666666666667 297.0 314.6666666666667 306.0 280.3333333333333 315.0 250.33333333333334 266.0 377.3333333333333 269.0 326.3333333333333 277.6666666666667 293.6666666666667 288.0 265.3333333333333 241.66666666666666 396.3333333333333 231.33333333333334 357.6666666666667 227.66666666666666 329.6666666666667 226.0 302.3333333333333 
272.0 495.3333333333333 312.6666666666667 473.3333333333333 344.6666666666667 448.0 371.0 429.6666666666667 394.3333333333333 415.0 311.6666666666667 372.6666666666667 324.6666666666667 323.6666666666667 334.3333333333333 296.0 344.3333333333333 270.6666666666667 288.3333333333333 371.0 295.6666666666667 318.0 304.6666666666667 284.0 314.0 254.33333333333334 265.3333333333333 381.0 267.6666666666667 329.3333333333333 276.6666666666667 297.0 287.3333333333333 268.3333333333333 241.33333333333334 400.3333333333333 230.33333333333334 361.0 226.66666666666666 333.0 225.33333333333334 305.3333333333333 
271.6666666666667 500.3333333333333 312.0 479.3333333333333 343.6666666666667 455.0 368.6666666666667 437.3333333333333 389.6666666666667 423.6666666666667 312.0 378.0 324.6666666666667 328.6666666666667 335.0 301.0 345.0 276.0 288.6666666666667 376.6666666666667 296.0 322.6666666666667 305.3333333333333 288.3333333333333 315.3333333333333 259.0 265.6666666666667 386.3333333333333 267.6666666666667 334.0 277.0 301.3333333333333 288.3333333333333 272.3333333333333 242.0 406.0 231.33333333333334 366.3333333333333 228.0 338.0 227.0 310.3333333333333 
274.0 506.3333333333333 313.3333333333333 486.6666666666667 343.6666666666667 462.3333333333333 366.3333333333333 446.0 383.3333333333333 435.0 313.3333333333333 384.0 326.6666666666667 334.0 337.0 306.3333333333333 347.3333333333333 281.3333333333333 290.6666666666667 382.6666666666667 298.3333333333333 327.6666666666667 308.0 293.3333333333333 318.3333333333333 264.0 267.6666666666667 392.0 270.0 339.0 279.3333333333333 306.0 290.6666666666667 277.3333333333333 244.66666666666666 412.0 234.33333333333334 372.0 231.0 343.6666666666667 230.0 316.6666666666667 
275.0 512.6666666666666 314.3333333333333 494.6666666666667 343.0 470.0 363.0 453.6666666666667 377.0 444.6666666666667 315.6666666666667 390.3333333333333 329.3333333333333 340.0 340.0 311.6666666666667 350.6666666666667 286.6666666666667 293.6666666666667 389.0 302.0 333.0 311.6666666666667 298.0 322.0 268.3333333333333 270.6666666666667 398.0 274.0 343.6666666666667 283.0 310.6666666666667 294.0 282.3333333333333 247.66666666666666 417.6666666666667 238.0 378.0 234.66666666666666 349.3333333333333 233.66666666666666 322.6666666666667 
277.3333333333333 517.0 316.0 500.0 343.3333333333333 474.6666666666667 360.6666666666667 458.3333333333333 367.3333333333333 451.3333333333333 318.0 394.3333333333333 331.6666666666667 343.6666666666667 342.0 315.0 353.0 289.6666666666667 296.3333333333333 393.0 304.6666666666667 336.6666666666667 314.6666666666667 301.6666666666667 325.0 272.0 273.6666666666667 402.3333333333333 277.3333333333333 347.0 286.0 314.3333333333333 297.0 286.3333333333333 250.66666666666666 421.6666666666667 241.33333333333334 382.0 238.0 353.3333333333333 237.0 327.0 
278.0 519.3333333333334 316.3333333333333 503.0 343.0 477.0 358.3333333333333 459.3333333333333 358.0 453.0 319.6666666666667 397.0 333.3333333333333 346.0 343.6666666666667 316.6666666666667 354.3333333333333 291.3333333333333 298.3333333333333 395.6666666666667 306.6666666666667 339.0 316.6666666666667 303.6666666666667 327.0 274.0 275.6666666666667 405.3333333333333 280.0 349.0 288.6666666666667 316.3333333333333 299.6666666666667 288.6666666666667 252.66666666666666 424.3333333333333 243.33333333333334 384.6666666666667 240.66666666666666 355.6666666666667 240.0 329.0 
280.3333333333333 520.6666666666666 317.0 504.0 343.3333333333333 477.3333333333333 356.6666666666667 458.6666666666667 347.0 453.0 321.3333333333333 397.6666666666667 335.0 346.3333333333333 345.0 316.6666666666667 355.0 291.3333333333333 300.0 396.6666666666667 308.3333333333333 339.6666666666667 318.6666666666667 304.6666666666667 329.3333333333333 275.6666666666667 277.3333333333333 406.6666666666667 281.6666666666667 350.3333333333333 290.6666666666667 317.3333333333333 302.3333333333333 289.6666666666667 254.33333333333334 426.0 245.66666666666666 385.6666666666667 243.33333333333334 356.6666666666667 243.33333333333334 330.3333333333333 
280.3333333333333 521.6666666666666 316.3333333333333 504.6666666666667 342.6666666666667 477.3333333333333 353.6666666666667 457.6666666666667 338.6666666666667 452.3333333333333 322.3333333333333 397.6666666666667 336.3333333333333 346.3333333333333 346.3333333333333 316.3333333333333 356.0 291.0 301.3333333333333 397.0 310.3333333333333 340.0 320.3333333333333 305.0 331.0 276.0 278.6666666666667 407.0 283.6666666666667 350.3333333333333 293.0 317.3333333333333 304.6666666666667 289.6666666666667 255.66666666666666 426.3333333333333 247.33333333333334 386.0 245.33333333333334 356.6666666666667 246.0 330.0 
279.6666666666667 521.3333333333334 316.0 503.3333333333333 342.3333333333333 476.3333333333333 350.3333333333333 456.3333333333333 331.3333333333333 451.0 323.3333333333333 396.3333333333333 337.0 345.0 347.0 315.0 356.6666666666667 289.6666666666667 302.0 396.0 311.3333333333333 339.3333333333333 321.3333333333333 304.3333333333333 332.0 275.6666666666667 279.3333333333333 406.3333333333333 284.3333333333333 350.0 293.6666666666667 317.0 305.6666666666667 289.0 256.3333333333333 426.0 248.33333333333334 385.6666666666667 246.33333333333334 356.3333333333333 247.33333333333334 329.6666666666667 
278.0 520.0 315.0 501.3333333333333 341.0 474.3333333333333 347.0 454.6666666666667 326.0 450.0 322.6666666666667 394.6666666666667 336.3333333333333 343.6666666666667 346.3333333333333 314.0 356.3333333333333 288.3333333333333 301.3333333333333 394.6666666666667 310.6666666666667 338.3333333333333 320.6666666666667 303.6666666666667 331.3333333333333 274.6666666666667 279.0 405.3333333333333 283.3333333333333 349.0 293.0 316.3333333333333 304.6666666666667 288.6666666666667 256.0 425.0 248.0 385.0 246.0 355.6666666666667 246.66666666666666 328.6666666666667 
277.3333333333333 518.6666666666666 314.3333333333333 500.0 340.0 473.0 344.0 453.0 322.0 449.0 321.6666666666667 393.3333333333333 335.0 342.3333333333333 345.3333333333333 312.6666666666667 355.0 287.3333333333333 300.0 393.3333333333333 309.6666666666667 337.3333333333333 319.6666666666667 303.0 330.3333333333333 274.0 277.6666666666667 404.3333333333333 282.0 348.3333333333333 291.3333333333333 315.6666666666667 302.6666666666667 288.3333333333333 254.66666666666666 424.6666666666667 246.66666666666666 384.3333333333333 244.66666666666666 355.0 245.0 328.0 
275.6666666666667 519.0 312.3333333333333 500.0 338.0 472.6666666666667 342.6666666666667 452.3333333333333 320.6666666666667 448.0 319.0 393.3333333333333 332.6666666666667 342.0 343.0 312.0 352.3333333333333 286.6666666666667 297.6666666666667 393.3333333333333 307.6666666666667 337.0 317.6666666666667 302.6666666666667 328.3333333333333 273.6666666666667 275.6666666666667 404.3333333333333 280.0 347.6666666666667 289.3333333333333 315.3333333333333 300.6666666666667 288.0 253.0 424.6666666666667 245.0 384.0 243.0 354.3333333333333 243.0 327.3333333333333 
274.0 519.0 310.6666666666667 500.0 336.6666666666667 472.3333333333333 342.0 451.6666666666667 321.0 447.3333333333333 316.6666666666667 393.0 330.0 341.3333333333333 340.0 311.0 349.3333333333333 285.6666666666667 295.6666666666667 393.0 305.3333333333333 336.6666666666667 315.3333333333333 302.0 326.3333333333333 273.0 273.6666666666667 404.3333333333333 278.0 347.3333333333333 287.3333333333333 315.0 299.0 287.3333333333333 251.33333333333334 424.6666666666667 243.0 384.0 241.0 354.0 241.0 327.0 
272.0 518.6666666666666 309.0 499.3333333333333 335.0 471.6666666666667 342.0 451.3333333333333 322.6666666666667 447.0 314.6666666666667 392.3333333333333 327.3333333333333 340.6666666666667 337.0 310.3333333333333 346.3333333333333 285.0 294.0 392.6666666666667 302.6666666666667 336.3333333333333 312.6666666666667 301.3333333333333 323.6666666666667 272.3333333333333 272.0 404.3333333333333 275.6666666666667 347.3333333333333 285.3333333333333 315.3333333333333 297.3333333333333 287.6666666666667 250.0 424.3333333333333 241.33333333333334 383.6666666666667 239.33333333333334 354.0 239.33333333333334 327.0 
271.3333333333333 518.6666666666666 308.0 499.6666666666667 334.0 471.3333333333333 342.0 451.0 324.6666666666667 447.6666666666667 313.6666666666667 392.0 325.6666666666667 340.6666666666667 335.3333333333333 310.6666666666667 344.6666666666667 285.0 293.3333333333333 392.6666666666667 301.3333333333333 336.3333333333333 311.3333333333333 301.6666666666667 322.3333333333333 272.3333333333333 271.3333333333333 404.3333333333333 274.6666666666667 348.0 284.3333333333333 316.0 296.3333333333333 288.6666666666667 249.33333333333334 424.3333333333333 240.33333333333334 383.6666666666667 238.33333333333334 354.3333333333333 238.33333333333334 327.3333333333333 
271.0 519.0 307.6666666666667 500.0 333.6666666666667 471.3333333333333 342.6666666666667 451.3333333333333 326.6666666666667 448.6666666666667 313.3333333333333 392.3333333333333 325.0 341.0 334.6666666666667 311.0 344.0 285.3333333333333 293.0 393.3333333333333 300.6666666666667 336.6666666666667 310.6666666666667 302.0 321.3333333333333 272.6666666666667 271.0 405.0 274.3333333333333 348.6666666666667 284.0 316.6666666666667 296.0 289.3333333333333 249.0 425.0 240.0 384.0 238.0 355.0 237.66666666666666 328.0 
271.6666666666667 519.0 308.3333333333333 500.0 334.0 471.3333333333333 343.6666666666667 451.6666666666667 328.6666666666667 449.3333333333333 313.3333333333333 392.6666666666667 325.0 341.0 334.3333333333333 311.0 343.6666666666667 285.0 293.0 393.6666666666667 300.0 336.6666666666667 310.0 302.0 321.0 272.6666666666667 271.0 405.3333333333333 274.0 349.0 283.3333333333333 316.6666666666667 295.6666666666667 289.3333333333333 249.33333333333334 425.6666666666667 240.0 385.0 238.0 356.0 237.33333333333334 329.0 
273.0 517.6666666666666 310.0 499.0 335.3333333333333 471.0 345.3333333333333 452.3333333333333 330.3333333333333 449.6666666666667 314.3333333333333 391.6666666666667 325.3333333333333 339.6666666666667 334.3333333333333 309.6666666666667 344.0 284.0 293.6666666666667 393.0 300.3333333333333 336.0 310.0 301.0 320.6666666666667 272.0 271.6666666666667 405.0 274.0 348.3333333333333 283.3333333333333 316.0 295.6666666666667 288.3333333333333 250.33333333333334 425.6666666666667 240.66666666666666 385.0 238.66666666666666 356.0 238.0 329.0 
275.6666666666667 516.3333333333334 312.3333333333333 497.6666666666667 337.3333333333333 470.6666666666667 347.0 452.3333333333333 331.6666666666667 449.0 316.3333333333333 390.3333333333333 327.0 338.0 336.0 308.0 345.3333333333333 282.3333333333333 295.3333333333333 391.6666666666667 302.0 334.6666666666667 311.3333333333333 299.3333333333333 321.6666666666667 270.3333333333333 273.3333333333333 403.3333333333333 275.3333333333333 347.0 284.3333333333333 314.3333333333333 296.3333333333333 286.6666666666667 252.0 424.3333333333333 242.33333333333334 384.0 240.0 355.0 239.66666666666666 328.0 
278.3333333333333 515.0 314.6666666666667 496.6666666666667 339.6666666666667 470.6666666666667 348.6666666666667 452.3333333333333 332.0 448.0 319.3333333333333 388.6666666666667 330.0 336.3333333333333 339.0 306.3333333333333 348.3333333333333 280.6666666666667 298.0 390.0 305.3333333333333 333.0 314.3333333333333 297.6666666666667 324.3333333333333 268.6666666666667 276.0 401.6666666666667 278.3333333333333 345.0 287.0 312.6666666666667 298.3333333333333 284.6666666666667 254.0 422.6666666666667 245.0 382.0 242.33333333333334 353.0 242.33333333333334 326.3333333333333 
280.6666666666667 514.3333333333334 316.3333333333333 495.6666666666667 342.0 470.0 350.0 451.3333333333333 331.0 446.6666666666667 322.0 387.3333333333333 333.6666666666667 335.0 342.6666666666667 304.6666666666667 351.6666666666667 279.0 300.6666666666667 388.3333333333333 308.3333333333333 331.3333333333333 317.3333333333333 296.0 327.0 267.0 278.6666666666667 399.6666666666667 281.0 343.3333333333333 289.6666666666667 310.6666666666667 300.6666666666667 282.6666666666667 256.0 421.0 247.66666666666666 380.3333333333333 244.66666666666666 351.3333333333333 244.66666666666666 324.6666666666667 
282.3333333333333 513.6666666666666 317.6666666666667 495.0 343.6666666666667 469.0 350.6666666666667 449.6666666666667 329.6666666666667 445.0 323.6666666666667 385.6666666666667 335.6666666666667 333.6666666666667 345.0 303.6666666666667 354.3333333333333 278.3333333333333 302.3333333333333 386.6666666666667 310.0 329.6666666666667 319.3333333333333 294.6666666666667 329.0 265.6666666666667 280.3333333333333 398.3333333333333 282.6666666666667 341.6666666666667 291.3333333333333 309.3333333333333 302.3333333333333 281.3333333333333 257.6666666666667 420.0 249.0 379.0 246.33333333333334 350.0 246.0 323.3333333333333 
282.3333333333333 513.3333333333334 318.3333333333333 494.3333333333333 345.0 467.0 350.3333333333333 447.0 327.6666666666667 442.6666666666667 324.0 384.3333333333333 336.3333333333333 332.3333333333333 346.0 302.6666666666667 355.3333333333333 277.6666666666667 303.0 385.0 310.3333333333333 328.3333333333333 320.0 293.3333333333333 329.3333333333333 264.3333333333333 281.0 397.0 283.0 340.3333333333333 291.6666666666667 307.6666666666667 302.3333333333333 279.6666666666667 258.3333333333333 419.0 249.33333333333334 378.0 246.66666666666666 349.0 246.0 322.0 
283.0 513.3333333333334 319.3333333333333 494.0 345.0 465.3333333333333 348.6666666666667 445.0 326.0 441.0 323.3333333333333 383.0 335.3333333333333 331.3333333333333 345.6666666666667 302.0 355.3333333333333 277.3333333333333 302.3333333333333 383.6666666666667 309.3333333333333 327.0 319.3333333333333 292.0 329.0 262.6666666666667 280.6666666666667 396.0 282.3333333333333 339.0 290.6666666666667 306.3333333333333 301.6666666666667 278.3333333333333 258.3333333333333 418.0 248.66666666666666 377.0 245.66666666666666 348.0 244.66666666666666 321.3333333333333 
282.3333333333333 513.6666666666666 319.3333333333333 494.0 344.0 464.3333333333333 346.3333333333333 443.6666666666667 323.6666666666667 439.3333333333333 322.6666666666667 382.3333333333333 335.0 330.6666666666667 345.3333333333333 301.0 354.6666666666667 276.0 301.6666666666667 383.0 308.6666666666667 326.3333333333333 318.3333333333333 291.0 328.0 261.6666666666667 280.0 395.3333333333333 281.6666666666667 338.3333333333333 290.0 305.3333333333333 301.0 277.3333333333333 257.6666666666667 417.0 248.0 376.3333333333333 245.0 346.6666666666667 244.33333333333334 320.0 
282.3333333333333 514.0 318.6666666666667 494.0 342.6666666666667 463.6666666666667 344.3333333333333 443.0 322.0 438.6666666666667 322.0 382.3333333333333 334.6666666666667 330.3333333333333 345.0 300.3333333333333 354.6666666666667 275.0 301.0 383.0 308.0 326.0 317.6666666666667 290.3333333333333 327.6666666666667 261.3333333333333 279.3333333333333 395.0 281.0 338.0 289.6666666666667 304.6666666666667 301.0 276.6666666666667 257.3333333333333 416.3333333333333 247.33333333333334 375.6666666666667 244.33333333333334 345.6666666666667 244.33333333333334 318.6666666666667 
280.3333333333333 514.0 317.3333333333333 493.6666666666667 341.6666666666667 463.0 343.0 442.0 320.0 438.3333333333333 322.0 382.3333333333333 335.3333333333333 329.6666666666667 345.3333333333333 299.6666666666667 355.3333333333333 273.6666666666667 301.0 382.6666666666667 308.6666666666667 325.6666666666667 318.3333333333333 290.0 328.3333333333333 261.3333333333333 279.0 394.6666666666667 281.3333333333333 337.6666666666667 290.3333333333333 304.3333333333333 301.3333333333333 276.0 257.3333333333333 416.0 247.0 375.3333333333333 244.66666666666666 344.6666666666667 245.0 317.3333333333333 
278.0 514.3333333333334 315.3333333333333 494.0 341.0 462.3333333333333 342.0 440.6666666666667 318.0 438.6666666666667 322.3333333333333 382.6666666666667 336.0 329.6666666666667 346.0 299.6666666666667 356.6666666666667 273.6666666666667 301.3333333333333 382.6666666666667 309.6666666666667 325.3333333333333 319.6666666666667 289.6666666666667 329.6666666666667 261.0 279.3333333333333 394.3333333333333 282.0 337.0 291.0 303.6666666666667 302.0 275.6666666666667 257.3333333333333 416.0 247.0 375.0 244.66666666666666 345.0 245.0 317.6666666666667 
276.3333333333333 514.6666666666666 314.3333333333333 494.3333333333333 340.6666666666667 462.0 341.0 439.3333333333333 316.3333333333333 439.0 323.0 382.6666666666667 337.0 329.6666666666667 347.3333333333333 299.3333333333333 358.0 273.6666666666667 301.6666666666667 382.6666666666667 311.0 325.0 320.6666666666667 289.3333333333333 330.6666666666667 260.0 279.6666666666667 394.0 282.6666666666667 336.3333333333333 291.6666666666667 303.3333333333333 302.6666666666667 275.6666666666667 257.6666666666667 416.0 247.0 375.3333333333333 245.0 345.6666666666667 244.66666666666666 319.0 
275.6666666666667 515.6666666666666 313.6666666666667 495.3333333333333 340.3333333333333 462.0 340.3333333333333 438.6666666666667 315.3333333333333 439.0 323.6666666666667 383.6666666666667 338.0 330.6666666666667 348.3333333333333 300.0 359.0 274.3333333333333 302.3333333333333 383.3333333333333 312.0 325.3333333333333 321.6666666666667 289.3333333333333 331.6666666666667 260.0 280.0 394.6666666666667 283.6666666666667 336.6666666666667 292.6666666666667 303.6666666666667 303.6666666666667 276.6666666666667 257.6666666666667 416.3333333333333 247.33333333333334 376.0 245.33333333333334 347.0 245.0 320.6666666666667 
276.0 516.6666666666666 314.0 496.0 340.3333333333333 462.3333333333333 340.0 438.6666666666667 315.0 439.3333333333333 324.0 384.6666666666667 338.6666666666667 331.6666666666667 349.3333333333333 301.0 359.6666666666667 275.3333333333333 302.6666666666667 384.0 312.6666666666667 326.3333333333333 322.6666666666667 290.3333333333333 332.6666666666667 260.6666666666667 280.3333333333333 395.6666666666667 284.3333333333333 338.0 293.6666666666667 305.0 304.6666666666667 278.0 258.0 417.3333333333333 247.66666666666666 377.0 245.66666666666666 348.3333333333333 245.0 322.3333333333333 
276.0 517.6666666666666 314.0 496.6666666666667 340.3333333333333 462.6666666666667 340.0 438.6666666666667 315.0 439.3333333333333 324.0 386.0 339.0 333.0 349.3333333333333 302.6666666666667 359.6666666666667 276.6666666666667 303.0 385.0 313.0 327.6666666666667 323.3333333333333 291.6666666666667 333.3333333333333 262.3333333333333 280.3333333333333 397.0 284.6666666666667 339.6666666666667 294.3333333333333 307.0 305.6666666666667 280.0 258.0 418.6666666666667 248.0 378.3333333333333 245.66666666666666 349.6666666666667 245.33333333333334 323.6666666666667 
275.3333333333333 517.3333333333334 313.3333333333333 496.3333333333333 340.0 463.0 340.3333333333333 439.0 315.6666666666667 439.3333333333333 324.0 386.6666666666667 338.6666666666667 333.3333333333333 349.0 303.3333333333333 359.0 277.3333333333333 302.6666666666667 386.0 312.6666666666667 328.6666666666667 323.0 292.6666666666667 333.3333333333333 263.6666666666667 280.0 398.0 284.3333333333333 340.6666666666667 294.0 308.3333333333333 305.6666666666667 281.3333333333333 257.6666666666667 420.0 247.33333333333334 379.6666666666667 245.0 351.0 244.33333333333334 324.6666666666667 
275.3333333333333 517.0 313.3333333333333 496.0 339.6666666666667 463.6666666666667 341.0 439.6666666666667 317.3333333333333 438.0 324.0 387.0 337.6666666666667 333.3333333333333 348.0 303.3333333333333 358.0 277.3333333333333 302.3333333333333 386.6666666666667 312.0 329.0 322.0 293.3333333333333 333.0 264.6666666666667 279.3333333333333 398.6666666666667 283.3333333333333 341.0 293.0 309.0 305.0 282.0 257.3333333333333 420.6666666666667 247.0 380.6666666666667 244.0 351.6666666666667 243.33333333333334 325.0 
274.3333333333333 516.6666666666666 312.6666666666667 495.6666666666667 338.6666666666667 463.6666666666667 341.6666666666667 440.0 319.3333333333333 436.3333333333333 323.6666666666667 387.0 337.0 333.3333333333333 347.0 303.0 356.6666666666667 277.0 301.6666666666667 387.0 311.3333333333333 329.0 321.0 293.3333333333333 332.3333333333333 264.6666666666667 278.6666666666667 399.0 282.6666666666667 341.0 292.3333333333333 308.6666666666667 304.0 281.6666666666667 256.6666666666667 421.0 246.33333333333334 380.6666666666667 243.33333333333334 351.6666666666667 242.33333333333334 325.0 
274.0 517.6666666666666 312.6666666666667 496.6666666666667 338.0 464.3333333333333 342.0 440.0 320.3333333333333 434.3333333333333 323.0 387.6666666666667 336.3333333333333 334.0 346.0 303.0 355.3333333333333 276.6666666666667 301.3333333333333 387.3333333333333 310.6666666666667 329.0 320.6666666666667 293.3333333333333 332.0 264.6666666666667 278.3333333333333 399.3333333333333 282.0 341.0 292.0 308.6666666666667 303.6666666666667 281.3333333333333 256.3333333333333 421.3333333333333 246.33333333333334 380.6666666666667 242.66666666666666 351.6666666666667 241.66666666666666 325.0 
272.6666666666667 518.3333333333334 312.0 496.6666666666667 337.3333333333333 463.6666666666667 342.0 439.0 320.0 432.6666666666667 322.0 388.3333333333333 336.0 334.3333333333333 345.3333333333333 303.0 354.3333333333333 276.3333333333333 300.6666666666667 387.6666666666667 310.3333333333333 329.0 320.3333333333333 293.0 331.3333333333333 264.6666666666667 278.0 399.6666666666667 282.0 341.3333333333333 291.6666666666667 308.6666666666667 303.3333333333333 281.3333333333333 256.0 421.6666666666667 245.66666666666666 381.0 242.33333333333334 351.6666666666667 241.33333333333334 325.3333333333333 
272.6666666666667 518.6666666666666 312.0 496.3333333333333 337.0 463.6666666666667 341.6666666666667 438.3333333333333 319.3333333333333 431.0 321.3333333333333 388.6666666666667 335.3333333333333 334.0 344.6666666666667 302.6666666666667 353.6666666666667 276.0 300.3333333333333 388.0 309.6666666666667 329.0 320.0 293.0 330.6666666666667 264.6666666666667 278.0 400.0 281.6666666666667 341.6666666666667 291.3333333333333 309.0 303.0 281.3333333333333 255.66666666666666 422.0 245.0 381.3333333333333 241.66666666666666 352.0 240.66666666666666 325.6666666666667 
273.3333333333333 519.3333333333334 312.6666666666667 496.3333333333333 336.6666666666667 462.3333333333333 341.6666666666667 436.6666666666667 320.0 429.0 320.6666666666667 388.3333333333333 334.3333333333333 333.6666666666667 343.6666666666667 302.3333333333333 353.0 276.0 299.6666666666667 388.0 309.0 329.0 318.6666666666667 293.0 329.3333333333333 264.3333333333333 277.6666666666667 400.0 281.0 342.0 290.3333333333333 308.6666666666667 301.6666666666667 281.0 255.33333333333334 422.0 244.0 381.6666666666667 241.0 352.0 240.0 325.6666666666667 
274.0 519.0 313.0 495.6666666666667 336.6666666666667 461.3333333333333 342.6666666666667 435.3333333333333 322.3333333333333 425.6666666666667 320.3333333333333 387.6666666666667 333.3333333333333 333.3333333333333 342.3333333333333 302.3333333333333 351.3333333333333 276.0 299.0 387.3333333333333 307.6666666666667 328.6666666666667 317.0 292.6666666666667 327.0 263.6666666666667 276.6666666666667 399.3333333333333 279.6666666666667 341.6666666666667 289.0 308.3333333333333 299.6666666666667 280.3333333333333 254.0 421.6666666666667 242.66666666666666 381.3333333333333 239.33333333333334 352.0 238.33333333333334 325.3333333333333 
274.6666666666667 518.6666666666666 313.6666666666667 494.3333333333333 336.3333333333333 459.0 343.6666666666667 433.0 324.6666666666667 421.3333333333333 319.0 387.0 331.6666666666667 333.3333333333333 340.6666666666667 302.6666666666667 349.3333333333333 276.0 297.6666666666667 387.0 306.0 328.6666666666667 315.0 292.3333333333333 324.6666666666667 263.0 275.3333333333333 399.3333333333333 278.0 342.0 287.0 308.6666666666667 297.3333333333333 280.3333333333333 252.66666666666666 421.6666666666667 241.33333333333334 382.0 237.66666666666666 352.3333333333333 236.0 325.0 
274.3333333333333 515.6666666666666 313.0 490.6666666666667 336.3333333333333 456.0 344.3333333333333 430.0 326.0 416.0 317.6666666666667 386.0 330.6666666666667 332.6666666666667 339.3333333333333 302.6666666666667 347.3333333333333 275.6666666666667 296.3333333333333 386.3333333333333 305.0 328.6666666666667 314.0 292.3333333333333 322.6666666666667 262.6666666666667 274.0 399.0 276.6666666666667 342.0 285.6666666666667 309.3333333333333 295.6666666666667 280.6666666666667 251.0 421.3333333333333 239.66666666666666 382.3333333333333 235.66666666666666 353.0 233.66666666666666 325.3333333333333 
275.0 513.3333333333334 313.0 487.3333333333333 336.0 452.0 343.6666666666667 425.6666666666667 325.3333333333333 411.3333333333333 315.6666666666667 385.3333333333333 329.3333333333333 332.6666666666667 338.0 302.3333333333333 346.0 275.3333333333333 294.6666666666667 386.3333333333333 304.0 329.0 313.0 292.6666666666667 321.3333333333333 262.6666666666667 272.6666666666667 399.3333333333333 275.3333333333333 343.0 284.3333333333333 310.0 294.6666666666667 281.0 250.0 421.6666666666667 238.33333333333334 383.0 234.33333333333334 353.6666666666667 231.66666666666666 325.6666666666667 
275.0 510.3333333333333 312.6666666666667 484.0 336.3333333333333 448.3333333333333 343.3333333333333 420.6666666666667 325.3333333333333 405.0 314.6666666666667 384.6666666666667 328.6666666666667 332.3333333333333 337.0 302.0 345.3333333333333 275.0 293.3333333333333 385.3333333333333 303.0 328.3333333333333 312.3333333333333 292.6666666666667 320.6666666666667 262.6666666666667 271.3333333333333 398.6666666666667 274.0 343.0 283.3333333333333 310.0 294.0 281.3333333333333 249.0 421.3333333333333 237.0 383.0 232.66666666666666 354.0 230.0 326.3333333333333 
276.6666666666667 508.3333333333333 313.6666666666667 481.3333333333333 336.0 445.0 342.3333333333333 415.6666666666667 326.3333333333333 398.3333333333333 314.3333333333333 384.0 327.3333333333333 331.6666666666667 336.0 301.6666666666667 344.3333333333333 274.6666666666667 292.6666666666667 384.6666666666667 301.3333333333333 327.3333333333333 310.6666666666667 292.3333333333333 319.3333333333333 262.3333333333333 270.3333333333333 398.3333333333333 272.3333333333333 343.3333333333333 281.6666666666667 310.0 292.6666666666667 281.6666666666667 248.0 421.3333333333333 236.0 383.0 231.33333333333334 354.0 228.33333333333334 326.3333333333333 
278.0 506.6666666666667 314.3333333333333 480.0 335.6666666666667 443.0 341.6666666666667 412.0 328.3333333333333 392.6666666666667 314.6666666666667 383.0 326.6666666666667 330.6666666666667 335.0 301.0 343.0 273.6666666666667 292.6666666666667 384.0 300.3333333333333 326.3333333333333 309.6666666666667 291.6666666666667 318.3333333333333 262.0 270.0 397.6666666666667 271.3333333333333 343.0 280.6666666666667 310.3333333333333 291.3333333333333 282.0 247.33333333333334 421.0 235.33333333333334 383.0 230.33333333333334 354.0 227.0 326.3333333333333 
279.3333333333333 506.0 315.0 479.6666666666667 335.0 442.0 341.3333333333333 410.3333333333333 330.3333333333333 390.3333333333333 314.6666666666667 382.6666666666667 325.6666666666667 330.0 334.0 300.3333333333333 341.3333333333333 272.6666666666667 292.6666666666667 384.0 300.0 326.0 308.6666666666667 291.3333333333333 317.0 261.6666666666667 269.6666666666667 397.6666666666667 270.6666666666667 343.0 279.6666666666667 310.6666666666667 290.0 282.0 247.0 421.0 234.66666666666666 383.0 229.66666666666666 354.0 226.33333333333334 326.3333333333333 
279.3333333333333 506.3333333333333 315.0 480.0 334.6666666666667 441.6666666666667 341.3333333333333 410.0 332.6666666666667 389.6666666666667 314.3333333333333 382.6666666666667 325.6666666666667 330.0 333.3333333333333 300.0 340.3333333333333 272.0 292.3333333333333 384.0 300.0 326.0 308.6666666666667 291.0 316.3333333333333 261.3333333333333 269.6666666666667 397.6666666666667 270.3333333333333 343.0 279.3333333333333 310.6666666666667 289.3333333333333 282.0 247.0 421.3333333333333 234.33333333333334 383.3333333333333 229.33333333333334 354.0 226.0 326.3333333333333 
279.0 506.6666666666667 315.3333333333333 480.0 334.6666666666667 441.3333333333333 341.6666666666667 409.6666666666667 335.6666666666667 389.0 314.3333333333333 383.0 325.6666666666667 330.0 333.0 300.0 340.0 272.0 292.3333333333333 384.0 300.0 326.0 308.6666666666667 291.0 316.0 261.0 269.6666666666667 398.0 270.3333333333333 343.0 279.0 310.6666666666667 289.0 282.0 247.33333333333334 421.6666666666667 234.33333333333334 383.6666666666667 229.33333333333334 354.0 226.0 326.6666666666667 
279.0 506.6666666666667 316.0 480.0 335.0 441.0 342.0 409.3333333333333 340.6666666666667 387.3333333333333 315.0 383.0 326.0 330.0 333.0 299.6666666666667 340.0 271.6666666666667 292.6666666666667 384.3333333333333 300.3333333333333 326.3333333333333 309.0 291.0 316.0 261.0 270.3333333333333 398.0 271.0 343.0 279.3333333333333 310.6666666666667 289.3333333333333 282.3333333333333 247.66666666666666 422.0 235.0 384.0 230.0 354.3333333333333 226.33333333333334 327.0 
279.3333333333333 506.0 317.0 479.3333333333333 336.3333333333333 440.6666666666667 343.6666666666667 408.6666666666667 347.0 384.6666666666667 315.6666666666667 382.6666666666667 326.0 330.0 332.6666666666667 299.3333333333333 339.6666666666667 271.3333333333333 293.3333333333333 384.3333333333333 300.6666666666667 326.6666666666667 309.0 291.3333333333333 316.3333333333333 261.0 270.6666666666667 398.0 271.6666666666667 343.3333333333333 279.6666666666667 311.3333333333333 289.6666666666667 282.6666666666667 248.0 422.0 235.66666666666666 384.0 230.66666666666666 355.0 227.0 327.6666666666667 
279.3333333333333 505.3333333333333 317.6666666666667 478.6666666666667 337.6666666666667 440.0 346.6666666666667 408.0 356.3333333333333 382.3333333333333 316.6666666666667 382.6666666666667 326.3333333333333 330.3333333333333 333.0 299.3333333333333 339.6666666666667 271.3333333333333 294.3333333333333 384.6666666666667 301.3333333333333 327.6666666666667 309.3333333333333 292.0 316.6666666666667 261.0 271.6666666666667 398.3333333333333 272.3333333333333 344.0 280.3333333333333 311.6666666666667 290.3333333333333 283.0 248.66666666666666 422.3333333333333 236.33333333333334 384.3333333333333 231.33333333333334 356.0 228.0 328.3333333333333 
279.0 505.0 318.0 477.6666666666667 339.0 438.3333333333333 351.0 407.0 365.6666666666667 381.3333333333333 318.0 382.6666666666667 327.0 330.6666666666667 333.3333333333333 299.6666666666667 340.0 271.6666666666667 295.6666666666667 385.0 302.0 328.3333333333333 310.0 293.0 317.6666666666667 261.3333333333333 273.0 399.0 273.0 344.6666666666667 281.0 312.0 291.0 282.3333333333333 250.0 423.0 237.33333333333334 385.0 232.33333333333334 356.6666666666667 229.33333333333334 328.6666666666667 
279.3333333333333 504.3333333333333 318.3333333333333 476.6666666666667 340.6666666666667 437.0 356.0 406.3333333333333 374.6666666666667 382.0 319.3333333333333 382.6666666666667 327.6666666666667 331.0 334.3333333333333 300.0 341.0 272.3333333333333 296.6666666666667 385.0 302.3333333333333 329.0 310.6666666666667 293.3333333333333 318.6666666666667 261.6666666666667 274.0 399.3333333333333 273.3333333333333 345.0 281.3333333333333 312.0 291.3333333333333 281.6666666666667 251.0 423.0 238.33333333333334 385.0 233.33333333333334 357.0 230.66666666666666 329.0 
279.3333333333333 502.3333333333333 318.3333333333333 475.3333333333333 341.6666666666667 436.3333333333333 359.6666666666667 406.6666666666667 380.3333333333333 383.3333333333333 320.3333333333333 382.0 328.3333333333333 330.6666666666667 335.0 300.0 342.3333333333333 272.6666666666667 297.3333333333333 384.3333333333333 302.6666666666667 328.6666666666667 311.3333333333333 293.3333333333333 320.0 262.0 274.3333333333333 398.6666666666667 273.3333333333333 344.6666666666667 281.3333333333333 311.6666666666667 291.3333333333333 280.6666666666667 251.33333333333334 422.3333333333333 239.0 384.3333333333333 234.0 356.3333333333333 231.66666666666666 328.6666666666667 
279.3333333333333 500.0 317.6666666666667 474.0 342.3333333333333 436.6666666666667 361.6666666666667 407.6666666666667 383.6666666666667 384.3333333333333 320.6666666666667 381.0 329.3333333333333 330.3333333333333 336.3333333333333 300.0 344.0 272.6666666666667 297.6666666666667 382.6666666666667 303.0 328.0 312.0 293.0 320.6666666666667 261.6666666666667 274.0 397.0 273.3333333333333 343.6666666666667 281.0 310.6666666666667 290.6666666666667 279.6666666666667 250.66666666666666 420.3333333333333 238.66666666666666 382.6666666666667 234.0 355.0 231.66666666666666 327.6666666666667 
278.0 498.0 316.6666666666667 473.3333333333333 341.6666666666667 437.0 362.3333333333333 408.3333333333333 385.0 384.6666666666667 321.0 380.3333333333333 331.0 329.6666666666667 338.3333333333333 299.6666666666667 346.3333333333333 272.3333333333333 298.0 381.6666666666667 304.0 327.3333333333333 312.6666666666667 292.6666666666667 321.3333333333333 261.0 274.0 395.3333333333333 273.6666666666667 342.6666666666667 281.0 309.3333333333333 290.6666666666667 278.3333333333333 250.33333333333334 418.6666666666667 238.33333333333334 381.3333333333333 233.66666666666666 353.0 231.0 326.0 
277.3333333333333 497.3333333333333 315.6666666666667 472.6666666666667 341.6666666666667 436.6666666666667 363.0 408.3333333333333 386.0 384.3333333333333 321.0 380.0 332.3333333333333 329.3333333333333 340.3333333333333 299.3333333333333 348.6666666666667 271.6666666666667 298.0 380.6666666666667 304.6666666666667 326.6666666666667 313.3333333333333 292.0 322.0 260.0 274.0 394.0 274.3333333333333 341.6666666666667 281.3333333333333 307.6666666666667 291.0 276.6666666666667 250.0 417.0 238.0 379.6666666666667 233.66666666666666 351.0 230.66666666666666 324.0 
277.3333333333333 497.0 315.6666666666667 472.3333333333333 341.6666666666667 436.3333333333333 364.3333333333333 408.3333333333333 387.3333333333333 384.3333333333333 321.3333333333333 380.0 333.3333333333333 329.0 341.6666666666667 298.6666666666667 350.3333333333333 271.3333333333333 298.3333333333333 380.6666666666667 305.3333333333333 326.3333333333333 314.3333333333333 291.3333333333333 323.3333333333333 259.3333333333333 274.3333333333333 393.6666666666667 275.0 341.3333333333333 282.0 307.0 292.0 275.6666666666667 250.0 416.3333333333333 238.66666666666666 378.6666666666667 234.33333333333334 350.0 231.33333333333334 322.6666666666667 
277.6666666666667 497.3333333333333 315.6666666666667 472.0 342.3333333333333 436.3333333333333 365.6666666666667 408.6666666666667 388.6666666666667 385.0 322.0 380.0 334.0 329.0 342.6666666666667 298.6666666666667 351.6666666666667 271.3333333333333 299.0 380.6666666666667 306.3333333333333 326.0 315.6666666666667 291.0 325.0 259.0 275.0 393.6666666666667 276.3333333333333 341.0 283.6666666666667 306.6666666666667 293.6666666666667 275.0 250.66666666666666 416.3333333333333 239.66666666666666 378.0 235.66666666666666 349.6666666666667 232.66666666666666 322.0 
278.6666666666667 497.0 316.6666666666667 471.6666666666667 343.0 436.3333333333333 366.6666666666667 409.0 390.0 385.6666666666667 323.0 379.6666666666667 335.0 328.6666666666667 343.6666666666667 298.3333333333333 352.3333333333333 271.3333333333333 300.3333333333333 380.6666666666667 307.6666666666667 325.6666666666667 317.0 291.0 326.3333333333333 259.0 276.3333333333333 393.6666666666667 277.6666666666667 340.6666666666667 285.6666666666667 306.6666666666667 295.6666666666667 275.0 252.0 416.3333333333333 241.33333333333334 378.0 237.33333333333334 349.6666666666667 234.66666666666666 321.6666666666667 
280.0 496.6666666666667 318.0 471.3333333333333 344.0 436.0 367.3333333333333 408.6666666666667 391.0 386.0 324.0 379.3333333333333 336.0 328.3333333333333 345.0 298.3333333333333 354.0 271.3333333333333 301.6666666666667 380.3333333333333 309.0 325.3333333333333 318.3333333333333 290.6666666666667 328.3333333333333 259.0 277.6666666666667 393.3333333333333 279.3333333333333 340.3333333333333 288.0 306.3333333333333 298.3333333333333 274.6666666666667 253.66666666666666 416.0 242.66666666666666 378.0 238.66666666666666 349.3333333333333 236.33333333333334 321.6666666666667 
281.0 495.3333333333333 319.3333333333333 470.6666666666667 345.0 435.3333333333333 368.0 408.3333333333333 392.0 385.6666666666667 324.6666666666667 379.0 336.6666666666667 328.0 346.0 298.0 355.0 270.6666666666667 302.6666666666667 379.6666666666667 310.0 324.6666666666667 319.6666666666667 290.0 330.0 258.0 279.0 393.0 280.6666666666667 339.6666666666667 289.6666666666667 305.6666666666667 300.3333333333333 274.3333333333333 255.0 415.3333333333333 244.0 378.0 240.0 349.0 238.0 321.3333333333333 
282.0 494.6666666666667 320.3333333333333 470.3333333333333 346.0 435.0 369.3333333333333 408.0 393.0 385.3333333333333 325.3333333333333 379.0 337.3333333333333 328.0 346.6666666666667 297.6666666666667 356.3333333333333 270.3333333333333 303.3333333333333 379.3333333333333 311.3333333333333 324.0 321.3333333333333 288.6666666666667 332.3333333333333 256.3333333333333 280.0 393.0 282.0 339.3333333333333 291.3333333333333 305.0 302.6666666666667 273.3333333333333 256.0 415.0 245.0 377.6666666666667 241.0 349.0 239.0 321.3333333333333 
282.3333333333333 493.6666666666667 320.6666666666667 470.0 347.0 435.0 370.6666666666667 408.0 394.0 385.0 326.0 378.6666666666667 338.0 328.0 347.3333333333333 297.3333333333333 356.6666666666667 270.0 304.0 379.0 312.3333333333333 323.6666666666667 322.3333333333333 288.0 333.3333333333333 255.0 280.6666666666667 393.0 283.0 339.0 292.3333333333333 304.6666666666667 304.0 273.0 256.6666666666667 415.0 245.66666666666666 377.3333333333333 242.0 349.0 240.0 321.0 
283.0 493.6666666666667 321.0 470.3333333333333 347.6666666666667 435.3333333333333 371.6666666666667 408.3333333333333 395.0 385.3333333333333 326.6666666666667 378.6666666666667 339.0 328.0 348.0 297.0 357.3333333333333 270.0 305.0 379.3333333333333 313.3333333333333 323.6666666666667 323.3333333333333 287.6666666666667 334.0 254.66666666666666 281.3333333333333 393.0 284.0 339.0 293.3333333333333 304.6666666666667 305.3333333333333 272.6666666666667 257.3333333333333 415.0 246.33333333333334 377.3333333333333 242.66666666666666 349.0 240.66666666666666 321.3333333333333 
282.6666666666667 494.0 320.6666666666667 470.6666666666667 348.0 435.6666666666667 372.3333333333333 409.0 396.0 386.0 327.0 379.0 339.6666666666667 328.3333333333333 348.6666666666667 297.3333333333333 357.6666666666667 270.0 305.3333333333333 379.6666666666667 314.0 324.0 324.0 287.6666666666667 334.3333333333333 254.33333333333334 281.6666666666667 393.0 285.0 339.0 294.0 304.6666666666667 306.0 272.6666666666667 257.6666666666667 415.3333333333333 246.66666666666666 377.6666666666667 243.0 349.6666666666667 241.0 322.0 
282.6666666666667 494.6666666666667 320.6666666666667 471.0 348.3333333333333 436.3333333333333 372.6666666666667 410.0 397.0 387.3333333333333 327.3333333333333 379.6666666666667 340.3333333333333 328.6666666666667 349.0 297.6666666666667 358.0 270.3333333333333 305.6666666666667 380.3333333333333 314.3333333333333 324.3333333333333 324.3333333333333 287.6666666666667 334.3333333333333 254.33333333333334 282.0 393.3333333333333 285.3333333333333 339.6666666666667 294.6666666666667 305.0 306.3333333333333 273.3333333333333 258.0 416.0 247.0 378.6666666666667 243.0 350.6666666666667 241.0 323.0 
282.6666666666667 495.6666666666667 320.6666666666667 471.6666666666667 348.6666666666667 437.0 373.3333333333333 410.6666666666667 397.6666666666667 388.3333333333333 327.6666666666667 380.3333333333333 340.6666666666667 329.3333333333333 349.3333333333333 298.3333333333333 358.0 270.6666666666667 305.6666666666667 381.0 314.6666666666667 325.0 324.6666666666667 288.0 334.6666666666667 254.66666666666666 282.0 394.0 285.3333333333333 340.6666666666667 295.0 305.6666666666667 306.6666666666667 274.3333333333333 258.0 417.0 247.0 379.6666666666667 243.33333333333334 352.0 241.33333333333334 324.3333333333333 
282.6666666666667 496.6666666666667 321.0 472.6666666666667 349.0 438.0 373.6666666666667 411.3333333333333 398.3333333333333 389.3333333333333 328.3333333333333 381.3333333333333 341.0 330.0 349.6666666666667 299.0 358.3333333333333 271.3333333333333 306.3333333333333 382.0 314.6666666666667 326.0 324.6666666666667 289.3333333333333 334.6666666666667 256.3333333333333 282.3333333333333 395.0 285.3333333333333 341.6666666666667 295.0 307.0 306.6666666666667 276.0 258.3333333333333 418.0 247.33333333333334 381.0 243.66666666666666 353.0 241.66666666666666 325.6666666666667 
282.3333333333333 497.6666666666667 321.0 473.6666666666667 349.3333333333333 439.0 374.0 412.3333333333333 399.0 390.3333333333333 329.0 382.0 341.6666666666667 330.6666666666667 350.6666666666667 299.6666666666667 359.0 271.6666666666667 307.0 382.6666666666667 315.3333333333333 327.0 325.3333333333333 290.6666666666667 335.3333333333333 257.6666666666667 283.0 395.6666666666667 286.0 342.3333333333333 295.3333333333333 308.3333333333333 307.3333333333333 277.3333333333333 259.0 418.6666666666667 248.33333333333334 381.6666666666667 244.66666666666666 354.0 242.33333333333334 327.0 
282.0 498.6666666666667 321.0 474.6666666666667 349.3333333333333 440.0 374.3333333333333 413.6666666666667 399.6666666666667 391.6666666666667 330.0 383.0 342.6666666666667 331.3333333333333 351.6666666666667 300.3333333333333 360.0 272.3333333333333 308.0 383.6666666666667 316.0 328.0 326.0 292.0 336.0 259.3333333333333 284.0 396.6666666666667 287.3333333333333 343.0 296.3333333333333 309.6666666666667 308.0 279.0 260.0 419.3333333333333 249.33333333333334 382.3333333333333 245.66666666666666 355.0 243.33333333333334 328.0 
281.3333333333333 500.0 320.3333333333333 476.0 349.0 441.3333333333333 374.3333333333333 415.0 400.0 393.0 330.3333333333333 383.6666666666667 343.6666666666667 332.0 352.6666666666667 301.0 360.6666666666667 273.0 308.6666666666667 384.6666666666667 316.6666666666667 329.3333333333333 326.3333333333333 293.3333333333333 336.3333333333333 261.0 284.6666666666667 397.6666666666667 288.3333333333333 344.3333333333333 297.0 311.3333333333333 308.3333333333333 281.0 260.3333333333333 420.3333333333333 249.66666666666666 383.6666666666667 246.33333333333334 356.6666666666667 244.0 329.6666666666667 
280.0 502.6666666666667 319.3333333333333 478.3333333333333 348.0 443.0 374.0 416.3333333333333 399.6666666666667 394.3333333333333 330.0 385.3333333333333 343.3333333333333 333.3333333333333 352.3333333333333 302.3333333333333 360.6666666666667 274.6666666666667 308.3333333333333 386.3333333333333 316.3333333333333 331.0 326.0 295.3333333333333 336.3333333333333 263.3333333333333 284.3333333333333 399.6666666666667 288.3333333333333 346.3333333333333 296.6666666666667 313.3333333333333 307.6666666666667 283.0 260.0 422.3333333333333 249.0 386.3333333333333 245.66666666666666 359.3333333333333 243.66666666666666 332.3333333333333 
278.3333333333333 503.3333333333333 318.0 479.0 347.3333333333333 443.6666666666667 373.0 416.6666666666667 399.3333333333333 394.6666666666667 329.3333333333333 386.0 342.6666666666667 333.6666666666667 351.3333333333333 303.0 360.0 275.3333333333333 307.3333333333333 387.0 315.6666666666667 332.0 325.0 296.3333333333333 335.3333333333333 264.3333333333333 283.3333333333333 400.3333333333333 287.3333333333333 347.3333333333333 295.3333333333333 314.3333333333333 306.3333333333333 284.0 258.6666666666667 423.0 247.66666666666666 387.0 244.0 360.0 242.0 333.0 
277.6666666666667 501.3333333333333 317.6666666666667 476.6666666666667 347.0 441.3333333333333 372.3333333333333 414.6666666666667 398.6666666666667 393.3333333333333 328.3333333333333 385.3333333333333 341.3333333333333 332.0 349.3333333333333 301.6666666666667 358.0 274.0 306.0 386.0 314.3333333333333 330.3333333333333 323.3333333333333 294.3333333333333 333.3333333333333 262.3333333333333 282.0 399.3333333333333 285.6666666666667 346.3333333333333 293.3333333333333 313.3333333333333 303.6666666666667 283.0 257.3333333333333 421.6666666666667 246.0 385.0 242.0 357.6666666666667 239.66666666666666 330.6666666666667 
277.6666666666667 496.0 317.3333333333333 471.6666666666667 346.6666666666667 436.6666666666667 371.6666666666667 410.3333333333333 397.6666666666667 389.3333333333333 326.6666666666667 381.6666666666667 339.6666666666667 328.0 347.3333333333333 298.0 355.6666666666667 270.0 304.3333333333333 382.3333333333333 313.0 326.0 321.6666666666667 289.6666666666667 330.6666666666667 257.6666666666667 280.3333333333333 395.0 283.6666666666667 342.0 291.3333333333333 309.0 301.0 279.0 255.66666666666666 416.6666666666667 244.0 379.6666666666667 239.66666666666666 352.0 237.0 325.0 
277.0 490.6666666666667 316.6666666666667 466.3333333333333 345.6666666666667 431.6666666666667 370.6666666666667 405.6666666666667 396.0 385.3333333333333 324.3333333333333 376.6666666666667 337.3333333333333 323.6666666666667 345.0 293.3333333333333 353.3333333333333 265.6666666666667 302.3333333333333 377.0 311.0 320.6666666666667 319.3333333333333 284.3333333333333 328.0 252.33333333333334 278.3333333333333 389.6666666666667 281.3333333333333 337.0 289.0 303.6666666666667 298.3333333333333 273.6666666666667 254.0 411.0 242.0 374.3333333333333 237.0 346.6666666666667 234.0 319.3333333333333 
275.6666666666667 487.0 315.0 463.0 344.0 428.6666666666667 369.3333333333333 402.3333333333333 394.0 381.6666666666667 322.0 372.0 335.0 320.3333333333333 343.3333333333333 289.6666666666667 351.6666666666667 262.3333333333333 300.0 372.3333333333333 308.6666666666667 316.6666666666667 317.3333333333333 280.6666666666667 326.0 248.66666666666666 276.0 385.0 279.0 332.6666666666667 287.0 299.3333333333333 296.6666666666667 269.3333333333333 252.0 406.3333333333333 240.0 370.3333333333333 234.66666666666666 342.6666666666667 231.66666666666666 315.3333333333333 
273.3333333333333 485.3333333333333 313.0 461.3333333333333 342.0 427.0 367.6666666666667 400.6666666666667 392.6666666666667 379.6666666666667 320.0 369.3333333333333 333.0 318.3333333333333 341.6666666666667 287.6666666666667 350.3333333333333 260.3333333333333 298.0 369.3333333333333 306.3333333333333 314.6666666666667 315.0 278.6666666666667 323.6666666666667 246.66666666666666 274.0 382.0 277.0 330.3333333333333 285.0 297.3333333333333 295.0 267.3333333333333 250.33333333333334 404.0 238.0 368.3333333333333 232.66666666666666 340.6666666666667 229.66666666666666 313.3333333333333 
271.0 485.3333333333333 310.6666666666667 461.3333333333333 340.0 426.6666666666667 366.3333333333333 400.0 391.3333333333333 378.6666666666667 318.0 368.3333333333333 331.3333333333333 317.6666666666667 340.6666666666667 287.0 349.0 259.6666666666667 296.0 368.3333333333333 304.0 314.0 313.3333333333333 278.3333333333333 321.6666666666667 246.33333333333334 272.0 381.0 275.3333333333333 329.6666666666667 283.3333333333333 297.0 293.3333333333333 267.0 248.66666666666666 403.6666666666667 236.0 368.0 231.0 340.3333333333333 228.0 313.0 
268.0 485.6666666666667 308.3333333333333 461.6666666666667 338.0 426.6666666666667 364.6666666666667 400.0 390.0 378.6666666666667 316.0 368.0 329.6666666666667 317.3333333333333 339.0 287.0 347.6666666666667 259.6666666666667 294.0 368.0 302.3333333333333 314.3333333333333 311.3333333333333 278.6666666666667 319.6666666666667 246.33333333333334 270.0 380.6666666666667 273.3333333333333 329.6666666666667 281.3333333333333 297.0 291.0 267.3333333333333 246.33333333333334 403.3333333333333 233.66666666666666 368.0 228.66666666666666 340.3333333333333 225.66666666666666 312.6666666666667 
265.3333333333333 486.0 306.0 462.0 336.0 427.0 363.0 399.6666666666667 388.3333333333333 379.0 313.6666666666667 367.6666666666667 327.6666666666667 317.3333333333333 337.3333333333333 287.0 345.6666666666667 260.0 291.6666666666667 367.6666666666667 300.3333333333333 314.3333333333333 309.3333333333333 278.6666666666667 317.6666666666667 246.33333333333334 267.6666666666667 380.6666666666667 271.0 329.6666666666667 279.0 297.0 288.3333333333333 267.3333333333333 243.33333333333334 402.6666666666667 231.0 367.3333333333333 226.0 340.0 222.66666666666666 312.0 
263.0 485.6666666666667 304.0 462.0 334.3333333333333 427.0 361.0 399.6666666666667 386.6666666666667 379.0 311.6666666666667 367.0 325.6666666666667 316.6666666666667 335.0 286.6666666666667 343.6666666666667 259.6666666666667 289.3333333333333 367.0 298.3333333333333 314.0 306.6666666666667 278.0 315.0 245.66666666666666 265.3333333333333 380.0 268.3333333333333 329.3333333333333 276.3333333333333 296.6666666666667 285.3333333333333 267.0 240.33333333333334 401.6666666666667 228.0 366.6666666666667 223.0 339.0 219.66666666666666 311.3333333333333 
261.6666666666667 485.6666666666667 302.3333333333333 462.3333333333333 333.0 427.0 359.3333333333333 400.0 385.3333333333333 379.3333333333333 310.0 366.6666666666667 324.0 316.6666666666667 333.6666666666667 286.6666666666667 342.3333333333333 259.6666666666667 287.3333333333333 366.6666666666667 296.0 313.3333333333333 304.6666666666667 277.3333333333333 313.0 245.33333333333334 263.3333333333333 379.6666666666667 266.3333333333333 329.0 274.3333333333333 296.3333333333333 283.3333333333333 266.3333333333333 238.66666666666666 401.6666666666667 225.66666666666666 366.3333333333333 220.66666666666666 339.0 217.33333333333334 311.3333333333333 
261.3333333333333 486.0 302.0 463.0 333.0 427.3333333333333 359.0 401.0 384.6666666666667 380.3333333333333 309.6666666666667 367.0 324.0 317.3333333333333 333.3333333333333 287.0 342.0 260.0 286.3333333333333 367.0 294.6666666666667 313.6666666666667 303.3333333333333 277.6666666666667 312.0 245.66666666666666 262.3333333333333 380.0 265.3333333333333 329.3333333333333 273.3333333333333 296.0 282.6666666666667 266.0 238.0 402.3333333333333 224.66666666666666 366.6666666666667 219.66666666666666 339.0 216.66666666666666 311.6666666666667 
262.6666666666667 487.0 303.0 463.6666666666667 334.0 427.6666666666667 360.0 401.6666666666667 385.0 381.3333333333333 309.6666666666667 367.6666666666667 324.6666666666667 318.6666666666667 334.6666666666667 288.3333333333333 344.0 261.6666666666667 286.0 367.6666666666667 294.6666666666667 314.3333333333333 304.0 278.6666666666667 313.0 246.66666666666666 262.0 380.3333333333333 265.0 329.3333333333333 273.6666666666667 296.0 283.3333333333333 266.0 238.0 402.3333333333333 224.66666666666666 366.3333333333333 219.66666666666666 339.0 216.66666666666666 311.3333333333333 
264.3333333333333 487.6666666666667 305.0 464.0 335.6666666666667 427.6666666666667 361.6666666666667 401.6666666666667 386.3333333333333 381.6666666666667 309.6666666666667 368.0 325.3333333333333 319.6666666666667 336.3333333333333 289.6666666666667 347.0 263.6666666666667 286.0 368.0 295.0 315.0 305.3333333333333 280.0 315.3333333333333 248.66666666666666 261.6666666666667 380.3333333333333 264.6666666666667 329.6666666666667 274.3333333333333 296.3333333333333 285.0 266.3333333333333 237.66666666666666 401.6666666666667 225.0 365.6666666666667 220.0 338.0 217.33333333333334 310.3333333333333 
266.6666666666667 488.3333333333333 307.0 464.0 337.3333333333333 427.3333333333333 363.3333333333333 401.3333333333333 388.0 381.3333333333333 309.3333333333333 368.0 325.3333333333333 320.0 338.0 291.0 350.3333333333333 265.6666666666667 286.0 368.0 295.3333333333333 315.3333333333333 307.0 281.3333333333333 318.0 251.0 261.3333333333333 380.0 264.3333333333333 329.6666666666667 275.0 297.3333333333333 287.0 267.6666666666667 237.33333333333334 401.0 225.33333333333334 365.0 220.66666666666666 337.6666666666667 218.33333333333334 310.0 
268.6666666666667 488.6666666666667 309.0 464.0 339.0 427.0 364.6666666666667 401.3333333333333 390.0 381.3333333333333 309.3333333333333 368.3333333333333 325.3333333333333 320.6666666666667 339.0 292.3333333333333 352.0 267.3333333333333 286.0 368.3333333333333 295.0 316.3333333333333 308.0 283.3333333333333 320.3333333333333 254.66666666666666 261.3333333333333 380.0 264.3333333333333 330.3333333333333 275.6666666666667 298.6666666666667 289.3333333333333 270.3333333333333 237.33333333333334 401.0 226.33333333333334 365.0 222.0 337.3333333333333 220.66666666666666 310.3333333333333 
270.3333333333333 489.0 310.6666666666667 464.0 340.6666666666667 427.0 366.6666666666667 401.6666666666667 392.0 382.0 309.6666666666667 369.3333333333333 325.6666666666667 321.3333333333333 340.0 293.3333333333333 354.0 268.6666666666667 286.0 369.0 295.3333333333333 317.6666666666667 309.0 285.6666666666667 323.0 258.0 261.6666666666667 380.6666666666667 264.6666666666667 331.0 277.0 300.3333333333333 292.3333333333333 273.3333333333333 237.66666666666666 401.6666666666667 227.66666666666666 365.3333333333333 224.33333333333334 337.6666666666667 224.0 311.3333333333333 
271.0 489.0 311.6666666666667 463.6666666666667 342.0 426.6666666666667 368.0 401.6666666666667 393.6666666666667 382.6666666666667 310.0 369.6666666666667 326.0 322.0 341.0 294.6666666666667 357.0 271.3333333333333 286.0 369.6666666666667 295.3333333333333 318.6666666666667 310.3333333333333 288.0 326.6666666666667 261.6666666666667 261.6666666666667 381.3333333333333 265.0 331.6666666666667 279.0 301.6666666666667 296.0 276.3333333333333 237.66666666666666 402.3333333333333 229.0 365.6666666666667 226.66666666666666 337.6666666666667 227.66666666666666 311.6666666666667 
270.3333333333333 488.6666666666667 311.3333333333333 463.0 341.6666666666667 426.0 368.0 401.0 394.0 382.3333333333333 309.0 369.0 325.3333333333333 321.6666666666667 341.3333333333333 296.0 359.3333333333333 274.6666666666667 285.0 369.6666666666667 295.0 319.6666666666667 312.6666666666667 292.3333333333333 332.3333333333333 269.3333333333333 260.6666666666667 382.0 264.3333333333333 332.6666666666667 280.3333333333333 304.6666666666667 299.6666666666667 281.0 236.33333333333334 403.0 229.33333333333334 365.6666666666667 228.33333333333334 337.6666666666667 230.33333333333334 312.0 
269.0 488.3333333333333 310.0 462.3333333333333 340.6666666666667 424.6666666666667 366.3333333333333 399.6666666666667 392.6666666666667 381.0 307.6666666666667 367.0 324.3333333333333 322.0 341.6666666666667 300.6666666666667 361.0 283.6666666666667 283.6666666666667 369.0 294.6666666666667 321.0 314.6666666666667 298.6666666666667 336.0 281.3333333333333 259.3333333333333 381.6666666666667 264.3333333333333 334.0 282.3333333333333 309.3333333333333 303.0 289.0 234.66666666666666 402.6666666666667 231.0 366.0 232.0 339.0 235.33333333333334 314.0 
267.0 487.0 308.3333333333333 461.6666666666667 339.3333333333333 423.3333333333333 365.0 397.6666666666667 390.6666666666667 379.0 306.6666666666667 366.3333333333333 323.6666666666667 322.3333333333333 343.3333333333333 306.6666666666667 363.3333333333333 298.0 283.0 368.6666666666667 295.3333333333333 321.0 318.3333333333333 307.0 340.3333333333333 301.0 258.3333333333333 381.0 266.0 335.0 286.6666666666667 318.6666666666667 307.3333333333333 307.6666666666667 232.66666666666666 401.6666666666667 233.33333333333334 366.3333333333333 239.33333333333334 342.3333333333333 247.33333333333334 321.3333333333333 
265.6666666666667 484.3333333333333 307.0 460.6666666666667 338.3333333333333 421.3333333333333 364.0 395.6666666666667 389.3333333333333 377.0 306.0 365.0 323.6666666666667 321.6666666666667 345.6666666666667 312.6666666666667 366.0 313.3333333333333 282.6666666666667 368.0 295.6666666666667 319.6666666666667 321.3333333333333 313.3333333333333 343.3333333333333 318.0 257.6666666666667 380.3333333333333 265.6666666666667 334.3333333333333 290.3333333333333 326.0 311.3333333333333 325.0 231.66666666666666 400.3333333333333 234.66666666666666 366.3333333333333 247.33333333333334 347.6666666666667 261.3333333333333 334.0 
264.6666666666667 481.3333333333333 305.6666666666667 459.0 337.0 419.6666666666667 363.0 394.0 387.6666666666667 375.6666666666667 305.6666666666667 365.3333333333333 324.6666666666667 319.0 349.3333333333333 318.6666666666667 367.3333333333333 329.6666666666667 282.0 368.6666666666667 297.0 317.3333333333333 326.3333333333333 323.3333333333333 345.6666666666667 340.0 256.3333333333333 380.0 265.6666666666667 332.3333333333333 295.0 336.3333333333333 315.6666666666667 347.6666666666667 229.33333333333334 398.6666666666667 233.66666666666666 364.0 253.66666666666666 353.0 273.3333333333333 349.3333333333333 
263.3333333333333 480.0 303.6666666666667 457.6666666666667 335.3333333333333 418.0 361.3333333333333 393.0 385.6666666666667 374.0 305.3333333333333 363.6666666666667 326.3333333333333 318.3333333333333 350.6666666666667 328.3333333333333 364.3333333333333 346.3333333333333 280.6666666666667 367.6666666666667 299.0 318.6666666666667 328.6666666666667 336.6666666666667 344.3333333333333 360.3333333333333 255.0 379.0 265.6666666666667 332.0 298.0 347.6666666666667 317.3333333333333 367.6666666666667 227.33333333333334 397.3333333333333 234.66666666666666 362.6666666666667 259.3333333333333 362.6666666666667 279.0 370.3333333333333 
262.0 481.6666666666667 302.6666666666667 456.0 333.6666666666667 416.3333333333333 359.0 391.3333333333333 383.0 372.6666666666667 305.3333333333333 364.0 328.3333333333333 321.3333333333333 351.3333333333333 340.3333333333333 360.3333333333333 363.0 279.3333333333333 368.0 301.3333333333333 324.0 329.3333333333333 352.6666666666667 340.6666666666667 380.6666666666667 252.66666666666666 379.0 268.0 336.6666666666667 300.6666666666667 363.3333333333333 317.3333333333333 389.3333333333333 224.33333333333334 397.3333333333333 236.33333333333334 365.3333333333333 263.6666666666667 374.6666666666667 282.0 389.3333333333333 
259.6666666666667 483.3333333333333 301.0 455.6666666666667 331.6666666666667 415.3333333333333 356.3333333333333 390.0 380.3333333333333 371.3333333333333 304.6666666666667 363.6666666666667 328.6666666666667 327.0 347.0 353.6666666666667 351.0 377.6666666666667 278.3333333333333 367.3333333333333 302.3333333333333 331.0 325.3333333333333 366.6666666666667 331.6666666666667 395.0 250.66666666666666 378.6666666666667 269.3333333333333 342.3333333333333 298.3333333333333 376.6666666666667 309.3333333333333 404.3333333333333 221.66666666666666 397.6666666666667 238.0 369.3333333333333 265.0 387.0 279.0 406.6666666666667 
257.0 483.6666666666667 299.0 454.3333333333333 328.6666666666667 413.6666666666667 352.3333333333333 388.0 376.6666666666667 370.3333333333333 301.3333333333333 364.0 326.0 330.3333333333333 341.0 362.3333333333333 340.3333333333333 384.3333333333333 275.0 367.3333333333333 300.3333333333333 336.0 319.3333333333333 376.0 319.6666666666667 401.0 246.66666666666666 379.0 267.6666666666667 347.0 292.3333333333333 385.0 297.0 409.0 217.33333333333334 398.0 235.0 372.6666666666667 260.6666666666667 394.0 270.6666666666667 412.6666666666667 
253.66666666666666 481.6666666666667 295.0 454.0 325.0 413.0 348.3333333333333 387.0 371.3333333333333 369.0 296.6666666666667 363.0 321.0 330.6666666666667 333.0 366.6666666666667 328.3333333333333 387.3333333333333 271.0 366.0 296.6666666666667 336.6666666666667 312.0 380.6666666666667 306.3333333333333 402.3333333333333 242.66666666666666 377.3333333333333 264.6666666666667 347.0 285.3333333333333 388.3333333333333 283.3333333333333 409.0 213.0 396.0 231.33333333333334 372.0 255.0 396.3333333333333 260.3333333333333 414.3333333333333 
250.66666666666666 478.3333333333333 291.6666666666667 451.6666666666667 321.6666666666667 410.6666666666667 344.3333333333333 384.6666666666667 366.0 365.6666666666667 291.6666666666667 360.0 315.3333333333333 328.0 326.6666666666667 365.3333333333333 321.0 384.3333333333333 266.3333333333333 363.0 291.3333333333333 333.6666666666667 305.6666666666667 379.0 297.6666666666667 398.0 238.66666666666666 374.3333333333333 260.0 344.3333333333333 279.3333333333333 386.0 274.3333333333333 404.0 209.33333333333334 393.0 227.66666666666666 369.6666666666667 250.33333333333334 394.6666666666667 253.0 411.0 
247.0 472.0 288.0 447.6666666666667 318.6666666666667 407.3333333333333 341.0 380.6666666666667 360.0 359.6666666666667 289.3333333333333 354.0 310.6666666666667 322.6666666666667 322.0 359.6666666666667 317.0 380.0 264.0 356.3333333333333 286.3333333333333 325.3333333333333 300.6666666666667 371.0 293.3333333333333 391.3333333333333 236.33333333333334 367.0 255.0 336.3333333333333 274.0 377.6666666666667 269.0 396.3333333333333 207.33333333333334 385.3333333333333 225.0 362.0 246.0 387.3333333333333 247.33333333333334 403.3333333333333 
243.33333333333334 461.0 285.0 437.6666666666667 316.3333333333333 398.6666666666667 338.3333333333333 371.3333333333333 355.0 348.6666666666667 288.0 343.3333333333333 306.0 312.3333333333333 317.3333333333333 349.0 313.3333333333333 371.0 262.6666666666667 345.0 281.6666666666667 312.6666666666667 296.0 357.3333333333333 290.0 380.0 235.33333333333334 354.3333333333333 251.0 322.6666666666667 269.3333333333333 363.3333333333333 265.0 383.6666666666667 206.33333333333334 371.6666666666667 223.33333333333334 347.3333333333333 242.66666666666666 372.6666666666667 243.0 389.3333333333333 
240.33333333333334 445.6666666666667 282.0 422.6666666666667 313.3333333333333 385.0 334.6666666666667 357.0 350.3333333333333 334.0 286.6666666666667 328.6666666666667 301.6666666666667 298.0 313.0 333.3333333333333 309.6666666666667 356.6666666666667 261.3333333333333 329.6666666666667 277.6666666666667 296.6666666666667 291.6666666666667 340.0 286.6666666666667 363.6666666666667 234.33333333333334 337.6666666666667 248.0 305.6666666666667 265.3333333333333 345.3333333333333 262.0 366.3333333333333 205.66666666666666 353.3333333333333 222.33333333333334 329.0 239.66666666666666 354.0 239.33333333333334 370.6666666666667 
239.66666666666666 430.6666666666667 280.3333333333333 407.6666666666667 310.6666666666667 370.3333333333333 331.0 342.6666666666667 347.6666666666667 320.0 284.3333333333333 315.6666666666667 298.3333333333333 283.0 310.3333333333333 316.3333333333333 307.0 339.0 260.0 316.6666666666667 275.6666666666667 282.3333333333333 289.3333333333333 324.6666666666667 283.6666666666667 347.0 234.0 324.0 247.66666666666666 291.0 264.0 329.6666666666667 259.6666666666667 349.6666666666667 205.66666666666666 338.3333333333333 222.66666666666666 312.6666666666667 239.0 336.6666666666667 237.33333333333334 353.3333333333333 
240.66666666666666 421.0 280.6666666666667 398.0 309.6666666666667 360.6666666666667 329.0 333.3333333333333 347.0 311.3333333333333 283.3333333333333 307.6666666666667 297.3333333333333 273.0 310.3333333333333 305.0 307.3333333333333 326.6666666666667 259.3333333333333 309.0 276.3333333333333 273.0 290.0 315.3333333333333 283.0 336.0 234.0 316.6666666666667 249.0 281.6666666666667 265.0 319.6666666666667 259.3333333333333 338.6666666666667 206.0 330.3333333333333 223.66666666666666 303.0 240.0 326.6666666666667 238.0 343.0 
242.33333333333334 418.0 281.3333333333333 395.6666666666667 309.6666666666667 358.3333333333333 329.3333333333333 331.6666666666667 347.6666666666667 309.6666666666667 283.3333333333333 306.6666666666667 297.6666666666667 268.6666666666667 312.6666666666667 298.0 311.3333333333333 319.3333333333333 260.0 308.0 278.0 269.3333333333333 293.0 310.0 286.3333333333333 331.6666666666667 235.0 316.0 250.33333333333334 277.6666666666667 267.3333333333333 315.0 262.0 335.0 207.66666666666666 329.6666666666667 224.0 298.6666666666667 241.66666666666666 321.3333333333333 241.33333333333334 339.0 
243.33333333333334 420.0 281.6666666666667 398.0 310.6666666666667 361.6666666666667 331.0 335.3333333333333 348.6666666666667 313.0 283.6666666666667 310.0 299.0 269.6666666666667 315.6666666666667 295.0 316.3333333333333 317.0 260.3333333333333 311.0 278.0 269.0 296.0 304.6666666666667 292.6666666666667 328.6666666666667 235.33333333333334 318.6666666666667 249.33333333333334 276.6666666666667 269.6666666666667 310.3333333333333 269.0 333.3333333333333 209.0 331.6666666666667 222.0 297.3333333333333 242.33333333333334 316.6666666666667 247.0 335.6666666666667 
243.33333333333334 424.0 281.3333333333333 404.3333333333333 311.3333333333333 368.0 332.6666666666667 341.6666666666667 350.3333333333333 319.6666666666667 282.6666666666667 315.0 297.3333333333333 272.0 317.6666666666667 289.3333333333333 323.3333333333333 309.3333333333333 260.0 315.0 275.0 268.0 298.0 294.6666666666667 301.0 319.6666666666667 235.66666666666666 322.3333333333333 246.33333333333334 276.6666666666667 271.0 302.6666666666667 276.6666666666667 327.0 210.0 335.3333333333333 217.33333333333334 297.3333333333333 240.0 309.3333333333333 250.66666666666666 327.6666666666667 
242.66666666666666 431.3333333333333 281.6666666666667 412.0 312.6666666666667 375.6666666666667 334.6666666666667 349.0 353.0 327.0 282.3333333333333 320.0 296.6666666666667 279.0 316.6666666666667 283.6666666666667 327.0 295.0 260.0 318.6666666666667 271.3333333333333 271.3333333333333 294.6666666666667 282.0 304.6666666666667 298.6666666666667 236.33333333333334 325.6666666666667 243.0 279.6666666666667 267.0 290.0 279.0 306.6666666666667 211.33333333333334 339.0 212.33333333333334 300.6666666666667 233.0 301.0 248.33333333333334 311.6666666666667 
243.0 436.6666666666667 283.0 418.0 314.0 380.6666666666667 336.6666666666667 354.3333333333333 357.0 333.6666666666667 283.0 321.6666666666667 297.0 282.3333333333333 316.0 275.6666666666667 331.3333333333333 276.0 260.6666666666667 320.0 271.3333333333333 274.6666666666667 293.3333333333333 271.0 309.3333333333333 275.3333333333333 237.66666666666666 327.3333333333333 243.33333333333334 282.6666666666667 264.0 277.6666666666667 280.3333333333333 281.0 213.0 342.3333333333333 209.66666666666666 305.3333333333333 225.66666666666666 294.6666666666667 242.66666666666666 293.6666666666667 
242.66666666666666 440.0 283.6666666666667 420.6666666666667 315.3333333333333 384.0 338.6666666666667 358.3333333333333 360.6666666666667 338.0 285.0 322.3333333333333 300.3333333333333 284.3333333333333 316.3333333333333 268.0 333.3333333333333 257.3333333333333 261.6666666666667 320.0 273.3333333333333 277.0 291.3333333333333 259.6666666666667 310.3333333333333 249.33333333333334 238.33333333333334 327.6666666666667 244.33333333333334 284.6666666666667 260.3333333333333 266.3333333333333 279.0 254.66666666666666 214.0 344.0 209.0 308.6666666666667 219.0 289.3333333333333 234.33333333333334 276.3333333333333 
243.0 439.3333333333333 284.3333333333333 421.0 317.0 385.0 340.6666666666667 360.0 364.0 340.6666666666667 287.3333333333333 320.6666666666667 303.3333333333333 280.3333333333333 318.3333333333333 260.0 334.3333333333333 243.66666666666666 263.0 318.3333333333333 275.6666666666667 273.6666666666667 292.3333333333333 250.33333333333334 310.3333333333333 231.66666666666666 239.0 326.6666666666667 246.33333333333334 282.6666666666667 260.6666666666667 258.6666666666667 278.3333333333333 239.0 214.33333333333334 344.3333333333333 209.33333333333334 309.0 215.66666666666666 286.0 227.0 266.0 
242.33333333333334 439.3333333333333 284.6666666666667 421.0 318.3333333333333 386.0 343.0 360.6666666666667 366.6666666666667 341.3333333333333 288.6666666666667 320.3333333333333 304.0 277.6666666666667 317.0 253.66666666666666 331.0 233.0 264.0 317.6666666666667 275.3333333333333 269.3333333333333 289.3333333333333 240.0 303.6666666666667 214.66666666666666 239.33333333333334 326.3333333333333 246.0 280.0 258.0 252.33333333333334 272.3333333333333 228.0 214.33333333333334 344.6666666666667 208.66666666666666 308.3333333333333 211.66666666666666 283.6666666666667 218.33333333333334 261.0 
241.33333333333334 440.0 284.6666666666667 421.0 319.0 385.6666666666667 344.3333333333333 360.0 368.6666666666667 341.0 289.6666666666667 320.0 304.0 275.6666666666667 314.6666666666667 249.66666666666666 325.6666666666667 226.66666666666666 265.0 317.3333333333333 274.6666666666667 266.6666666666667 286.3333333333333 235.0 296.6666666666667 206.33333333333334 240.0 326.3333333333333 246.0 278.3333333333333 255.33333333333334 248.66666666666666 265.6666666666667 222.33333333333334 215.0 345.3333333333333 208.66666666666666 308.6666666666667 209.0 283.3333333333333 212.0 259.3333333333333 
240.0 440.6666666666667 284.3333333333333 420.6666666666667 319.0 385.0 345.0 359.0 369.6666666666667 340.3333333333333 289.3333333333333 320.6666666666667 302.6666666666667 274.3333333333333 311.6666666666667 247.0 321.0 222.33333333333334 265.0 318.3333333333333 274.3333333333333 265.0 284.0 231.33333333333334 292.3333333333333 200.33333333333334 240.0 327.0 246.0 277.6666666666667 253.33333333333334 246.66666666666666 261.0 219.33333333333334 215.33333333333334 345.6666666666667 208.33333333333334 308.3333333333333 207.0 282.6666666666667 208.0 258.3333333333333 
239.0 441.0 284.0 420.3333333333333 319.3333333333333 384.3333333333333 345.3333333333333 358.3333333333333 370.3333333333333 340.0 289.6666666666667 320.3333333333333 302.0 273.0 310.0 244.66666666666666 317.6666666666667 218.66666666666666 265.0 318.0 273.6666666666667 263.6666666666667 282.3333333333333 229.0 289.6666666666667 197.66666666666666 240.33333333333334 327.0 245.33333333333334 277.0 251.33333333333334 245.33333333333334 257.6666666666667 217.66666666666666 216.0 345.6666666666667 208.0 307.6666666666667 205.66666666666666 281.3333333333333 205.33333333333334 256.3333333333333 
239.0 440.6666666666667 284.0 420.3333333333333 320.0 384.6666666666667 346.3333333333333 359.3333333333333 371.3333333333333 341.0 289.6666666666667 319.3333333333333 301.6666666666667 271.0 308.6666666666667 242.33333333333334 315.3333333333333 215.66666666666666 265.3333333333333 317.3333333333333 273.0 262.0 280.6666666666667 226.66666666666666 287.3333333333333 195.33333333333334 240.66666666666666 326.3333333333333 244.66666666666666 275.6666666666667 250.0 243.66666666666666 255.66666666666666 216.0 216.66666666666666 345.0 207.66666666666666 306.3333333333333 204.66666666666666 279.6666666666667 203.33333333333334 254.33333333333334 
239.0 440.0 284.3333333333333 420.3333333333333 321.0 385.3333333333333 348.0 360.6666666666667 373.3333333333333 342.6666666666667 290.3333333333333 318.0 302.0 269.0 308.6666666666667 240.33333333333334 314.6666666666667 213.33333333333334 266.0 316.0 272.6666666666667 260.3333333333333 279.6666666666667 225.0 285.6666666666667 194.33333333333334 241.33333333333334 325.3333333333333 244.0 274.0 249.0 242.33333333333334 254.33333333333334 214.66666666666666 217.33333333333334 344.3333333333333 207.66666666666666 305.0 204.33333333333334 278.0 202.0 252.33333333333334 
239.66666666666666 439.0 285.3333333333333 419.6666666666667 322.0 386.0 350.0 362.3333333333333 376.0 345.0 291.0 317.0 302.0 267.0 308.0 238.66666666666666 314.0 212.0 266.6666666666667 315.0 272.6666666666667 258.6666666666667 279.0 224.0 284.6666666666667 193.33333333333334 242.0 324.3333333333333 244.0 272.3333333333333 249.0 241.0 254.0 213.66666666666666 218.0 343.3333333333333 208.33333333333334 303.6666666666667 204.33333333333334 276.6666666666667 201.66666666666666 250.66666666666666 
240.66666666666666 437.6666666666667 287.0 418.3333333333333 323.3333333333333 385.6666666666667 351.6666666666667 363.0 378.6666666666667 347.3333333333333 292.0 315.3333333333333 302.0 265.0 307.3333333333333 237.0 313.0 210.66666666666666 267.6666666666667 313.6666666666667 273.0 257.0 278.6666666666667 222.33333333333334 284.0 192.0 243.0 323.3333333333333 244.33333333333334 270.6666666666667 249.33333333333334 239.66666666666666 254.33333333333334 212.33333333333334 219.0 342.3333333333333 208.66666666666666 302.3333333333333 204.66666666666666 275.3333333333333 201.33333333333334 249.33333333333334 
242.0 436.6666666666667 288.3333333333333 417.3333333333333 324.0 386.0 352.0 364.6666666666667 379.0 350.3333333333333 292.6666666666667 314.0 301.6666666666667 263.3333333333333 306.3333333333333 235.33333333333334 311.3333333333333 209.33333333333334 268.6666666666667 312.3333333333333 273.3333333333333 255.33333333333334 278.6666666666667 220.66666666666666 283.6666666666667 190.33333333333334 244.33333333333334 322.3333333333333 245.33333333333334 269.3333333333333 250.33333333333334 238.33333333333334 255.33333333333334 210.66666666666666 220.33333333333334 341.3333333333333 209.33333333333334 301.3333333333333 204.66666666666666 274.3333333333333 201.0 248.66666666666666 
243.33333333333334 435.6666666666667 289.3333333333333 417.3333333333333 324.0 387.6666666666667 350.6666666666667 368.0 374.3333333333333 354.3333333333333 293.6666666666667 313.0 301.6666666666667 262.3333333333333 306.3333333333333 234.0 310.6666666666667 208.0 270.3333333333333 311.3333333333333 274.3333333333333 254.33333333333334 279.3333333333333 219.0 284.0 189.0 246.0 321.0 247.0 268.0 251.66666666666666 237.0 256.3333333333333 209.33333333333334 222.0 340.3333333333333 210.33333333333334 300.3333333333333 205.66666666666666 273.3333333333333 201.66666666666666 247.66666666666666 
244.66666666666666 434.6666666666667 289.6666666666667 417.6666666666667 323.3333333333333 390.6666666666667 348.3333333333333 372.6666666666667 363.6666666666667 360.0 295.0 312.3333333333333 302.0 261.6666666666667 307.0 233.33333333333334 311.0 207.33333333333334 271.6666666666667 310.6666666666667 275.6666666666667 254.0 280.6666666666667 218.66666666666666 285.0 188.66666666666666 247.66666666666666 320.0 248.66666666666666 267.3333333333333 252.66666666666666 236.33333333333334 257.0 208.66666666666666 223.66666666666666 339.6666666666667 211.66666666666666 299.6666666666667 206.33333333333334 272.6666666666667 202.33333333333334 247.33333333333334 
245.33333333333334 433.3333333333333 289.6666666666667 418.0 323.0 393.0 346.3333333333333 376.0 349.0 366.0 296.6666666666667 311.3333333333333 303.3333333333333 261.3333333333333 308.0 232.66666666666666 312.0 206.66666666666666 273.0 309.6666666666667 277.3333333333333 253.66666666666666 282.0 218.33333333333334 286.0 188.33333333333334 249.0 319.0 250.33333333333334 266.6666666666667 254.0 235.33333333333334 257.6666666666667 208.0 224.66666666666666 339.0 213.0 299.3333333333333 207.66666666666666 272.6666666666667 203.66666666666666 247.33333333333334 
246.0 432.0 289.3333333333333 418.0 323.0 394.3333333333333 344.0 376.6666666666667 335.6666666666667 370.0 298.0 310.6666666666667 304.3333333333333 261.0 309.0 232.33333333333334 313.3333333333333 206.0 274.0 309.0 278.3333333333333 253.66666666666666 283.3333333333333 218.66666666666666 288.0 188.33333333333334 250.0 318.6666666666667 252.0 266.3333333333333 256.0 235.0 260.3333333333333 207.33333333333334 225.66666666666666 338.6666666666667 214.66666666666666 299.0 209.33333333333334 272.6666666666667 205.33333333333334 247.66666666666666 
246.66666666666666 431.3333333333333 289.3333333333333 418.0 323.0 393.6666666666667 341.3333333333333 374.0 325.0 370.3333333333333 299.0 310.3333333333333 305.3333333333333 260.6666666666667 310.0 232.0 314.6666666666667 205.33333333333334 275.3333333333333 309.0 279.6666666666667 253.66666666666666 285.3333333333333 218.66666666666666 291.0 187.66666666666666 251.66666666666666 319.0 254.0 266.6666666666667 259.6666666666667 235.0 265.0 207.66666666666666 227.33333333333334 339.0 217.0 299.6666666666667 212.33333333333334 273.3333333333333 208.66666666666666 248.0 
248.33333333333334 431.3333333333333 290.0 417.6666666666667 323.3333333333333 393.0 337.6666666666667 371.6666666666667 318.0 369.3333333333333 300.0 310.3333333333333 306.0 260.6666666666667 311.0 232.0 316.0 205.0 276.6666666666667 309.6666666666667 281.0 254.33333333333334 287.6666666666667 219.33333333333334 294.0 188.0 253.33333333333334 320.3333333333333 255.66666666666666 267.3333333333333 262.3333333333333 235.66666666666666 269.3333333333333 208.33333333333334 229.33333333333334 340.3333333333333 219.66666666666666 300.3333333333333 215.33333333333334 273.6666666666667 211.66666666666666 248.0 
249.33333333333334 432.0 290.3333333333333 418.0 323.6666666666667 391.6666666666667 333.6666666666667 368.6666666666667 311.0 368.6666666666667 301.3333333333333 310.0 307.3333333333333 260.6666666666667 312.0 232.0 316.6666666666667 205.0 277.6666666666667 310.0 282.3333333333333 254.66666666666666 289.3333333333333 219.66666666666666 295.6666666666667 188.33333333333334 254.66666666666666 321.0 256.6666666666667 268.0 263.6666666666667 236.33333333333334 271.0 209.33333333333334 230.66666666666666 341.0 221.66666666666666 301.0 217.66666666666666 274.0 214.0 248.33333333333334 
250.0 433.3333333333333 290.3333333333333 418.6666666666667 323.6666666666667 390.3333333333333 328.6666666666667 366.3333333333333 303.6666666666667 369.3333333333333 301.6666666666667 310.0 307.6666666666667 261.0 312.3333333333333 232.0 317.0 205.33333333333334 277.6666666666667 310.0 282.6666666666667 255.33333333333334 290.0 220.33333333333334 296.0 189.66666666666666 254.33333333333334 321.3333333333333 256.3333333333333 268.6666666666667 262.6666666666667 237.0 270.0 210.0 230.66666666666666 341.6666666666667 222.33333333333334 301.3333333333333 218.33333333333334 274.3333333333333 214.66666666666666 249.0 
249.66666666666666 434.3333333333333 289.3333333333333 420.0 323.0 389.0 324.6666666666667 364.0 297.0 369.6666666666667 301.0 310.0 307.6666666666667 261.0 312.6666666666667 232.0 317.3333333333333 205.66666666666666 276.6666666666667 310.0 282.3333333333333 255.33333333333334 289.6666666666667 220.66666666666666 296.0 190.33333333333334 253.33333333333334 321.0 255.33333333333334 269.0 261.3333333333333 237.66666666666666 268.3333333333333 210.33333333333334 230.0 341.6666666666667 222.0 301.6666666666667 218.0 275.0 214.33333333333334 250.0 
249.0 435.0 288.6666666666667 420.3333333333333 322.3333333333333 388.0 322.0 363.0 292.6666666666667 370.0 299.6666666666667 310.3333333333333 307.0 261.3333333333333 312.6666666666667 232.33333333333334 318.0 206.33333333333334 275.6666666666667 310.0 282.0 255.33333333333334 289.6666666666667 221.0 296.3333333333333 191.33333333333334 252.33333333333334 321.0 254.33333333333334 269.3333333333333 260.6666666666667 238.0 267.6666666666667 210.33333333333334 229.33333333333334 342.0 221.66666666666666 302.0 217.66666666666666 275.6666666666667 214.33333333333334 250.66666666666666 
248.0 434.6666666666667 287.6666666666667 420.3333333333333 321.3333333333333 388.0 321.3333333333333 363.0 291.6666666666667 370.0 299.0 310.6666666666667 307.3333333333333 261.6666666666667 313.3333333333333 232.66666666666666 319.0 206.66666666666666 275.3333333333333 310.0 282.0 255.33333333333334 289.6666666666667 221.0 296.6666666666667 191.33333333333334 252.0 321.0 254.0 269.3333333333333 260.6666666666667 238.0 268.0 210.0 229.0 342.0 221.66666666666666 302.0 217.66666666666666 276.0 214.0 251.0 
247.33333333333334 434.3333333333333 287.3333333333333 420.0 321.0 388.0 321.0 363.0 291.3333333333333 370.0 299.3333333333333 311.0 307.6666666666667 262.0 314.0 233.0 320.0 207.0 275.6666666666667 310.0 282.0 255.66666666666666 290.0 221.0 297.0 191.66666666666666 252.0 321.3333333333333 254.0 269.6666666666667 261.3333333333333 238.33333333333334 269.0 210.33333333333334 229.0 342.3333333333333 222.0 302.3333333333333 218.33333333333334 276.3333333333333 214.66666666666666 251.33333333333334 
247.33333333333334 434.0 287.3333333333333 420.0 321.0 387.6666666666667 320.6666666666667 362.6666666666667 291.3333333333333 370.0 299.6666666666667 310.6666666666667 308.0 262.0 314.6666666666667 233.0 321.0 207.0 275.6666666666667 310.0 281.6666666666667 256.0 290.0 221.33333333333334 297.3333333333333 191.66666666666666 252.0 321.3333333333333 254.0 270.3333333333333 261.6666666666667 238.66666666666666 269.3333333333333 210.66666666666666 229.0 342.3333333333333 222.0 302.3333333333333 218.33333333333334 276.3333333333333 214.33333333333334 251.66666666666666 
247.33333333333334 433.6666666666667 287.0 419.6666666666667 321.0 387.6666666666667 320.3333333333333 362.6666666666667 291.3333333333333 369.6666666666667 299.6666666666667 310.3333333333333 308.3333333333333 261.6666666666667 315.3333333333333 233.0 322.0 206.66666666666666 275.3333333333333 309.6666666666667 281.6666666666667 255.66666666666666 290.0 221.33333333333334 297.6666666666667 191.66666666666666 252.0 321.3333333333333 254.33333333333334 270.0 262.0 238.66666666666666 269.6666666666667 210.66666666666666 229.0 342.0 222.0 302.3333333333333 218.33333333333334 276.3333333333333 214.66666666666666 251.66666666666666 
247.66666666666666 433.0 287.0 419.0 320.6666666666667 387.0 320.0 362.0 291.3333333333333 368.6666666666667 299.3333333333333 309.6666666666667 308.6666666666667 261.3333333333333 315.6666666666667 232.66666666666666 322.6666666666667 206.33333333333334 275.0 309.0 281.6666666666667 255.0 290.0 220.66666666666666 298.0 190.66666666666666 252.0 320.3333333333333 254.33333333333334 269.3333333333333 262.0 238.0 270.0 210.0 229.0 341.0 221.66666666666666 301.6666666666667 217.66666666666666 275.3333333333333 214.33333333333334 250.66666666666666 
247.0 432.0 286.3333333333333 418.3333333333333 319.6666666666667 386.6666666666667 319.6666666666667 361.3333333333333 291.0 367.6666666666667 299.0 309.3333333333333 309.0 261.0 316.3333333333333 232.66666666666666 323.3333333333333 206.33333333333334 275.0 308.0 281.6666666666667 254.0 290.0 219.66666666666666 298.0 189.66666666666666 252.0 319.6666666666667 254.33333333333334 268.0 262.0 237.0 270.6666666666667 209.33333333333334 229.0 340.3333333333333 221.33333333333334 301.0 217.33333333333334 274.6666666666667 214.33333333333334 249.66666666666666 
247.0 431.6666666666667 286.3333333333333 417.6666666666667 319.3333333333333 385.6666666666667 319.0 360.0 290.0 367.0 298.6666666666667 309.0 309.0 260.6666666666667 316.6666666666667 232.33333333333334 324.0 206.33333333333334 274.6666666666667 307.6666666666667 281.0 253.33333333333334 289.6666666666667 219.0 297.6666666666667 188.66666666666666 251.66666666666666 319.0 253.66666666666666 267.6666666666667 261.6666666666667 236.33333333333334 270.6666666666667 209.0 228.66666666666666 340.0 221.0 300.3333333333333 217.0 274.0 213.66666666666666 249.0 
246.33333333333334 431.3333333333333 285.6666666666667 417.3333333333333 318.6666666666667 385.3333333333333 318.0 359.6666666666667 289.3333333333333 367.0 298.3333333333333 309.0 308.6666666666667 260.3333333333333 316.6666666666667 232.33333333333334 324.6666666666667 206.66666666666666 274.3333333333333 307.3333333333333 280.0 253.0 289.3333333333333 218.66666666666666 297.3333333333333 188.66666666666666 251.33333333333334 319.0 253.0 267.6666666666667 261.0 236.0 270.0 209.0 228.33333333333334 340.0 220.66666666666666 300.3333333333333 216.66666666666666 274.3333333333333 213.33333333333334 249.33333333333334 
246.33333333333334 431.3333333333333 285.3333333333333 417.3333333333333 318.3333333333333 384.6666666666667 317.3333333333333 359.3333333333333 288.3333333333333 367.0 298.0 309.0 308.6666666666667 260.3333333333333 317.0 232.33333333333334 325.6666666666667 207.0 274.0 307.3333333333333 279.6666666666667 253.0 289.0 218.33333333333334 297.3333333333333 188.66666666666666 251.0 319.0 252.33333333333334 267.6666666666667 260.3333333333333 236.0 269.3333333333333 208.66666666666666 228.0 340.0 220.33333333333334 300.3333333333333 216.33333333333334 274.3333333333333 213.33333333333334 249.33333333333334 
246.0 430.6666666666667 285.0 417.3333333333333 318.0 384.0 317.0 359.0 287.6666666666667 366.6666666666667 298.0 308.6666666666667 308.6666666666667 260.3333333333333 317.3333333333333 232.66666666666666 326.3333333333333 207.66666666666666 274.0 306.6666666666667 279.6666666666667 252.66666666666666 289.0 218.0 297.6666666666667 188.66666666666666 251.0 318.6666666666667 252.0 267.0 260.0 235.66666666666666 269.0 208.33333333333334 228.0 339.6666666666667 220.0 300.0 216.0 274.3333333333333 213.33333333333334 249.33333333333334 
246.0 430.3333333333333 285.0 417.0 318.0 383.3333333333333 317.0 358.0 287.3333333333333 366.0 298.0 308.0 309.0 260.0 318.0 232.33333333333334 326.6666666666667 207.33333333333334 273.6666666666667 306.0 279.6666666666667 252.0 289.0 217.66666666666666 298.0 188.0 251.0 318.0 252.0 266.0 260.0 235.0 269.0 207.66666666666666 228.0 339.0 220.0 299.3333333333333 216.0 273.6666666666667 213.33333333333334 248.66666666666666 
246.0 429.6666666666667 285.0 416.3333333333333 318.0 383.0 317.0 357.6666666666667 287.3333333333333 365.6666666666667 298.0 307.0 308.6666666666667 259.0 317.6666666666667 231.66666666666666 326.3333333333333 206.66666666666666 273.6666666666667 305.0 279.3333333333333 251.0 288.6666666666667 217.0 297.6666666666667 187.33333333333334 251.0 317.0 252.0 265.3333333333333 260.0 234.33333333333334 269.0 207.0 228.0 338.0 220.0 298.6666666666667 216.0 273.0 212.66666666666666 248.0 
246.0 429.6666666666667 285.0 416.3333333333333 318.3333333333333 383.0 317.0 357.6666666666667 287.3333333333333 365.6666666666667 298.3333333333333 306.6666666666667 308.6666666666667 258.3333333333333 317.6666666666667 231.0 326.3333333333333 206.0 273.6666666666667 304.6666666666667 279.3333333333333 250.66666666666666 288.6666666666667 216.33333333333334 297.6666666666667 187.0 251.0 316.6666666666667 252.0 265.0 260.0 234.0 269.3333333333333 206.66666666666666 228.0 337.6666666666667 220.33333333333334 298.3333333333333 216.33333333333334 272.3333333333333 212.66666666666666 247.33333333333334 
246.33333333333334 430.0 285.3333333333333 416.6666666666667 318.6666666666667 383.3333333333333 317.0 358.3333333333333 287.0 366.3333333333333 299.0 307.0 309.0 258.6666666666667 318.0 231.33333333333334 327.0 206.33333333333334 274.3333333333333 305.0 280.0 251.0 289.0 216.33333333333334 298.0 187.0 251.33333333333334 317.0 252.33333333333334 265.6666666666667 260.3333333333333 234.33333333333334 270.0 207.0 228.33333333333334 338.0 220.66666666666666 298.3333333333333 216.66666666666666 272.3333333333333 213.0 247.0 
247.0 431.0 286.0 417.0 319.3333333333333 383.6666666666667 317.0 358.6666666666667 287.3333333333333 366.6666666666667 299.6666666666667 308.0 310.0 259.6666666666667 319.0 232.0 328.0 207.0 275.0 306.3333333333333 280.6666666666667 252.0 290.0 217.0 298.6666666666667 187.33333333333334 251.66666666666666 318.0 253.0 266.3333333333333 261.0 235.0 271.0 207.66666666666666 228.66666666666666 339.0 221.33333333333334 299.0 217.33333333333334 273.0 214.0 247.33333333333334 
247.66666666666666 431.6666666666667 286.6666666666667 417.0 319.6666666666667 384.0 317.3333333333333 359.3333333333333 288.0 367.3333333333333 300.3333333333333 308.6666666666667 311.0 260.3333333333333 320.0 232.33333333333334 329.0 207.33333333333334 275.6666666666667 307.0 281.0 252.66666666666666 290.3333333333333 217.66666666666666 299.0 187.66666666666666 252.33333333333334 318.6666666666667 253.66666666666666 267.0 261.6666666666667 235.66666666666666 271.6666666666667 208.0 229.33333333333334 340.0 221.66666666666666 300.0 217.66666666666666 273.6666666666667 214.66666666666666 248.0 
247.66666666666666 432.3333333333333 287.0 417.3333333333333 320.3333333333333 384.3333333333333 317.6666666666667 360.0 288.6666666666667 368.0 300.6666666666667 309.0 311.6666666666667 260.6666666666667 321.0 232.66666666666666 330.0 207.66666666666666 276.0 307.6666666666667 281.0 253.0 290.6666666666667 218.0 299.0 188.0 252.66666666666666 319.3333333333333 254.0 267.3333333333333 262.0 236.33333333333334 271.6666666666667 208.33333333333334 229.66666666666666 340.6666666666667 222.0 300.6666666666667 218.0 274.3333333333333 215.0 249.0 
247.0 432.6666666666667 286.6666666666667 417.6666666666667 320.3333333333333 384.6666666666667 318.0 360.6666666666667 289.0 369.0 300.6666666666667 309.3333333333333 312.6666666666667 261.6666666666667 322.3333333333333 234.0 331.6666666666667 209.0 276.0 307.6666666666667 281.0 253.33333333333334 290.6666666666667 218.33333333333334 299.0 188.33333333333334 253.0 319.6666666666667 254.0 268.0 262.0 237.0 271.3333333333333 209.0 230.0 341.0 222.0 301.3333333333333 218.0 275.0 214.66666666666666 250.0 
246.33333333333334 433.0 286.3333333333333 418.3333333333333 320.3333333333333 385.3333333333333 318.3333333333333 361.3333333333333 289.0 370.0 300.6666666666667 310.0 314.3333333333333 263.3333333333333 325.0 236.33333333333334 335.3333333333333 211.66666666666666 276.0 308.0 281.3333333333333 253.66666666666666 291.0 219.0 299.3333333333333 188.66666666666666 253.0 320.3333333333333 254.33333333333334 269.3333333333333 262.3333333333333 238.0 271.6666666666667 210.0 229.66666666666666 341.6666666666667 222.33333333333334 302.3333333333333 218.33333333333334 276.3333333333333 215.0 251.0 
246.0 433.0 286.0 418.6666666666667 320.3333333333333 385.6666666666667 318.6666666666667 361.6666666666667 289.0 370.3333333333333 301.0 310.3333333333333 316.6666666666667 265.0 329.0 239.66666666666666 341.3333333333333 216.33333333333334 276.3333333333333 308.0 282.3333333333333 253.66666666666666 291.6666666666667 219.33333333333334 300.6666666666667 189.33333333333334 253.0 320.3333333333333 255.0 270.0 263.3333333333333 238.66666666666666 273.0 210.33333333333334 229.66666666666666 342.0 222.66666666666666 303.3333333333333 218.66666666666666 277.3333333333333 215.66666666666666 252.0 
246.0 433.0 286.0 419.0 321.0 385.3333333333333 319.0 361.3333333333333 288.0 370.3333333333333 302.0 310.3333333333333 319.6666666666667 267.0 334.0 243.66666666666666 348.6666666666667 222.33333333333334 276.6666666666667 307.3333333333333 283.3333333333333 253.0 292.6666666666667 219.33333333333334 302.3333333333333 189.33333333333334 253.33333333333334 319.6666666666667 255.66666666666666 270.0 264.0 238.66666666666666 274.0 210.0 229.66666666666666 342.0 223.0 304.0 219.0 278.3333333333333 216.0 252.66666666666666 
245.66666666666666 433.0 285.6666666666667 419.0 321.6666666666667 384.3333333333333 318.6666666666667 360.3333333333333 286.6666666666667 370.0 302.6666666666667 310.3333333333333 322.3333333333333 269.3333333333333 338.6666666666667 249.66666666666666 354.6666666666667 232.66666666666666 277.0 306.6666666666667 284.3333333333333 252.33333333333334 294.3333333333333 219.0 304.0 189.66666666666666 253.66666666666666 318.6666666666667 256.0 269.0 264.6666666666667 238.33333333333334 274.3333333333333 209.66666666666666 230.0 341.3333333333333 223.33333333333334 304.3333333333333 219.0 278.6666666666667 216.0 253.0 
245.33333333333334 433.3333333333333 285.3333333333333 419.6666666666667 322.0 383.6666666666667 318.3333333333333 359.6666666666667 285.6666666666667 369.6666666666667 303.6666666666667 311.6666666666667 324.6666666666667 273.0 342.3333333333333 256.3333333333333 359.3333333333333 242.66666666666666 277.6666666666667 306.3333333333333 285.0 252.33333333333334 295.0 219.33333333333334 304.6666666666667 190.0 254.0 318.0 256.0 268.6666666666667 264.6666666666667 238.33333333333334 274.3333333333333 210.0 230.0 340.6666666666667 223.66666666666666 304.3333333333333 219.0 279.0 215.66666666666666 253.0 
245.0 434.3333333333333 285.0 420.3333333333333 322.0 384.0 318.0 359.3333333333333 285.3333333333333 369.3333333333333 304.3333333333333 313.6666666666667 325.6666666666667 276.0 345.3333333333333 263.6666666666667 363.3333333333333 255.0 278.3333333333333 307.3333333333333 286.3333333333333 253.0 296.0 220.0 305.6666666666667 191.66666666666666 254.33333333333334 318.3333333333333 256.3333333333333 269.0 265.3333333333333 239.0 275.0 211.33333333333334 229.66666666666666 340.6666666666667 224.0 305.0 219.0 279.3333333333333 216.0 253.66666666666666 
244.66666666666666 435.3333333333333 284.6666666666667 421.0 321.6666666666667 384.6666666666667 317.6666666666667 359.6666666666667 285.0 369.0 304.6666666666667 316.0 326.6666666666667 279.6666666666667 348.0 269.6666666666667 368.0 263.3333333333333 279.0 308.6666666666667 287.6666666666667 254.0 297.0 221.0 307.0 193.0 254.33333333333334 319.0 256.6666666666667 270.0 265.6666666666667 240.0 276.0 212.33333333333334 229.33333333333334 340.6666666666667 224.0 305.3333333333333 219.0 280.0 216.0 254.66666666666666 
244.0 436.3333333333333 284.0 421.0 321.0 385.0 317.0 359.3333333333333 284.0 368.6666666666667 304.3333333333333 317.6666666666667 327.3333333333333 282.6666666666667 350.0 275.3333333333333 371.3333333333333 272.0 279.0 310.0 289.0 255.0 299.0 221.66666666666666 309.3333333333333 194.33333333333334 254.33333333333334 320.0 257.0 271.0 266.3333333333333 240.66666666666666 277.0 213.0 229.0 341.3333333333333 224.0 306.3333333333333 219.0 280.6666666666667 215.66666666666666 255.66666666666666 
243.33333333333334 436.6666666666667 283.0 421.0 320.0 384.6666666666667 316.0 359.3333333333333 283.3333333333333 368.0 303.6666666666667 319.0 328.3333333333333 286.0 351.3333333333333 280.6666666666667 373.3333333333333 279.3333333333333 279.0 310.6666666666667 289.6666666666667 256.0 300.6666666666667 222.33333333333334 311.3333333333333 195.0 254.0 320.3333333333333 257.0 271.0 266.3333333333333 240.66666666666666 277.3333333333333 213.0 229.0 341.3333333333333 223.66666666666666 306.3333333333333 218.66666666666666 281.0 215.33333333333334 255.66666666666666 
242.66666666666666 436.6666666666667 282.3333333333333 420.6666666666667 319.0 384.0 315.0 358.3333333333333 282.6666666666667 367.3333333333333 303.3333333333333 319.6666666666667 328.6666666666667 289.3333333333333 352.0 286.3333333333333 373.6666666666667 287.3333333333333 278.6666666666667 311.0 290.0 257.0 302.0 223.33333333333334 313.3333333333333 196.33333333333334 253.66666666666666 320.3333333333333 256.6666666666667 271.0 266.3333333333333 240.33333333333334 277.0 212.66666666666666 228.66666666666666 341.3333333333333 223.0 306.3333333333333 218.33333333333334 280.6666666666667 215.0 255.33333333333334 
242.33333333333334 436.6666666666667 282.0 420.3333333333333 318.0 383.3333333333333 314.0 358.0 281.3333333333333 367.3333333333333 302.6666666666667 320.0 329.0 291.6666666666667 352.6666666666667 292.0 374.0 296.0 278.3333333333333 311.0 290.0 257.6666666666667 302.6666666666667 224.66666666666666 314.0 197.33333333333334 253.33333333333334 320.0 256.3333333333333 270.6666666666667 265.6666666666667 240.33333333333334 276.3333333333333 212.66666666666666 228.33333333333334 341.0 222.0 306.3333333333333 217.66666666666666 280.3333333333333 214.66666666666666 254.66666666666666 
242.0 437.0 281.6666666666667 420.0 317.3333333333333 383.3333333333333 313.3333333333333 358.0 280.0 368.0 302.3333333333333 320.6666666666667 329.3333333333333 294.0 353.3333333333333 297.6666666666667 374.6666666666667 304.6666666666667 278.3333333333333 311.6666666666667 290.3333333333333 258.6666666666667 303.3333333333333 226.0 315.0 198.66666666666666 253.0 320.6666666666667 256.0 271.6666666666667 265.3333333333333 241.0 275.6666666666667 213.0 227.66666666666666 341.6666666666667 221.33333333333334 306.6666666666667 217.0 280.3333333333333 214.0 254.66666666666666 
241.66666666666666 438.0 281.3333333333333 420.6666666666667 317.3333333333333 384.0 313.0 358.6666666666667 279.0 368.3333333333333 302.0 321.3333333333333 330.0 295.3333333333333 354.0 303.6666666666667 374.6666666666667 314.3333333333333 278.3333333333333 312.6666666666667 290.6666666666667 260.0 304.3333333333333 227.66666666666666 316.6666666666667 200.33333333333334 253.0 321.6666666666667 256.0 272.6666666666667 265.3333333333333 242.0 276.0 214.33333333333334 227.66666666666666 343.0 221.33333333333334 307.6666666666667 216.66666666666666 281.0 213.33333333333334 254.66666666666666 
241.33333333333334 438.6666666666667 281.0 421.0 317.3333333333333 384.6666666666667 313.0 359.3333333333333 279.3333333333333 368.6666666666667 301.6666666666667 322.3333333333333 331.3333333333333 297.6666666666667 355.0 309.6666666666667 374.0 322.6666666666667 278.3333333333333 314.0 292.0 262.0 306.6666666666667 230.0 320.0 203.66666666666666 253.0 323.0 256.3333333333333 273.3333333333333 266.3333333333333 242.66666666666666 277.0 215.66666666666666 227.66666666666666 344.0 221.33333333333334 308.3333333333333 216.33333333333334 281.6666666666667 213.0 255.0 
241.0 439.0 281.0 421.3333333333333 317.3333333333333 385.0 313.0 359.3333333333333 279.3333333333333 368.3333333333333 301.3333333333333 322.6666666666667 332.3333333333333 299.3333333333333 356.0 314.0 373.0 328.6666666666667 278.3333333333333 314.6666666666667 293.0 263.3333333333333 309.0 232.66666666666666 322.6666666666667 207.0 253.0 323.3333333333333 257.0 273.0 267.6666666666667 243.0 279.3333333333333 216.66666666666666 227.66666666666666 344.0 221.33333333333334 308.3333333333333 216.0 281.3333333333333 212.66666666666666 254.33333333333334 
240.66666666666666 439.0 280.6666666666667 421.0 316.6666666666667 384.6666666666667 312.6666666666667 359.0 279.0 368.3333333333333 300.6666666666667 322.6666666666667 332.6666666666667 301.0 356.0 317.0 372.0 332.0 278.3333333333333 314.3333333333333 294.0 264.3333333333333 310.6666666666667 234.66666666666666 324.6666666666667 209.66666666666666 252.66666666666666 322.6666666666667 257.3333333333333 272.0 269.0 243.0 281.3333333333333 217.33333333333334 227.0 342.3333333333333 220.66666666666666 307.3333333333333 215.33333333333334 280.3333333333333 212.33333333333334 253.66666666666666 
240.0 438.6666666666667 280.0 421.0 316.0 384.6666666666667 312.3333333333333 358.6666666666667 278.3333333333333 367.6666666666667 300.0 322.3333333333333 331.6666666666667 302.0 355.0 318.6666666666667 371.0 334.0 278.0 313.6666666666667 293.3333333333333 264.3333333333333 310.6666666666667 235.66666666666666 325.0 211.0 252.0 321.3333333333333 257.3333333333333 271.3333333333333 269.3333333333333 243.0 282.6666666666667 217.66666666666666 226.0 341.0 220.0 306.0 214.66666666666666 279.3333333333333 212.0 252.66666666666666 
239.66666666666666 438.3333333333333 279.3333333333333 420.6666666666667 315.0 384.6666666666667 311.3333333333333 359.0 278.0 367.0 299.3333333333333 322.6666666666667 330.6666666666667 303.6666666666667 353.6666666666667 320.6666666666667 369.6666666666667 335.6666666666667 277.3333333333333 313.3333333333333 292.6666666666667 264.6666666666667 310.0 236.33333333333334 325.0 211.66666666666666 251.33333333333334 320.6666666666667 257.0 271.0 269.3333333333333 243.0 283.0 217.66666666666666 225.33333333333334 340.3333333333333 219.0 305.6666666666667 214.0 279.0 211.33333333333334 252.33333333333334 
239.66666666666666 438.0 279.0 420.6666666666667 314.0 385.0 310.3333333333333 359.6666666666667 277.3333333333333 366.6666666666667 298.6666666666667 323.6666666666667 330.0 305.3333333333333 353.0 322.6666666666667 369.0 338.0 277.0 314.0 292.0 265.3333333333333 309.3333333333333 237.33333333333334 324.0 213.0 251.0 321.0 257.0 271.3333333333333 269.0 243.66666666666666 283.0 218.0 225.0 341.0 218.0 305.6666666666667 213.0 279.0 210.33333333333334 252.0 
239.66666666666666 438.0 278.6666666666667 420.3333333333333 313.0 385.0 308.6666666666667 360.0 276.3333333333333 366.3333333333333 298.0 324.6666666666667 329.6666666666667 307.0 352.6666666666667 324.6666666666667 368.6666666666667 340.0 276.3333333333333 314.6666666666667 292.0 266.3333333333333 309.0 238.66666666666666 323.6666666666667 214.33333333333334 250.66666666666666 321.6666666666667 256.6666666666667 271.6666666666667 269.0 244.33333333333334 283.0 218.66666666666666 224.66666666666666 341.3333333333333 217.0 306.0 212.33333333333334 279.0 209.33333333333334 252.0 
239.66666666666666 437.6666666666667 278.3333333333333 420.0 312.0 385.0 307.3333333333333 360.0 274.6666666666667 366.3333333333333 297.0 325.0 329.0 307.6666666666667 352.0 325.3333333333333 368.0 340.6666666666667 275.6666666666667 315.0 291.6666666666667 267.0 308.6666666666667 239.33333333333334 323.6666666666667 215.33333333333334 250.0 321.6666666666667 256.3333333333333 272.0 268.6666666666667 245.0 282.6666666666667 219.66666666666666 224.0 341.0 216.0 305.6666666666667 211.33333333333334 278.3333333333333 208.33333333333334 251.66666666666666 
239.33333333333334 436.6666666666667 277.6666666666667 419.0 311.0 384.3333333333333 305.6666666666667 359.6666666666667 273.0 365.6666666666667 296.0 325.0 328.3333333333333 308.3333333333333 351.3333333333333 326.0 366.6666666666667 341.3333333333333 274.6666666666667 315.0 291.3333333333333 267.0 309.0 239.33333333333334 324.3333333333333 215.0 249.33333333333334 321.6666666666667 255.66666666666666 272.0 268.3333333333333 245.0 282.3333333333333 220.0 223.33333333333334 340.3333333333333 215.66666666666666 305.3333333333333 210.66666666666666 278.0 207.66666666666666 251.33333333333334 
239.66666666666666 435.6666666666667 277.6666666666667 418.0 309.6666666666667 383.0 304.0 359.0 271.0 365.0 295.0 324.6666666666667 328.0 309.0 350.3333333333333 327.6666666666667 364.6666666666667 344.3333333333333 274.0 314.6666666666667 290.6666666666667 267.0 309.0 239.0 325.0 214.66666666666666 248.66666666666666 321.3333333333333 255.0 272.0 267.6666666666667 244.66666666666666 281.6666666666667 220.0 223.0 340.0 215.33333333333334 304.6666666666667 210.0 277.3333333333333 207.0 251.0 
239.66666666666666 434.6666666666667 277.6666666666667 416.6666666666667 308.3333333333333 381.3333333333333 302.0 358.0 269.3333333333333 364.3333333333333 294.0 324.3333333333333 328.0 310.0 349.6666666666667 330.3333333333333 362.6666666666667 348.6666666666667 273.3333333333333 314.6666666666667 290.6666666666667 267.3333333333333 309.6666666666667 239.33333333333334 325.6666666666667 215.33333333333334 248.33333333333334 321.6666666666667 254.66666666666666 271.6666666666667 267.3333333333333 244.0 281.3333333333333 219.33333333333334 223.0 340.3333333333333 215.0 304.3333333333333 209.66666666666666 277.3333333333333 206.66666666666666 251.0 
240.0 434.6666666666667 278.0 416.0 307.3333333333333 380.0 300.3333333333333 357.0 267.6666666666667 363.6666666666667 293.3333333333333 324.0 328.0 310.6666666666667 349.0 332.6666666666667 361.3333333333333 352.6666666666667 272.6666666666667 314.6666666666667 290.6666666666667 268.3333333333333 310.0 241.0 326.3333333333333 218.0 248.0 321.6666666666667 254.66666666666666 271.6666666666667 267.0 244.0 280.6666666666667 219.0 222.66666666666666 340.6666666666667 214.33333333333334 304.3333333333333 209.33333333333334 277.3333333333333 206.33333333333334 251.33333333333334 
240.0 434.3333333333333 277.6666666666667 415.6666666666667 307.0 379.6666666666667 299.6666666666667 356.6666666666667 267.0 363.6666666666667 293.0 324.0 328.3333333333333 311.3333333333333 349.3333333333333 334.3333333333333 361.0 354.6666666666667 272.6666666666667 315.0 291.3333333333333 269.3333333333333 311.0 243.0 327.3333333333333 220.33333333333334 248.0 322.0 255.0 271.6666666666667 267.3333333333333 244.66666666666666 281.0 219.33333333333334 222.33333333333334 341.0 214.0 304.6666666666667 209.0 277.6666666666667 205.66666666666666 251.66666666666666 
240.0 434.3333333333333 277.3333333333333 416.0 307.0 379.3333333333333 299.6666666666667 356.3333333333333 266.6666666666667 363.6666666666667 293.0 324.0 328.6666666666667 312.0 349.6666666666667 335.3333333333333 361.0 355.6666666666667 272.6666666666667 315.0 291.6666666666667 270.0 311.6666666666667 244.33333333333334 328.3333333333333 221.66666666666666 248.0 322.0 255.0 272.0 267.6666666666667 245.33333333333334 281.6666666666667 220.0 222.33333333333334 340.6666666666667 214.0 304.6666666666667 209.0 278.0 205.33333333333334 251.66666666666666 
240.0 434.0 277.0 416.0 307.0 379.6666666666667 300.0 356.3333333333333 267.0 363.6666666666667 293.0 324.3333333333333 328.6666666666667 312.3333333333333 349.6666666666667 336.0 360.6666666666667 356.3333333333333 273.0 315.0 292.0 270.3333333333333 312.0 244.66666666666666 329.0 221.66666666666666 248.0 322.0 255.0 272.0 268.0 245.33333333333334 282.3333333333333 220.33333333333334 222.66666666666666 340.3333333333333 214.0 304.3333333333333 208.66666666666666 277.6666666666667 205.0 251.0 
240.33333333333334 433.3333333333333 277.3333333333333 415.3333333333333 307.0 379.0 300.0 356.0 267.6666666666667 362.6666666666667 293.0 324.3333333333333 328.3333333333333 312.6666666666667 349.3333333333333 336.3333333333333 360.3333333333333 356.6666666666667 273.0 314.6666666666667 292.0 270.0 312.0 244.0 329.0 221.0 248.0 321.3333333333333 255.0 271.6666666666667 268.0 244.33333333333334 282.3333333333333 219.33333333333334 223.0 339.3333333333333 213.66666666666666 303.3333333333333 208.33333333333334 276.6666666666667 205.33333333333334 249.66666666666666 
240.66666666666666 430.6666666666667 278.0 412.0 306.3333333333333 377.3333333333333 299.0 355.6666666666667 268.0 359.6666666666667 293.0 323.0 327.6666666666667 310.6666666666667 348.3333333333333 334.3333333333333 359.6666666666667 354.6666666666667 273.0 312.6666666666667 292.6666666666667 267.6666666666667 312.6666666666667 242.0 330.3333333333333 219.33333333333334 248.33333333333334 318.6666666666667 255.0 269.0 268.0 241.33333333333334 282.3333333333333 216.33333333333334 223.33333333333334 336.6666666666667 213.33333333333334 300.0 208.0 272.6666666666667 206.0 245.66666666666666 
241.0 424.6666666666667 278.6666666666667 405.3333333333333 306.0 371.6666666666667 297.6666666666667 351.3333333333333 268.3333333333333 353.6666666666667 292.0 316.3333333333333 326.6666666666667 304.0 347.0 327.6666666666667 358.6666666666667 348.3333333333333 272.3333333333333 306.3333333333333 292.0 260.6666666666667 312.3333333333333 235.0 330.6666666666667 213.0 248.0 312.0 254.33333333333334 262.3333333333333 267.6666666666667 234.0 282.6666666666667 209.0 223.33333333333334 330.0 213.0 293.0 208.0 265.6666666666667 206.66666666666666 238.66666666666666 
241.66666666666666 415.6666666666667 279.3333333333333 395.3333333333333 305.0 362.6666666666667 296.3333333333333 343.3333333333333 268.3333333333333 344.0 291.0 307.3333333333333 325.6666666666667 294.0 345.3333333333333 317.0 357.0 338.0 271.6666666666667 297.3333333333333 291.6666666666667 251.0 311.6666666666667 225.33333333333334 330.3333333333333 203.33333333333334 247.66666666666666 303.0 253.66666666666666 252.66666666666666 267.0 224.33333333333334 282.3333333333333 199.33333333333334 223.33333333333334 321.0 213.0 283.3333333333333 208.0 256.0 206.66666666666666 228.66666666666666 
242.33333333333334 406.6666666666667 279.6666666666667 386.3333333333333 305.0 352.6666666666667 296.0 332.6666666666667 268.3333333333333 333.0 290.0 297.6666666666667 324.6666666666667 284.3333333333333 343.6666666666667 306.6666666666667 354.6666666666667 327.6666666666667 271.0 288.0 290.6666666666667 242.0 310.3333333333333 215.66666666666666 328.6666666666667 193.0 247.0 293.6666666666667 253.33333333333334 243.66666666666666 266.6666666666667 215.33333333333334 281.6666666666667 190.0 223.0 311.3333333333333 213.0 274.0 208.0 247.0 206.0 219.33333333333334 
242.66666666666666 400.0 280.0 380.0 304.6666666666667 345.6666666666667 296.6666666666667 324.6666666666667 269.0 324.6666666666667 290.3333333333333 292.0 324.3333333333333 278.3333333333333 342.6666666666667 300.3333333333333 353.0 321.0 271.0 282.0 291.3333333333333 236.66666666666666 311.0 210.33333333333334 329.3333333333333 186.66666666666666 247.0 287.6666666666667 253.66666666666666 237.66666666666666 267.0 210.0 281.6666666666667 184.66666666666666 223.0 305.0 213.0 267.6666666666667 208.0 240.66666666666666 205.33333333333334 212.66666666666666 
242.66666666666666 397.0 280.0 378.3333333333333 305.0 343.0 297.0 320.3333333333333 269.0 321.3333333333333 290.6666666666667 288.6666666666667 324.0 275.6666666666667 342.3333333333333 298.3333333333333 352.0 319.3333333333333 271.0 279.0 291.6666666666667 234.66666666666666 312.3333333333333 208.33333333333334 331.0 185.0 247.0 284.6666666666667 254.33333333333334 235.0 268.0 207.66666666666666 282.6666666666667 182.33333333333334 222.66666666666666 301.6666666666667 213.0 265.0 208.0 238.0 204.66666666666666 210.0 
242.66666666666666 396.3333333333333 280.0 378.3333333333333 305.0 342.6666666666667 297.3333333333333 319.0 269.3333333333333 321.3333333333333 291.0 287.6666666666667 324.3333333333333 275.0 343.0 298.3333333333333 352.3333333333333 320.0 271.3333333333333 278.3333333333333 292.3333333333333 234.33333333333334 313.6666666666667 208.66666666666666 333.0 186.33333333333334 247.0 284.3333333333333 254.33333333333334 234.33333333333334 268.6666666666667 207.33333333333334 283.6666666666667 182.66666666666666 222.66666666666666 301.3333333333333 213.0 264.6666666666667 208.0 237.66666666666666 204.66666666666666 210.0 
243.0 396.6666666666667 280.0 379.0 305.0 343.0 297.0 319.3333333333333 269.0 322.3333333333333 291.3333333333333 287.6666666666667 324.6666666666667 275.6666666666667 343.6666666666667 299.0 352.6666666666667 321.0 272.0 278.6666666666667 293.0 234.66666666666666 314.6666666666667 209.33333333333334 334.0 187.66666666666666 247.33333333333334 284.3333333333333 255.0 234.66666666666666 269.3333333333333 207.66666666666666 284.3333333333333 183.33333333333334 223.0 301.6666666666667 213.33333333333334 265.3333333333333 208.33333333333334 238.33333333333334 204.66666666666666 210.66666666666666 
243.33333333333334 396.6666666666667 280.3333333333333 378.3333333333333 305.3333333333333 342.3333333333333 297.6666666666667 319.0 269.0 322.0 291.6666666666667 287.6666666666667 325.0 275.0 344.3333333333333 298.3333333333333 353.6666666666667 320.0 272.6666666666667 278.6666666666667 294.0 235.0 315.6666666666667 209.66666666666666 335.3333333333333 188.0 248.0 284.3333333333333 255.33333333333334 235.0 269.6666666666667 207.66666666666666 284.6666666666667 183.66666666666666 224.0 302.0 214.33333333333334 265.3333333333333 209.0 238.33333333333334 205.66666666666666 211.0 
244.0 395.6666666666667 281.0 377.3333333333333 306.0 341.3333333333333 298.3333333333333 318.3333333333333 269.3333333333333 321.3333333333333 292.3333333333333 287.0 325.3333333333333 274.0 344.6666666666667 297.3333333333333 354.6666666666667 318.6666666666667 273.3333333333333 278.0 294.6666666666667 234.66666666666666 316.6666666666667 209.0 336.3333333333333 187.0 249.0 283.6666666666667 256.3333333333333 234.66666666666666 270.3333333333333 207.0 285.0 183.0 224.66666666666666 301.3333333333333 215.33333333333334 265.0 210.0 238.0 206.66666666666666 210.33333333333334 
244.66666666666666 394.3333333333333 281.6666666666667 376.0 306.6666666666667 340.0 299.0 317.0 269.6666666666667 319.6666666666667 292.6666666666667 286.3333333333333 325.6666666666667 273.0 345.0 296.3333333333333 355.3333333333333 317.3333333333333 273.6666666666667 277.3333333333333 295.0 234.0 317.0 208.33333333333334 337.0 186.0 249.66666666666666 283.0 256.6666666666667 234.0 270.6666666666667 206.33333333333334 285.3333333333333 182.0 225.33333333333334 300.3333333333333 216.0 264.0 210.66666666666666 237.0 207.66666666666666 209.33333333333334 
244.66666666666666 393.3333333333333 281.6666666666667 375.0 307.0 339.0 298.6666666666667 316.0 269.6666666666667 318.3333333333333 293.0 286.0 325.6666666666667 272.6666666666667 344.3333333333333 295.6666666666667 354.6666666666667 317.0 274.0 276.6666666666667 295.0 233.33333333333334 317.0 207.66666666666666 336.6666666666667 185.66666666666666 249.66666666666666 282.0 257.0 233.0 271.0 205.66666666666666 285.6666666666667 181.0 225.33333333333334 298.6666666666667 216.0 262.6666666666667 211.0 236.0 208.0 208.0 
244.0 392.3333333333333 281.3333333333333 373.6666666666667 306.6666666666667 337.3333333333333 298.3333333333333 314.6666666666667 269.0 317.0 292.6666666666667 285.3333333333333 325.3333333333333 271.3333333333333 343.6666666666667 294.6666666666667 353.6666666666667 316.3333333333333 273.6666666666667 276.0 294.6666666666667 232.33333333333334 316.6666666666667 207.33333333333334 336.3333333333333 186.0 249.33333333333334 280.6666666666667 256.6666666666667 231.66666666666666 270.6666666666667 204.66666666666666 285.6666666666667 180.33333333333334 225.33333333333334 297.3333333333333 215.66666666666666 261.3333333333333 210.66666666666666 234.66666666666666 207.66666666666666 206.66666666666666 
243.33333333333334 391.3333333333333 281.0 372.6666666666667 306.0 336.0 297.6666666666667 313.0 268.3333333333333 316.0 291.6666666666667 284.0 324.0 269.0 342.3333333333333 292.3333333333333 352.6666666666667 314.0 273.0 275.0 294.3333333333333 231.66666666666666 316.3333333333333 206.66666666666666 336.0 186.0 248.66666666666666 279.6666666666667 256.3333333333333 230.66666666666666 270.3333333333333 203.66666666666666 285.3333333333333 179.66666666666666 224.66666666666666 296.0 215.33333333333334 260.0 210.33333333333334 233.33333333333334 207.33333333333334 205.66666666666666 
243.66666666666666 390.3333333333333 281.3333333333333 371.6666666666667 305.6666666666667 335.0 297.6666666666667 312.3333333333333 268.3333333333333 315.3333333333333 291.0 282.6666666666667 323.6666666666667 267.6666666666667 342.6666666666667 291.3333333333333 353.3333333333333 313.3333333333333 272.3333333333333 274.3333333333333 294.0 230.33333333333334 316.0 205.66666666666666 336.0 185.33333333333334 248.66666666666666 279.0 256.0 229.66666666666666 270.0 202.66666666666666 284.6666666666667 179.0 224.66666666666666 295.3333333333333 215.0 259.0 210.0 232.0 206.66666666666666 204.66666666666666 
244.33333333333334 390.3333333333333 282.0 372.0 306.0 335.6666666666667 298.0 312.3333333333333 269.0 315.0 290.6666666666667 282.0 323.3333333333333 268.0 343.0 291.6666666666667 353.6666666666667 314.0 272.0 274.0 294.0 229.66666666666666 316.3333333333333 205.33333333333334 336.3333333333333 185.66666666666666 248.66666666666666 279.0 256.0 229.66666666666666 270.0 202.66666666666666 284.6666666666667 178.66666666666666 224.66666666666666 295.3333333333333 215.33333333333334 258.6666666666667 210.0 231.66666666666666 206.66666666666666 204.33333333333334 
245.33333333333334 391.0 282.6666666666667 372.6666666666667 307.0 336.6666666666667 298.6666666666667 313.3333333333333 270.0 315.3333333333333 291.3333333333333 282.6666666666667 324.3333333333333 269.6666666666667 344.3333333333333 293.6666666666667 355.0 316.6666666666667 272.3333333333333 274.3333333333333 294.0 229.33333333333334 316.6666666666667 205.33333333333334 337.0 186.66666666666666 249.33333333333334 279.3333333333333 256.0 229.66666666666666 270.0 202.66666666666666 285.0 179.33333333333334 225.33333333333334 296.0 216.0 259.0 210.66666666666666 232.0 207.0 204.66666666666666 
246.0 392.0 283.0 374.0 307.6666666666667 338.0 299.3333333333333 314.3333333333333 271.3333333333333 316.0 292.0 283.6666666666667 325.0 271.3333333333333 345.0 295.3333333333333 355.3333333333333 318.0 273.0 275.0 294.6666666666667 230.0 317.6666666666667 206.33333333333334 338.3333333333333 188.0 250.0 280.0 256.6666666666667 230.33333333333334 270.6666666666667 203.33333333333334 286.0 180.33333333333334 226.0 297.0 216.66666666666666 260.3333333333333 211.33333333333334 233.33333333333334 207.66666666666666 205.66666666666666 
247.0 392.6666666666667 283.3333333333333 374.6666666666667 308.3333333333333 338.6666666666667 299.6666666666667 315.3333333333333 272.3333333333333 317.0 293.0 285.0 326.3333333333333 272.6666666666667 346.3333333333333 296.6666666666667 357.0 319.0 274.3333333333333 276.0 295.6666666666667 231.0 318.6666666666667 207.0 339.3333333333333 188.0 251.0 281.3333333333333 257.6666666666667 231.33333333333334 271.6666666666667 204.0 287.0 181.33333333333334 227.0 298.0 217.66666666666666 261.6666666666667 212.33333333333334 234.33333333333334 208.33333333333334 207.0 
247.66666666666666 393.3333333333333 284.0 375.3333333333333 308.6666666666667 339.0 300.0 316.0 272.3333333333333 318.0 293.6666666666667 285.6666666666667 327.3333333333333 274.3333333333333 347.3333333333333 298.3333333333333 357.6666666666667 320.6666666666667 275.3333333333333 277.0 296.6666666666667 232.0 319.6666666666667 208.0 340.0 188.33333333333334 251.66666666666666 282.6666666666667 258.3333333333333 232.66666666666666 272.6666666666667 205.33333333333334 287.6666666666667 182.0 227.66666666666666 299.3333333333333 218.33333333333334 263.3333333333333 212.66666666666666 236.0 209.0 208.33333333333334 
247.66666666666666 393.6666666666667 284.3333333333333 376.0 308.6666666666667 339.3333333333333 300.0 316.3333333333333 271.6666666666667 318.6666666666667 294.3333333333333 286.3333333333333 328.0 275.3333333333333 347.6666666666667 299.3333333333333 358.0 322.0 276.0 277.6666666666667 297.0 233.0 320.0 209.0 340.3333333333333 189.0 251.66666666666666 283.3333333333333 258.3333333333333 233.66666666666666 273.0 206.33333333333334 288.0 182.66666666666666 228.0 300.3333333333333 218.66666666666666 264.3333333333333 212.66666666666666 237.33333333333334 209.33333333333334 209.66666666666666 
247.0 394.3333333333333 284.0 376.6666666666667 308.3333333333333 339.3333333333333 299.3333333333333 316.6666666666667 270.3333333333333 319.3333333333333 294.3333333333333 286.6666666666667 327.6666666666667 276.0 347.3333333333333 300.0 357.3333333333333 322.6666666666667 275.6666666666667 278.0 297.0 234.0 319.6666666666667 210.0 340.3333333333333 190.0 251.0 283.6666666666667 258.0 234.0 272.6666666666667 207.0 288.0 183.33333333333334 227.66666666666666 301.3333333333333 218.0 265.3333333333333 212.0 239.0 209.0 211.0 
246.0 395.0 283.0 377.3333333333333 307.6666666666667 340.0 298.6666666666667 317.3333333333333 269.6666666666667 320.0 294.3333333333333 287.3333333333333 327.0 276.3333333333333 346.6666666666667 300.3333333333333 356.6666666666667 322.6666666666667 275.0 278.3333333333333 296.3333333333333 234.66666666666666 319.0 211.0 340.0 191.0 250.33333333333334 283.6666666666667 257.6666666666667 234.33333333333334 272.0 207.33333333333334 287.6666666666667 183.66666666666666 227.0 301.6666666666667 217.0 265.6666666666667 211.0 239.66666666666666 208.0 211.66666666666666 
245.33333333333334 396.0 282.3333333333333 378.0 307.3333333333333 340.6666666666667 298.0 318.0 269.0 320.6666666666667 293.3333333333333 288.3333333333333 326.3333333333333 277.3333333333333 346.0 301.3333333333333 356.0 323.6666666666667 274.0 279.0 295.6666666666667 235.66666666666666 318.6666666666667 212.0 340.0 192.0 249.66666666666666 284.3333333333333 257.3333333333333 235.0 271.3333333333333 208.0 287.6666666666667 184.33333333333334 226.0 302.0 215.66666666666666 266.3333333333333 210.0 240.0 206.66666666666666 212.0 
245.33333333333334 397.0 282.0 378.6666666666667 307.0 341.6666666666667 298.0 319.0 268.6666666666667 321.3333333333333 292.6666666666667 289.3333333333333 326.0 279.0 345.3333333333333 303.0 355.6666666666667 325.6666666666667 273.0 280.0 294.6666666666667 236.66666666666666 318.6666666666667 213.33333333333334 340.3333333333333 193.33333333333334 249.0 285.0 256.3333333333333 236.0 270.6666666666667 209.0 287.3333333333333 185.0 225.0 302.3333333333333 214.66666666666666 267.0 209.0 240.33333333333334 205.33333333333334 212.0 
245.33333333333334 398.0 281.6666666666667 379.3333333333333 307.0 342.6666666666667 297.6666666666667 320.0 268.3333333333333 322.0 292.0 290.6666666666667 326.0 281.0 345.0 305.0 355.3333333333333 328.0 272.6666666666667 281.3333333333333 294.3333333333333 238.0 318.6666666666667 215.66666666666666 340.3333333333333 197.33333333333334 248.33333333333334 286.0 256.0 236.66666666666666 270.6666666666667 210.0 287.0 186.33333333333334 224.66666666666666 303.0 214.0 267.6666666666667 208.66666666666666 240.66666666666666 204.66666666666666 212.33333333333334 
245.33333333333334 399.3333333333333 281.3333333333333 380.0 306.6666666666667 343.6666666666667 297.3333333333333 321.3333333333333 268.0 323.0 291.6666666666667 292.0 326.0 282.6666666666667 345.0 306.6666666666667 355.3333333333333 329.6666666666667 272.3333333333333 283.0 294.3333333333333 240.0 318.6666666666667 219.0 340.3333333333333 202.33333333333334 248.0 287.3333333333333 255.66666666666666 237.66666666666666 270.6666666666667 211.33333333333334 286.6666666666667 188.0 224.33333333333334 304.0 214.0 268.3333333333333 208.66666666666666 241.66666666666666 205.0 213.33333333333334 
244.66666666666666 400.0 281.0 380.6666666666667 306.6666666666667 345.0 297.3333333333333 323.0 268.3333333333333 324.0 291.3333333333333 293.3333333333333 326.0 283.0 345.3333333333333 307.6666666666667 355.3333333333333 330.6666666666667 272.3333333333333 284.0 294.6666666666667 241.66666666666666 318.6666666666667 222.0 340.3333333333333 206.33333333333334 247.66666666666666 288.3333333333333 255.66666666666666 239.0 270.6666666666667 212.66666666666666 286.3333333333333 189.66666666666666 224.0 305.0 214.0 269.0 209.0 242.66666666666666 206.0 214.66666666666666 
244.66666666666666 400.3333333333333 281.3333333333333 380.6666666666667 306.6666666666667 345.6666666666667 297.3333333333333 324.3333333333333 268.6666666666667 324.6666666666667 290.6666666666667 293.6666666666667 326.0 283.0 345.3333333333333 308.0 355.3333333333333 331.0 271.6666666666667 284.3333333333333 294.6666666666667 243.0 318.6666666666667 223.0 340.6666666666667 206.66666666666666 247.33333333333334 289.0 255.0 240.33333333333334 270.0 213.66666666666666 286.0 190.66666666666666 223.33333333333334 305.6666666666667 213.66666666666666 269.6666666666667 209.0 243.33333333333334 206.33333333333334 215.66666666666666 
244.33333333333334 399.6666666666667 281.3333333333333 380.3333333333333 307.0 346.0 297.6666666666667 325.0 269.0 324.6666666666667 290.3333333333333 293.3333333333333 326.0 282.6666666666667 345.0 308.3333333333333 354.6666666666667 331.6666666666667 271.3333333333333 284.0 294.3333333333333 242.66666666666666 318.3333333333333 222.33333333333334 340.3333333333333 205.33333333333334 247.0 288.6666666666667 254.33333333333334 240.66666666666666 269.3333333333333 214.0 285.3333333333333 190.66666666666666 223.0 305.6666666666667 213.33333333333334 269.6666666666667 208.66666666666666 243.33333333333334 206.33333333333334 215.66666666666666 
244.33333333333334 399.0 281.0 379.6666666666667 306.3333333333333 345.6666666666667 297.0 324.6666666666667 269.0 324.0 289.6666666666667 292.6666666666667 325.3333333333333 282.6666666666667 343.6666666666667 309.0 353.0 333.0 270.6666666666667 283.6666666666667 293.3333333333333 242.0 317.6666666666667 220.66666666666666 339.6666666666667 203.0 246.66666666666666 288.3333333333333 253.66666666666666 240.33333333333334 269.0 213.66666666666666 285.0 190.33333333333334 222.66666666666666 305.3333333333333 212.66666666666666 269.3333333333333 208.33333333333334 243.0 205.66666666666666 215.33333333333334 
243.33333333333334 398.6666666666667 279.6666666666667 379.6666666666667 305.3333333333333 345.0 296.3333333333333 323.6666666666667 267.6666666666667 323.3333333333333 289.3333333333333 292.3333333333333 324.3333333333333 282.3333333333333 342.0 309.6666666666667 350.6666666666667 334.3333333333333 270.3333333333333 283.3333333333333 292.3333333333333 241.33333333333334 316.3333333333333 219.66666666666666 338.0 201.0 246.0 288.0 253.0 240.0 268.6666666666667 213.33333333333334 284.6666666666667 189.66666666666666 222.0 305.0 212.0 269.0 207.33333333333334 243.0 204.33333333333334 215.0 
242.33333333333334 398.6666666666667 278.3333333333333 379.3333333333333 304.0 344.6666666666667 295.0 323.3333333333333 266.3333333333333 323.3333333333333 288.3333333333333 292.0 323.0 282.0 340.6666666666667 310.3333333333333 349.0 335.3333333333333 269.3333333333333 283.0 290.6666666666667 241.0 314.3333333333333 219.0 335.6666666666667 199.33333333333334 245.0 288.0 252.33333333333334 239.66666666666666 268.0 213.0 284.0 189.33333333333334 221.0 305.0 211.0 269.0 206.33333333333334 243.0 203.0 215.0 
240.66666666666666 399.0 277.3333333333333 379.3333333333333 303.0 344.3333333333333 294.0 323.0 265.0 323.0 287.6666666666667 292.0 322.3333333333333 282.0 340.0 310.3333333333333 348.0 335.6666666666667 268.6666666666667 283.0 289.3333333333333 241.0 312.3333333333333 219.0 333.3333333333333 199.0 244.0 288.0 251.33333333333334 239.33333333333334 266.6666666666667 212.66666666666666 282.6666666666667 188.66666666666666 220.0 305.0 209.66666666666666 269.0 205.0 242.66666666666666 201.66666666666666 214.66666666666666 
240.0 398.6666666666667 277.3333333333333 378.3333333333333 302.3333333333333 343.6666666666667 292.6666666666667 323.0 264.3333333333333 322.0 286.6666666666667 291.6666666666667 322.0 282.3333333333333 340.0 310.3333333333333 348.3333333333333 335.6666666666667 267.6666666666667 282.6666666666667 288.3333333333333 241.0 311.3333333333333 219.33333333333334 332.0 199.66666666666666 243.0 288.0 250.33333333333334 239.0 265.3333333333333 212.0 281.0 187.66666666666666 219.0 305.0 208.33333333333334 268.6666666666667 203.66666666666666 242.0 201.0 214.0 
239.33333333333334 398.0 277.3333333333333 377.6666666666667 302.0 342.6666666666667 291.6666666666667 322.0 264.0 320.3333333333333 286.3333333333333 291.3333333333333 321.6666666666667 282.6666666666667 339.3333333333333 310.3333333333333 347.6666666666667 335.6666666666667 267.3333333333333 282.3333333333333 288.0 241.66666666666666 311.0 221.0 331.6666666666667 202.66666666666666 242.33333333333334 287.6666666666667 249.33333333333334 238.66666666666666 264.0 211.33333333333334 279.6666666666667 187.0 218.0 304.3333333333333 207.0 268.0 202.66666666666666 241.0 200.33333333333334 213.0 
240.0 397.6666666666667 278.0 376.6666666666667 302.3333333333333 341.3333333333333 291.0 321.0 263.3333333333333 319.0 285.6666666666667 291.0 321.3333333333333 283.3333333333333 338.6666666666667 311.0 347.0 336.3333333333333 266.6666666666667 282.0 288.3333333333333 243.33333333333334 311.6666666666667 225.0 332.6666666666667 209.33333333333334 242.0 287.0 249.0 238.33333333333334 263.6666666666667 211.33333333333334 279.0 187.0 217.66666666666666 303.3333333333333 206.33333333333334 267.0 202.0 240.33333333333334 200.33333333333334 212.33333333333334 
240.0 397.6666666666667 278.3333333333333 376.3333333333333 302.6666666666667 340.3333333333333 290.6666666666667 320.0 263.0 318.3333333333333 285.3333333333333 291.6666666666667 320.3333333333333 284.0 337.3333333333333 311.6666666666667 345.6666666666667 337.3333333333333 266.3333333333333 282.6666666666667 289.0 246.0 312.0 229.66666666666666 333.0 216.66666666666666 242.0 287.0 249.33333333333334 238.66666666666666 264.0 212.33333333333334 279.3333333333333 188.33333333333334 217.66666666666666 302.6666666666667 206.33333333333334 266.6666666666667 202.33333333333334 240.33333333333334 200.33333333333334 213.0 
240.66666666666666 398.0 279.3333333333333 375.6666666666667 303.3333333333333 339.0 290.0 319.0 262.0 317.3333333333333 284.6666666666667 292.3333333333333 319.6666666666667 284.3333333333333 336.3333333333333 313.0 344.3333333333333 340.0 265.6666666666667 284.0 291.0 250.33333333333334 314.3333333333333 239.0 334.6666666666667 231.0 242.0 287.6666666666667 250.33333333333334 240.0 265.6666666666667 213.66666666666666 280.6666666666667 190.0 218.0 302.6666666666667 206.66666666666666 266.6666666666667 203.0 240.66666666666666 201.0 214.0 
240.66666666666666 398.0 280.3333333333333 375.3333333333333 303.6666666666667 337.6666666666667 288.6666666666667 317.6666666666667 260.0 316.3333333333333 284.0 292.3333333333333 318.3333333333333 284.0 334.6666666666667 314.3333333333333 342.3333333333333 342.6666666666667 265.0 285.3333333333333 293.6666666666667 255.66666666666666 318.3333333333333 251.33333333333334 338.3333333333333 249.33333333333334 241.66666666666666 289.0 252.0 242.33333333333334 267.6666666666667 216.0 283.0 192.66666666666666 218.0 303.0 207.33333333333334 266.6666666666667 204.0 241.0 201.33333333333334 214.66666666666666 
241.0 397.0 281.0 375.6666666666667 304.0 336.6666666666667 288.0 317.0 259.3333333333333 315.3333333333333 283.3333333333333 290.0 317.3333333333333 279.6666666666667 333.3333333333333 311.6666666666667 340.3333333333333 341.0 264.0 285.3333333333333 297.3333333333333 264.0 322.6666666666667 276.3333333333333 341.6666666666667 286.6666666666667 241.0 289.3333333333333 254.0 245.33333333333334 270.6666666666667 219.0 286.3333333333333 194.66666666666666 217.33333333333334 302.6666666666667 208.33333333333334 266.6666666666667 205.66666666666666 241.33333333333334 203.33333333333334 214.0 
241.66666666666666 395.3333333333333 281.6666666666667 376.0 304.3333333333333 336.0 288.3333333333333 316.3333333333333 259.0 314.3333333333333 281.6666666666667 287.0 314.6666666666667 276.0 330.6666666666667 307.6666666666667 338.6666666666667 336.0 262.3333333333333 283.6666666666667 298.6666666666667 268.6666666666667 324.3333333333333 292.6666666666667 343.0 311.0 239.33333333333334 288.0 255.66666666666666 246.66666666666666 273.6666666666667 221.0 290.3333333333333 195.66666666666666 216.33333333333334 300.6666666666667 209.33333333333334 265.0 207.33333333333334 240.33333333333334 205.0 212.66666666666666 
241.0 393.6666666666667 280.0 376.3333333333333 304.0 335.6666666666667 290.0 316.0 260.0 314.3333333333333 279.3333333333333 285.0 311.0 271.3333333333333 328.0 301.0 337.6666666666667 327.0 260.3333333333333 282.3333333333333 298.6666666666667 272.0 324.3333333333333 304.3333333333333 342.6666666666667 327.6666666666667 238.0 286.6666666666667 256.3333333333333 247.0 275.6666666666667 222.0 292.6666666666667 195.66666666666666 215.33333333333334 298.6666666666667 210.33333333333334 263.0 208.66666666666666 238.66666666666666 206.33333333333334 211.0 
240.33333333333334 393.6666666666667 278.6666666666667 376.0 303.6666666666667 335.6666666666667 291.3333333333333 315.3333333333333 260.0 314.3333333333333 277.0 285.0 307.6666666666667 271.6666666666667 325.3333333333333 300.0 337.0 323.6666666666667 258.6666666666667 282.0 297.0 271.3333333333333 323.6666666666667 302.0 342.6666666666667 323.0 237.0 285.6666666666667 256.3333333333333 246.33333333333334 276.0 222.0 293.0 196.0 215.0 296.6666666666667 210.66666666666666 260.6666666666667 209.0 236.66666666666666 206.33333333333334 209.66666666666666 
239.33333333333334 393.6666666666667 277.3333333333333 376.0 303.3333333333333 335.6666666666667 292.3333333333333 315.3333333333333 260.6666666666667 315.0 276.3333333333333 285.0 306.3333333333333 271.6666666666667 324.6666666666667 299.3333333333333 337.3333333333333 322.0 258.0 282.0 296.6666666666667 271.6666666666667 323.6666666666667 302.0 343.0 322.3333333333333 237.0 285.6666666666667 256.3333333333333 246.0 275.3333333333333 222.0 291.6666666666667 196.0 214.66666666666666 296.3333333333333 210.66666666666666 259.6666666666667 208.66666666666666 235.66666666666666 205.66666666666666 209.0 
240.0 393.0 277.6666666666667 375.3333333333333 303.6666666666667 335.3333333333333 292.6666666666667 315.3333333333333 262.0 314.0 276.6666666666667 284.0 307.0 272.0 325.0 300.6666666666667 337.6666666666667 323.6666666666667 258.3333333333333 281.0 296.6666666666667 270.6666666666667 323.3333333333333 300.6666666666667 342.3333333333333 320.6666666666667 237.0 284.6666666666667 256.3333333333333 245.0 274.0 220.66666666666666 289.6666666666667 194.33333333333334 214.66666666666666 295.6666666666667 210.33333333333334 259.3333333333333 208.0 235.33333333333334 205.0 208.33333333333334 
241.0 391.3333333333333 278.3333333333333 374.0 304.0 334.3333333333333 293.3333333333333 314.6666666666667 263.6666666666667 312.3333333333333 276.6666666666667 282.6666666666667 307.3333333333333 271.3333333333333 325.6666666666667 299.6666666666667 338.3333333333333 322.6666666666667 258.3333333333333 279.3333333333333 297.0 269.3333333333333 323.3333333333333 299.0 342.3333333333333 318.6666666666667 236.66666666666666 283.3333333333333 255.66666666666666 243.0 272.0 218.33333333333334 286.6666666666667 192.0 214.33333333333334 295.0 209.0 258.3333333333333 206.33333333333334 234.33333333333334 203.33333333333334 207.66666666666666 
241.0 390.3333333333333 278.3333333333333 372.6666666666667 304.0 333.0 293.3333333333333 313.0 263.3333333333333 310.6666666666667 276.6666666666667 281.6666666666667 306.6666666666667 269.3333333333333 325.6666666666667 297.6666666666667 338.6666666666667 320.3333333333333 258.3333333333333 278.3333333333333 296.6666666666667 268.3333333333333 323.3333333333333 297.6666666666667 342.3333333333333 316.6666666666667 236.66666666666666 282.3333333333333 254.33333333333334 242.0 269.6666666666667 216.66666666666666 283.3333333333333 190.0 214.0 294.0 208.0 257.3333333333333 204.66666666666666 233.33333333333334 201.33333333333334 206.66666666666666 
240.66666666666666 390.3333333333333 278.3333333333333 372.3333333333333 304.3333333333333 332.6666666666667 293.3333333333333 312.0 262.3333333333333 310.3333333333333 276.6666666666667 281.6666666666667 305.6666666666667 269.0 325.3333333333333 296.3333333333333 339.3333333333333 318.3333333333333 258.0 278.3333333333333 296.0 268.3333333333333 322.6666666666667 297.3333333333333 341.6666666666667 316.0 236.33333333333334 282.0 253.0 242.0 268.0 216.33333333333334 281.0 189.66666666666666 213.33333333333334 293.3333333333333 206.66666666666666 256.3333333333333 203.0 232.66666666666666 199.33333333333334 206.33333333333334 
240.0 390.6666666666667 278.0 372.6666666666667 304.3333333333333 333.0 293.0 312.0 261.0 311.0 276.6666666666667 282.3333333333333 304.6666666666667 268.6666666666667 324.6666666666667 296.0 339.3333333333333 318.3333333333333 258.0 279.3333333333333 295.3333333333333 269.6666666666667 322.3333333333333 299.0 341.3333333333333 318.0 236.66666666666666 282.6666666666667 252.33333333333334 243.33333333333334 267.3333333333333 217.33333333333334 280.0 190.0 213.0 293.3333333333333 206.33333333333334 256.3333333333333 202.33333333333334 232.66666666666666 198.33333333333334 206.33333333333334 
240.0 391.3333333333333 278.0 373.3333333333333 304.6666666666667 334.3333333333333 293.3333333333333 313.3333333333333 261.0 312.3333333333333 276.6666666666667 283.6666666666667 304.6666666666667 270.0 324.3333333333333 297.0 339.0 319.3333333333333 258.0 280.3333333333333 295.0 271.3333333333333 321.6666666666667 300.3333333333333 340.3333333333333 319.0 236.66666666666666 283.6666666666667 252.0 244.66666666666666 266.6666666666667 218.66666666666666 279.0 191.66666666666666 212.66666666666666 293.6666666666667 205.66666666666666 256.6666666666667 202.0 233.0 198.0 206.33333333333334 
239.66666666666666 392.0 278.0 374.0 304.3333333333333 335.3333333333333 293.3333333333333 314.3333333333333 261.0 313.3333333333333 276.6666666666667 285.3333333333333 304.0 270.6666666666667 323.6666666666667 297.6666666666667 337.6666666666667 320.3333333333333 258.0 281.6666666666667 294.6666666666667 273.0 321.3333333333333 301.6666666666667 339.6666666666667 320.0 236.66666666666666 285.0 251.33333333333334 246.0 265.6666666666667 219.66666666666666 277.3333333333333 192.66666666666666 212.33333333333334 294.3333333333333 205.0 256.6666666666667 201.33333333333334 232.33333333333334 197.0 206.0 
239.66666666666666 392.0 278.0 374.6666666666667 304.3333333333333 336.3333333333333 293.0 315.3333333333333 260.6666666666667 314.3333333333333 277.3333333333333 286.0 304.0 270.6666666666667 323.0 297.3333333333333 336.3333333333333 320.0 258.3333333333333 282.0 294.6666666666667 273.3333333333333 320.3333333333333 301.6666666666667 338.6666666666667 320.0 236.33333333333334 285.3333333333333 251.0 246.33333333333334 265.0 219.66666666666666 276.6666666666667 193.0 211.66666666666666 294.3333333333333 204.0 256.3333333333333 200.0 231.66666666666666 196.0 205.0 
239.66666666666666 392.3333333333333 278.0 375.0 304.0 336.3333333333333 292.3333333333333 315.3333333333333 260.3333333333333 314.3333333333333 277.6666666666667 286.6666666666667 304.0 271.3333333333333 322.6666666666667 298.0 335.3333333333333 321.0 258.6666666666667 282.6666666666667 294.3333333333333 273.0 319.3333333333333 301.3333333333333 337.6666666666667 320.0 236.0 285.3333333333333 251.0 246.33333333333334 265.0 219.66666666666666 276.6666666666667 193.33333333333334 211.33333333333334 294.3333333333333 203.33333333333334 255.66666666666666 199.0 231.0 195.0 204.33333333333334 
240.33333333333334 392.3333333333333 278.6666666666667 375.0 304.6666666666667 336.6666666666667 292.3333333333333 315.6666666666667 260.0 314.6666666666667 278.6666666666667 286.6666666666667 304.6666666666667 272.0 322.6666666666667 298.6666666666667 335.3333333333333 322.0 259.6666666666667 282.6666666666667 294.6666666666667 272.6666666666667 318.6666666666667 301.6666666666667 337.0 321.0 236.66666666666666 285.0 252.0 246.0 266.0 220.0 278.0 194.0 211.33333333333334 293.6666666666667 203.33333333333334 255.33333333333334 199.0 230.66666666666666 195.33333333333334 204.0 
241.0 393.3333333333333 279.6666666666667 375.6666666666667 306.0 337.6666666666667 293.0 316.6666666666667 260.6666666666667 314.3333333333333 280.3333333333333 288.3333333333333 306.6666666666667 274.3333333333333 324.0 301.6666666666667 336.3333333333333 325.6666666666667 261.0 283.6666666666667 295.3333333333333 273.6666666666667 319.3333333333333 302.6666666666667 337.0 322.0 238.0 285.6666666666667 253.33333333333334 246.66666666666666 267.0 221.33333333333334 279.0 195.66666666666666 212.33333333333334 293.6666666666667 204.33333333333334 255.33333333333334 200.33333333333334 231.0 196.66666666666666 204.33333333333334 
242.0 393.3333333333333 281.3333333333333 376.3333333333333 307.6666666666667 339.3333333333333 294.6666666666667 318.3333333333333 262.6666666666667 315.0 282.3333333333333 289.6666666666667 308.6666666666667 275.3333333333333 325.3333333333333 303.0 337.6666666666667 327.3333333333333 263.0 284.6666666666667 296.6666666666667 275.6666666666667 320.6666666666667 305.3333333333333 338.0 325.3333333333333 240.0 286.6666666666667 254.66666666666666 247.66666666666666 268.6666666666667 222.66666666666666 280.6666666666667 196.33333333333334 213.66666666666666 294.0 206.0 256.0 202.33333333333334 231.33333333333334 199.0 204.66666666666666 
243.33333333333334 393.0 283.0 376.6666666666667 309.0 340.3333333333333 296.0 319.3333333333333 265.0 315.0 284.0 290.6666666666667 311.3333333333333 276.6666666666667 327.6666666666667 305.0 339.3333333333333 329.3333333333333 264.3333333333333 285.6666666666667 298.3333333333333 277.3333333333333 321.6666666666667 307.0 338.3333333333333 327.3333333333333 241.33333333333334 287.3333333333333 256.3333333333333 249.0 270.3333333333333 223.66666666666666 282.3333333333333 197.66666666666666 215.0 294.6666666666667 207.66666666666666 257.0 204.0 232.0 201.0 205.0 
245.33333333333334 392.0 284.6666666666667 376.0 310.0 340.0 297.6666666666667 319.0 268.0 314.3333333333333 285.0 290.3333333333333 312.3333333333333 276.0 329.0 304.0 340.3333333333333 328.3333333333333 265.3333333333333 285.6666666666667 299.6666666666667 277.3333333333333 322.6666666666667 307.3333333333333 339.3333333333333 328.3333333333333 242.33333333333334 287.0 257.3333333333333 249.0 272.0 223.33333333333334 284.0 197.33333333333334 216.0 294.6666666666667 208.66666666666666 257.3333333333333 205.33333333333334 231.66666666666666 202.33333333333334 204.66666666666666 
247.66666666666666 390.6666666666667 286.0 374.6666666666667 310.3333333333333 338.0 298.3333333333333 316.6666666666667 269.6666666666667 310.6666666666667 285.6666666666667 288.3333333333333 313.3333333333333 275.0 330.0 302.6666666666667 341.0 327.0 265.6666666666667 283.3333333333333 300.3333333333333 274.6666666666667 323.3333333333333 304.6666666666667 340.0 325.6666666666667 242.33333333333334 285.0 258.0 246.66666666666666 272.6666666666667 220.66666666666666 284.6666666666667 195.66666666666666 216.66666666666666 293.3333333333333 208.66666666666666 256.3333333333333 205.0 230.66666666666666 202.0 204.0 
249.33333333333334 389.0 286.6666666666667 372.3333333333333 310.3333333333333 334.3333333333333 299.3333333333333 313.0 271.0 306.0 285.3333333333333 285.3333333333333 313.0 271.3333333333333 329.6666666666667 298.3333333333333 340.3333333333333 322.3333333333333 265.0 280.0 299.6666666666667 269.6666666666667 323.6666666666667 299.3333333333333 340.6666666666667 320.6666666666667 241.66666666666666 282.0 256.6666666666667 242.33333333333334 271.3333333333333 216.0 283.3333333333333 190.66666666666666 216.33333333333334 290.6666666666667 207.33333333333334 253.66666666666666 203.66666666666666 228.33333333333334 200.33333333333334 202.33333333333334 
250.33333333333334 388.3333333333333 287.3333333333333 370.0 309.6666666666667 329.6666666666667 298.3333333333333 307.3333333333333 269.3333333333333 301.0 283.3333333333333 283.0 310.6666666666667 267.6666666666667 328.3333333333333 293.0 340.0 314.6666666666667 263.0 277.3333333333333 297.6666666666667 264.3333333333333 322.3333333333333 291.3333333333333 340.0 310.6666666666667 240.0 279.3333333333333 254.33333333333334 238.33333333333334 268.3333333333333 211.66666666666666 279.6666666666667 186.33333333333334 215.66666666666666 287.6666666666667 205.33333333333334 250.66666666666666 201.0 225.66666666666666 197.33333333333334 200.0 
250.66666666666666 388.6666666666667 287.3333333333333 368.3333333333333 309.3333333333333 326.3333333333333 297.6666666666667 303.3333333333333 268.3333333333333 298.0 280.6666666666667 282.6666666666667 307.0 263.6666666666667 326.3333333333333 286.6666666666667 339.3333333333333 306.3333333333333 261.0 277.0 295.6666666666667 260.3333333333333 321.0 284.3333333333333 339.0 301.6666666666667 238.66666666666666 278.0 252.0 236.0 265.0 209.0 275.6666666666667 182.66666666666666 214.66666666666666 286.0 203.66666666666666 249.0 198.33333333333334 224.0 193.66666666666666 198.66666666666666 
251.0 390.0 287.6666666666667 368.0 309.3333333333333 324.6666666666667 296.3333333333333 301.0 266.3333333333333 297.0 279.6666666666667 284.0 304.6666666666667 262.6666666666667 325.0 284.0 339.6666666666667 302.0 261.0 278.0 295.0 259.3333333333333 320.6666666666667 281.3333333333333 339.0 297.0 238.66666666666666 278.3333333333333 251.66666666666666 235.66666666666666 264.0 208.66666666666666 273.6666666666667 182.0 215.0 285.6666666666667 203.33333333333334 248.33333333333334 197.0 223.33333333333334 191.66666666666666 197.66666666666666 
251.66666666666666 390.6666666666667 288.0 368.0 309.6666666666667 324.3333333333333 296.6666666666667 301.3333333333333 266.3333333333333 298.0 279.6666666666667 283.6666666666667 304.3333333333333 261.6666666666667 324.6666666666667 283.0 339.6666666666667 301.0 261.6666666666667 278.3333333333333 295.6666666666667 259.6666666666667 321.6666666666667 283.0 340.0 299.3333333333333 239.33333333333334 278.6666666666667 252.33333333333334 236.0 264.6666666666667 209.0 274.3333333333333 181.66666666666666 215.33333333333334 286.3333333333333 203.66666666666666 249.0 197.0 224.33333333333334 191.0 198.33333333333334 
252.33333333333334 391.0 288.6666666666667 368.0 310.0 324.6666666666667 296.6666666666667 302.0 266.0 299.3333333333333 280.3333333333333 283.6666666666667 305.0 262.6666666666667 325.0 284.0 339.6666666666667 302.3333333333333 262.3333333333333 278.6666666666667 296.3333333333333 261.0 322.0 285.0 340.6666666666667 301.6666666666667 240.0 279.3333333333333 253.0 237.0 265.6666666666667 210.33333333333334 275.3333333333333 183.33333333333334 215.66666666666666 287.0 204.0 249.66666666666666 197.66666666666666 225.0 192.0 198.66666666666666 
252.66666666666666 391.0 288.6666666666667 368.6666666666667 310.0 325.3333333333333 296.6666666666667 302.6666666666667 266.3333333333333 299.6666666666667 281.3333333333333 284.3333333333333 305.3333333333333 263.0 325.0 283.6666666666667 339.3333333333333 302.0 262.6666666666667 279.3333333333333 296.3333333333333 262.0 322.0 286.0 340.6666666666667 302.6666666666667 240.33333333333334 280.3333333333333 253.0 238.33333333333334 266.0 211.66666666666666 276.0 184.66666666666666 215.66666666666666 288.0 204.0 250.66666666666666 198.0 226.0 192.33333333333334 199.66666666666666 
252.33333333333334 391.3333333333333 288.3333333333333 369.6666666666667 309.6666666666667 327.0 297.0 304.0 267.3333333333333 300.3333333333333 281.3333333333333 285.3333333333333 305.0 264.3333333333333 324.6666666666667 284.6666666666667 338.6666666666667 303.0 262.3333333333333 280.0 295.6666666666667 262.6666666666667 321.6666666666667 286.3333333333333 340.0 303.0 240.0 281.0 252.66666666666666 239.33333333333334 266.0 212.66666666666666 276.3333333333333 186.33333333333334 215.33333333333334 288.6666666666667 203.66666666666666 251.33333333333334 198.0 226.66666666666666 192.66666666666666 200.66666666666666 
251.66666666666666 391.3333333333333 287.3333333333333 370.6666666666667 309.0 328.0 297.0 304.6666666666667 267.6666666666667 300.6666666666667 281.6666666666667 286.3333333333333 304.6666666666667 264.6666666666667 324.0 285.0 338.3333333333333 303.0 262.6666666666667 281.0 295.3333333333333 263.3333333333333 321.3333333333333 287.6666666666667 339.6666666666667 304.6666666666667 240.0 282.0 252.33333333333334 240.33333333333334 265.6666666666667 213.33333333333334 276.0 186.66666666666666 215.33333333333334 289.3333333333333 203.33333333333334 251.66666666666666 197.66666666666666 227.33333333333334 192.33333333333334 201.33333333333334 
251.33333333333334 391.6666666666667 286.6666666666667 371.0 308.3333333333333 329.3333333333333 297.0 306.0 268.0 301.6666666666667 280.3333333333333 286.3333333333333 303.6666666666667 265.3333333333333 323.0 285.6666666666667 337.3333333333333 303.6666666666667 261.6666666666667 281.0 294.6666666666667 264.0 320.3333333333333 288.6666666666667 339.0 305.3333333333333 239.33333333333334 282.0 252.0 240.66666666666666 265.3333333333333 214.0 276.3333333333333 187.66666666666666 214.66666666666666 289.6666666666667 202.66666666666666 252.0 197.33333333333334 228.0 192.33333333333334 202.0 
250.66666666666666 391.6666666666667 286.0 371.3333333333333 307.6666666666667 329.6666666666667 296.3333333333333 306.3333333333333 267.3333333333333 301.6666666666667 280.0 287.3333333333333 302.6666666666667 265.0 321.6666666666667 284.6666666666667 336.3333333333333 302.3333333333333 261.3333333333333 282.0 294.3333333333333 265.0 319.6666666666667 289.3333333333333 338.6666666666667 305.6666666666667 239.33333333333334 283.0 252.0 241.66666666666666 264.6666666666667 215.0 275.6666666666667 188.33333333333334 214.66666666666666 290.3333333333333 202.66666666666666 252.33333333333334 197.0 228.33333333333334 191.66666666666666 202.33333333333334 
250.33333333333334 392.3333333333333 286.0 372.0 307.6666666666667 330.0 296.0 307.0 266.6666666666667 302.3333333333333 279.6666666666667 288.0 302.0 264.6666666666667 321.0 283.6666666666667 335.3333333333333 301.0 260.6666666666667 282.6666666666667 294.0 265.6666666666667 319.6666666666667 290.3333333333333 338.6666666666667 306.6666666666667 239.0 283.6666666666667 251.66666666666666 242.66666666666666 264.3333333333333 215.66666666666666 275.6666666666667 188.66666666666666 214.66666666666666 291.0 202.66666666666666 253.0 197.0 228.66666666666666 191.33333333333334 202.66666666666666 
250.0 393.0 286.0 373.0 307.6666666666667 330.6666666666667 296.0 307.6666666666667 266.3333333333333 303.3333333333333 279.6666666666667 288.6666666666667 301.6666666666667 264.6666666666667 321.0 283.6666666666667 335.6666666666667 301.3333333333333 260.6666666666667 283.6666666666667 294.0 266.6666666666667 320.0 292.3333333333333 339.0 309.3333333333333 239.0 284.6666666666667 251.66666666666666 244.0 264.3333333333333 216.66666666666666 275.3333333333333 189.33333333333334 214.66666666666666 292.0 203.0 254.0 197.0 229.66666666666666 191.33333333333334 203.66666666666666 
250.0 394.0 286.0 373.6666666666667 307.6666666666667 331.3333333333333 296.0 308.6666666666667 266.3333333333333 304.6666666666667 279.0 289.0 301.0 265.0 320.6666666666667 284.0 335.6666666666667 301.3333333333333 260.3333333333333 284.3333333333333 293.3333333333333 268.0 319.6666666666667 294.3333333333333 339.0 312.0 238.66666666666666 285.6666666666667 251.33333333333334 245.0 264.6666666666667 218.0 276.0 190.66666666666666 214.66666666666666 293.3333333333333 203.0 255.33333333333334 197.0 230.66666666666666 191.66666666666666 204.66666666666666 
250.0 394.6666666666667 285.6666666666667 374.0 307.3333333333333 332.3333333333333 296.0 309.6666666666667 266.6666666666667 306.0 278.0 289.6666666666667 300.3333333333333 266.6666666666667 320.6666666666667 286.3333333333333 336.3333333333333 304.0 260.0 285.0 292.6666666666667 270.0 319.3333333333333 296.6666666666667 339.0 314.6666666666667 238.66666666666666 287.0 251.33333333333334 246.33333333333334 265.3333333333333 220.0 276.6666666666667 192.66666666666666 214.66666666666666 295.0 203.0 257.0 197.0 232.66666666666666 192.33333333333334 206.66666666666666 
249.66666666666666 395.3333333333333 285.0 374.3333333333333 306.6666666666667 333.0 295.6666666666667 310.3333333333333 266.6666666666667 307.0 276.3333333333333 290.3333333333333 299.3333333333333 267.6666666666667 320.0 287.3333333333333 336.0 304.6666666666667 258.6666666666667 286.0 292.0 272.0 319.0 298.3333333333333 339.0 316.0 238.0 288.3333333333333 250.66666666666666 248.0 265.3333333333333 221.66666666666666 276.6666666666667 194.33333333333334 214.66666666666666 296.3333333333333 202.66666666666666 258.6666666666667 196.66666666666666 234.33333333333334 192.0 208.33333333333334 
249.0 395.3333333333333 284.3333333333333 375.0 306.0 333.6666666666667 295.0 311.0 266.0 307.6666666666667 275.6666666666667 291.0 299.3333333333333 269.3333333333333 320.0 289.3333333333333 336.0 307.3333333333333 258.0 286.6666666666667 292.0 273.3333333333333 319.0 299.3333333333333 338.6666666666667 316.3333333333333 237.66666666666666 289.0 250.33333333333334 249.33333333333334 264.6666666666667 222.66666666666666 275.6666666666667 195.33333333333334 214.33333333333334 297.0 202.0 259.6666666666667 196.0 235.66666666666666 191.33333333333334 209.66666666666666 
248.33333333333334 395.3333333333333 284.0 375.6666666666667 305.0 334.0 294.0 311.6666666666667 265.0 308.3333333333333 274.6666666666667 291.0 298.6666666666667 269.6666666666667 319.0 290.0 335.0 308.3333333333333 257.0 287.0 291.6666666666667 274.0 318.6666666666667 299.3333333333333 338.0 315.6666666666667 236.66666666666666 289.3333333333333 249.66666666666666 250.33333333333334 263.3333333333333 223.33333333333334 274.3333333333333 196.33333333333334 213.33333333333334 297.3333333333333 201.0 260.3333333333333 195.0 236.33333333333334 190.0 210.33333333333334 
248.0 395.3333333333333 284.0 375.6666666666667 304.6666666666667 333.6666666666667 293.0 311.6666666666667 263.6666666666667 308.6666666666667 275.0 291.3333333333333 298.6666666666667 271.0 319.0 292.0 335.0 310.6666666666667 257.0 287.3333333333333 291.0 274.0 318.0 298.6666666666667 337.3333333333333 314.6666666666667 236.33333333333334 289.6666666666667 249.0 250.66666666666666 262.0 224.0 272.6666666666667 197.0 212.66666666666666 297.6666666666667 200.0 260.6666666666667 194.0 236.66666666666666 189.0 210.66666666666666 
247.66666666666666 395.6666666666667 284.0 375.3333333333333 305.0 333.6666666666667 292.6666666666667 311.6666666666667 263.0 309.0 275.6666666666667 291.6666666666667 299.0 272.0 319.6666666666667 293.6666666666667 335.6666666666667 313.0 257.3333333333333 287.6666666666667 290.3333333333333 274.0 317.3333333333333 298.3333333333333 336.6666666666667 314.6666666666667 236.0 290.0 248.33333333333334 251.33333333333334 261.3333333333333 225.0 271.6666666666667 198.33333333333334 211.66666666666666 298.0 199.33333333333334 261.3333333333333 193.33333333333334 237.0 188.0 211.33333333333334 
248.0 395.3333333333333 284.3333333333333 374.3333333333333 305.3333333333333 333.3333333333333 292.3333333333333 311.6666666666667 263.0 308.6666666666667 276.6666666666667 291.3333333333333 299.3333333333333 272.3333333333333 320.0 294.3333333333333 336.3333333333333 314.3333333333333 257.6666666666667 287.3333333333333 290.3333333333333 273.6666666666667 317.0 298.0 336.3333333333333 314.6666666666667 236.0 289.6666666666667 248.0 251.0 261.0 225.33333333333334 271.0 199.33333333333334 211.33333333333334 297.6666666666667 199.0 261.3333333333333 192.66666666666666 237.0 187.0 211.33333333333334 
248.0 394.6666666666667 284.3333333333333 373.6666666666667 305.3333333333333 333.3333333333333 292.6666666666667 311.3333333333333 263.3333333333333 308.0 276.3333333333333 290.6666666666667 299.3333333333333 271.6666666666667 320.0 293.6666666666667 336.6666666666667 314.0 257.6666666666667 287.0 290.3333333333333 273.3333333333333 317.0 297.6666666666667 336.0 314.3333333333333 235.66666666666666 289.3333333333333 247.66666666666666 251.0 260.6666666666667 225.33333333333334 270.3333333333333 200.0 211.0 297.3333333333333 199.0 261.3333333333333 192.33333333333334 237.0 186.33333333333334 211.66666666666666 
248.33333333333334 394.0 284.3333333333333 373.3333333333333 305.0 333.3333333333333 292.6666666666667 311.3333333333333 263.6666666666667 307.6666666666667 275.6666666666667 290.6666666666667 299.0 271.6666666666667 319.6666666666667 293.0 336.6666666666667 313.0 257.0 287.0 290.0 273.0 316.6666666666667 297.3333333333333 336.0 313.6666666666667 235.33333333333334 289.3333333333333 247.66666666666666 251.0 260.3333333333333 225.33333333333334 270.0 200.66666666666666 210.66666666666666 297.3333333333333 198.66666666666666 261.3333333333333 192.0 237.0 186.0 211.66666666666666 
247.66666666666666 394.6666666666667 283.6666666666667 374.0 304.6666666666667 334.0 292.6666666666667 311.6666666666667 263.0 308.0 275.0 291.6666666666667 298.6666666666667 273.0 320.0 294.0 337.0 313.0 256.3333333333333 288.0 289.3333333333333 274.0 316.3333333333333 297.3333333333333 336.0 313.0 234.66666666666666 290.0 247.33333333333334 252.33333333333334 260.0 226.33333333333334 269.6666666666667 202.0 210.33333333333334 298.0 198.33333333333334 262.0 191.66666666666666 237.33333333333334 185.66666666666666 212.33333333333334 
247.33333333333334 395.3333333333333 283.3333333333333 374.6666666666667 304.3333333333333 334.6666666666667 292.3333333333333 312.6666666666667 263.0 309.0 274.6666666666667 292.6666666666667 298.3333333333333 274.3333333333333 320.0 295.3333333333333 336.6666666666667 314.0 255.66666666666666 288.6666666666667 288.6666666666667 275.0 315.6666666666667 297.6666666666667 335.3333333333333 313.3333333333333 234.33333333333334 291.0 247.33333333333334 253.66666666666666 260.0 228.0 270.0 203.66666666666666 209.66666666666666 299.0 198.0 263.0 191.33333333333334 238.0 185.33333333333334 213.0 
247.0 396.0 283.0 375.0 304.0 335.3333333333333 292.0 313.3333333333333 262.6666666666667 309.6666666666667 274.3333333333333 293.0 298.0 275.0 319.6666666666667 296.6666666666667 336.3333333333333 315.3333333333333 255.33333333333334 289.0 288.3333333333333 276.0 315.0 298.6666666666667 334.6666666666667 314.0 233.66666666666666 291.6666666666667 246.66666666666666 254.66666666666666 259.6666666666667 229.0 269.6666666666667 204.66666666666666 209.0 300.0 197.66666666666666 264.0 190.66666666666666 239.33333333333334 184.66666666666666 214.0 
246.66666666666666 396.0 283.0 375.3333333333333 303.6666666666667 335.6666666666667 291.6666666666667 314.0 262.6666666666667 310.6666666666667 274.3333333333333 293.3333333333333 298.3333333333333 275.3333333333333 319.3333333333333 297.3333333333333 335.6666666666667 316.3333333333333 255.33333333333334 289.3333333333333 288.0 276.3333333333333 314.3333333333333 299.3333333333333 333.6666666666667 315.0 233.66666666666666 292.3333333333333 246.33333333333334 255.33333333333334 259.3333333333333 229.66666666666666 269.0 205.0 208.66666666666666 301.0 197.33333333333334 265.0 190.33333333333334 240.66666666666666 184.33333333333334 215.0 
246.0 396.3333333333333 283.0 376.0 303.3333333333333 336.3333333333333 291.3333333333333 314.6666666666667 262.3333333333333 311.0 274.6666666666667 293.6666666666667 298.3333333333333 276.0 318.6666666666667 298.3333333333333 335.0 317.6666666666667 255.33333333333334 289.6666666666667 287.6666666666667 276.6666666666667 313.6666666666667 300.3333333333333 333.3333333333333 316.6666666666667 233.33333333333334 292.6666666666667 245.66666666666666 255.33333333333334 259.0 229.33333333333334 268.6666666666667 204.33333333333334 208.33333333333334 301.3333333333333 196.66666666666666 265.6666666666667 189.66666666666666 241.33333333333334 183.66666666666666 215.33333333333334 
245.0 396.6666666666667 282.3333333333333 376.3333333333333 302.6666666666667 336.6666666666667 290.6666666666667 315.0 261.3333333333333 311.6666666666667 274.3333333333333 294.0 298.0 276.6666666666667 318.0 299.3333333333333 334.0 319.0 255.0 290.0 287.0 277.0 313.3333333333333 300.6666666666667 332.6666666666667 317.3333333333333 232.66666666666666 293.0 245.0 255.33333333333334 258.6666666666667 229.33333333333334 268.3333333333333 204.0 208.0 301.3333333333333 196.0 265.6666666666667 189.0 241.33333333333334 183.0 215.33333333333334 
244.33333333333334 397.0 281.3333333333333 376.3333333333333 302.3333333333333 337.0 290.0 315.0 260.6666666666667 311.3333333333333 273.6666666666667 294.3333333333333 297.0 277.6666666666667 317.3333333333333 300.3333333333333 333.3333333333333 320.3333333333333 254.33333333333334 290.3333333333333 286.3333333333333 277.3333333333333 312.6666666666667 301.0 332.3333333333333 317.6666666666667 232.0 293.0 244.33333333333334 255.0 258.0 229.0 268.0 203.66666666666666 207.33333333333334 301.0 195.33333333333334 265.3333333333333 188.33333333333334 241.0 182.0 215.0 
243.66666666666666 397.0 280.3333333333333 376.0 302.0 337.3333333333333 289.6666666666667 315.0 260.6666666666667 311.3333333333333 273.3333333333333 295.0 296.6666666666667 278.3333333333333 317.0 300.6666666666667 333.0 320.3333333333333 254.33333333333334 290.6666666666667 286.0 277.3333333333333 312.3333333333333 301.0 331.6666666666667 317.3333333333333 232.0 293.0 244.33333333333334 255.0 257.3333333333333 229.0 267.3333333333333 204.0 207.0 301.0 195.33333333333334 265.0 188.0 240.66666666666666 181.66666666666666 215.0 
244.0 397.0 280.6666666666667 376.0 302.0 337.3333333333333 289.6666666666667 315.0 261.3333333333333 310.6666666666667 273.6666666666667 294.6666666666667 297.0 278.3333333333333 317.0 300.3333333333333 333.0 320.0 254.66666666666666 290.3333333333333 286.3333333333333 277.3333333333333 312.3333333333333 301.0 331.6666666666667 317.6666666666667 232.66666666666666 292.6666666666667 245.0 255.0 257.6666666666667 229.0 267.6666666666667 203.66666666666666 207.0 300.6666666666667 195.66666666666666 264.6666666666667 188.33333333333334 240.0 182.0 214.0 
244.66666666666666 396.6666666666667 281.3333333333333 375.6666666666667 302.0 337.0 290.3333333333333 314.6666666666667 262.3333333333333 310.3333333333333 274.3333333333333 294.3333333333333 297.6666666666667 277.6666666666667 317.6666666666667 299.6666666666667 334.0 319.3333333333333 255.33333333333334 290.0 287.0 277.0 313.0 300.6666666666667 332.0 317.3333333333333 233.33333333333334 292.3333333333333 246.0 255.0 258.6666666666667 228.66666666666666 268.6666666666667 203.33333333333334 207.66666666666666 300.3333333333333 196.66666666666666 264.0 189.33333333333334 239.0 183.33333333333334 213.33333333333334 
245.66666666666666 396.0 282.3333333333333 375.3333333333333 302.6666666666667 336.0 291.3333333333333 314.0 263.3333333333333 309.6666666666667 275.3333333333333 293.3333333333333 298.6666666666667 276.6666666666667 319.0 299.0 335.3333333333333 319.0 256.3333333333333 289.3333333333333 288.3333333333333 276.6666666666667 314.6666666666667 300.6666666666667 333.6666666666667 317.3333333333333 234.33333333333334 291.6666666666667 247.0 254.66666666666666 260.3333333333333 228.33333333333334 270.3333333333333 202.66666666666666 209.0 299.6666666666667 198.0 263.3333333333333 191.0 238.33333333333334 185.33333333333334 212.33333333333334 
246.66666666666666 395.0 283.3333333333333 374.6666666666667 303.6666666666667 335.0 292.6666666666667 313.0 264.6666666666667 309.0 277.0 292.6666666666667 300.3333333333333 275.6666666666667 321.0 298.3333333333333 337.6666666666667 318.6666666666667 258.0 288.6666666666667 290.3333333333333 276.3333333333333 316.6666666666667 300.3333333333333 335.3333333333333 317.0 235.66666666666666 291.0 248.33333333333334 254.33333333333334 262.0 227.66666666666666 272.0 202.33333333333334 210.66666666666666 299.0 199.66666666666666 262.6666666666667 193.0 238.0 187.66666666666666 212.33333333333334 
247.0 395.0 284.0 375.0 304.6666666666667 335.3333333333333 294.0 313.0 266.0 308.6666666666667 277.6666666666667 292.0 302.0 275.3333333333333 322.6666666666667 298.3333333333333 339.0 319.0 258.6666666666667 288.0 291.6666666666667 276.0 318.3333333333333 300.6666666666667 337.0 317.6666666666667 236.66666666666666 290.6666666666667 249.33333333333334 254.0 263.6666666666667 227.66666666666666 273.6666666666667 202.0 211.66666666666666 298.6666666666667 200.66666666666666 262.6666666666667 194.33333333333334 238.0 189.33333333333334 212.0 
247.0 395.6666666666667 284.0 375.6666666666667 304.6666666666667 336.3333333333333 294.0 313.6666666666667 266.3333333333333 309.3333333333333 277.0 292.0 302.3333333333333 275.6666666666667 323.3333333333333 298.3333333333333 339.6666666666667 318.6666666666667 258.3333333333333 288.0 291.6666666666667 276.3333333333333 318.6666666666667 300.6666666666667 337.3333333333333 317.6666666666667 236.33333333333334 291.0 249.66666666666666 254.33333333333334 264.3333333333333 228.0 274.3333333333333 203.0 211.66666666666666 299.0 200.66666666666666 263.0 194.66666666666666 238.33333333333334 189.66666666666666 212.66666666666666 
246.33333333333334 397.0 283.0 377.0 304.0 338.0 293.6666666666667 315.3333333333333 266.0 310.6666666666667 275.3333333333333 293.3333333333333 301.3333333333333 277.3333333333333 323.0 299.6666666666667 339.0 319.3333333333333 257.0 289.3333333333333 290.6666666666667 277.3333333333333 318.0 301.3333333333333 337.0 318.0 235.66666666666666 292.3333333333333 249.0 255.66666666666666 263.6666666666667 229.66666666666666 273.6666666666667 204.66666666666666 211.33333333333334 300.6666666666667 200.33333333333334 264.3333333333333 194.33333333333334 239.33333333333334 189.0 213.66666666666666 
246.0 397.6666666666667 282.6666666666667 377.6666666666667 304.0 338.6666666666667 293.3333333333333 316.3333333333333 266.0 311.6666666666667 275.3333333333333 294.6666666666667 301.3333333333333 279.3333333333333 323.0 301.3333333333333 339.0 321.0 257.3333333333333 290.6666666666667 290.6666666666667 278.6666666666667 317.6666666666667 302.3333333333333 336.6666666666667 319.0 235.66666666666666 293.3333333333333 249.33333333333334 257.0 263.3333333333333 231.0 273.3333333333333 206.66666666666666 211.33333333333334 302.0 200.66666666666666 265.6666666666667 194.66666666666666 241.0 189.33333333333334 215.66666666666666 
246.66666666666666 397.6666666666667 283.3333333333333 377.6666666666667 304.6666666666667 338.6666666666667 293.6666666666667 316.6666666666667 266.6666666666667 311.6666666666667 276.6666666666667 295.0 302.6666666666667 280.0 323.6666666666667 302.3333333333333 339.3333333333333 322.6666666666667 258.6666666666667 291.0 292.0 279.6666666666667 318.3333333333333 303.6666666666667 337.0 320.6666666666667 236.66666666666666 293.6666666666667 250.66666666666666 257.6666666666667 264.3333333333333 232.0 274.6666666666667 207.66666666666666 212.0 302.6666666666667 201.33333333333334 266.3333333333333 195.66666666666666 241.66666666666666 190.33333333333334 216.33333333333334 
247.33333333333334 397.3333333333333 284.3333333333333 377.3333333333333 305.6666666666667 338.6666666666667 294.3333333333333 316.6666666666667 267.6666666666667 311.6666666666667 278.0 294.3333333333333 304.0 279.6666666666667 324.6666666666667 302.3333333333333 340.0 323.3333333333333 260.0 290.6666666666667 293.3333333333333 279.6666666666667 319.3333333333333 304.3333333333333 337.6666666666667 322.0 237.66666666666666 293.3333333333333 252.33333333333334 257.3333333333333 266.0 231.66666666666666 276.6666666666667 207.33333333333334 212.66666666666666 302.3333333333333 202.0 266.3333333333333 196.33333333333334 241.66666666666666 191.66666666666666 216.66666666666666 
247.66666666666666 397.3333333333333 284.6666666666667 377.3333333333333 306.0 339.0 294.6666666666667 316.6666666666667 267.6666666666667 312.0 278.0 293.6666666666667 304.0 278.6666666666667 324.6666666666667 301.6666666666667 339.6666666666667 322.6666666666667 259.6666666666667 290.0 293.3333333333333 279.3333333333333 319.6666666666667 304.3333333333333 338.0 322.3333333333333 237.66666666666666 293.0 252.33333333333334 257.0 266.3333333333333 231.33333333333334 277.3333333333333 206.66666666666666 213.0 302.0 202.0 266.0 196.33333333333334 241.33333333333334 191.66666666666666 216.0 
247.33333333333334 398.0 284.0 378.0 305.6666666666667 339.6666666666667 294.6666666666667 317.3333333333333 267.0 313.0 277.3333333333333 294.3333333333333 303.3333333333333 279.3333333333333 324.0 302.3333333333333 339.3333333333333 323.0 258.6666666666667 290.3333333333333 292.6666666666667 279.3333333333333 319.0 304.3333333333333 337.6666666666667 322.3333333333333 237.0 293.3333333333333 251.33333333333334 257.3333333333333 265.3333333333333 231.33333333333334 276.0 206.66666666666666 212.66666666666666 302.3333333333333 201.66666666666666 266.3333333333333 195.66666666666666 242.0 191.0 216.66666666666666 
246.33333333333334 399.0 283.0 379.0 305.0 340.0 294.0 317.6666666666667 265.3333333333333 314.0 277.0 295.6666666666667 302.3333333333333 280.3333333333333 323.0 303.3333333333333 338.3333333333333 323.6666666666667 258.0 291.3333333333333 291.6666666666667 280.0 318.0 305.0 337.0 323.0 236.33333333333334 294.3333333333333 250.33333333333334 258.0 264.0 232.33333333333334 274.3333333333333 207.33333333333334 212.33333333333334 303.3333333333333 201.33333333333334 267.0 195.33333333333334 243.0 190.0 217.33333333333334 
246.0 400.0 282.6666666666667 380.0 304.3333333333333 340.6666666666667 293.0 318.6666666666667 264.6666666666667 314.3333333333333 277.0 297.6666666666667 302.0 281.6666666666667 322.0 304.3333333333333 337.3333333333333 324.6666666666667 258.0 293.0 291.3333333333333 281.0 317.0 306.0 335.6666666666667 324.0 236.0 295.6666666666667 250.0 259.3333333333333 263.6666666666667 234.0 273.6666666666667 209.0 211.66666666666666 304.3333333333333 201.0 268.0 194.66666666666666 243.66666666666666 189.33333333333334 218.33333333333334 
246.0 400.3333333333333 283.0 380.3333333333333 304.0 341.0 292.6666666666667 319.0 264.6666666666667 314.3333333333333 277.0 298.0 301.3333333333333 281.3333333333333 321.6666666666667 304.3333333333333 336.6666666666667 324.6666666666667 258.3333333333333 293.6666666666667 291.6666666666667 281.6666666666667 317.0 307.0 335.3333333333333 325.0 236.33333333333334 296.3333333333333 250.33333333333334 260.0 264.0 235.0 274.0 209.33333333333334 212.0 305.0 201.33333333333334 269.0 194.66666666666666 244.33333333333334 189.33333333333334 218.66666666666666 
246.66666666666666 400.3333333333333 283.6666666666667 380.3333333333333 304.3333333333333 341.3333333333333 292.6666666666667 319.3333333333333 265.6666666666667 314.0 277.3333333333333 298.3333333333333 301.6666666666667 281.6666666666667 322.0 304.3333333333333 337.0 324.6666666666667 258.6666666666667 294.0 292.3333333333333 282.0 317.6666666666667 307.6666666666667 335.6666666666667 325.6666666666667 236.66666666666666 296.6666666666667 251.0 260.3333333333333 264.6666666666667 235.0 275.0 209.66666666666666 212.33333333333334 305.0 201.66666666666666 269.6666666666667 195.0 244.66666666666666 189.66666666666666 219.0 
247.33333333333334 400.3333333333333 284.0 380.0 304.6666666666667 341.3333333333333 293.0 319.3333333333333 266.0 314.0 277.6666666666667 298.3333333333333 302.0 282.0 322.6666666666667 304.6666666666667 338.0 324.6666666666667 259.3333333333333 294.0 292.6666666666667 282.3333333333333 318.3333333333333 308.0 336.3333333333333 325.6666666666667 237.33333333333334 297.0 251.33333333333334 260.3333333333333 265.0 235.0 275.3333333333333 209.66666666666666 213.0 305.3333333333333 202.0 270.0 195.66666666666666 245.0 190.33333333333334 219.0 
247.33333333333334 400.3333333333333 283.6666666666667 380.0 304.3333333333333 341.6666666666667 292.3333333333333 319.6666666666667 265.6666666666667 314.6666666666667 277.6666666666667 299.0 302.0 283.0 322.3333333333333 305.0 338.3333333333333 325.0 259.0 294.6666666666667 292.3333333333333 283.0 318.0 308.3333333333333 336.0 325.6666666666667 237.33333333333334 297.6666666666667 251.33333333333334 261.0 264.6666666666667 235.33333333333334 275.0 210.33333333333334 212.66666666666666 305.6666666666667 201.66666666666666 270.3333333333333 195.66666666666666 245.33333333333334 190.33333333333334 219.33333333333334 
246.33333333333334 400.6666666666667 282.6666666666667 380.3333333333333 303.3333333333333 342.3333333333333 291.3333333333333 320.3333333333333 264.6666666666667 315.6666666666667 276.0 299.0 300.6666666666667 283.3333333333333 321.0 305.6666666666667 337.3333333333333 326.0 257.6666666666667 294.6666666666667 291.3333333333333 283.3333333333333 316.6666666666667 308.3333333333333 334.6666666666667 325.6666666666667 236.0 297.6666666666667 250.0 261.6666666666667 263.6666666666667 236.33333333333334 273.6666666666667 211.33333333333334 211.66666666666666 306.3333333333333 200.66666666666666 270.6666666666667 194.66666666666666 245.66666666666666 189.66666666666666 220.0 
244.33333333333334 401.3333333333333 280.6666666666667 381.3333333333333 301.6666666666667 343.0 290.0 321.0 262.6666666666667 317.3333333333333 273.3333333333333 298.6666666666667 298.0 284.0 319.0 306.6666666666667 335.3333333333333 327.0 255.0 295.0 289.3333333333333 284.0 315.0 309.0 333.3333333333333 326.3333333333333 233.33333333333334 298.0 248.0 262.3333333333333 261.6666666666667 236.66666666666666 272.0 212.0 209.66666666666666 307.0 199.0 271.3333333333333 192.66666666666666 246.66666666666666 187.33333333333334 221.33333333333334 
242.0 403.0 278.6666666666667 383.0 300.3333333333333 344.3333333333333 288.6666666666667 322.6666666666667 260.3333333333333 319.0 271.3333333333333 300.0 295.6666666666667 285.6666666666667 317.0 308.6666666666667 333.0 329.0 253.0 296.3333333333333 286.6666666666667 285.0 313.0 309.6666666666667 331.6666666666667 327.0 231.0 299.3333333333333 245.33333333333334 263.3333333333333 259.3333333333333 238.0 269.6666666666667 213.33333333333334 207.66666666666666 308.3333333333333 196.66666666666666 272.3333333333333 190.33333333333334 248.0 184.66666666666666 222.66666666666666 
240.66666666666666 405.0 277.0 385.0 299.0 346.3333333333333 287.3333333333333 324.6666666666667 258.6666666666667 321.0 269.6666666666667 302.3333333333333 294.3333333333333 288.3333333333333 315.6666666666667 311.6666666666667 331.6666666666667 332.0 251.33333333333334 298.6666666666667 284.6666666666667 287.6666666666667 311.3333333333333 312.3333333333333 330.6666666666667 329.3333333333333 229.66666666666666 301.3333333333333 243.33333333333334 265.3333333333333 257.0 239.66666666666666 267.3333333333333 215.33333333333334 206.0 310.0 195.0 274.3333333333333 188.33333333333334 250.0 182.33333333333334 224.66666666666666 
239.66666666666666 406.3333333333333 276.0 386.3333333333333 298.0 348.0 286.0 326.3333333333333 257.6666666666667 322.0 269.3333333333333 304.6666666666667 294.0 290.6666666666667 315.0 314.3333333333333 331.0 334.6666666666667 250.66666666666666 300.6666666666667 284.0 290.0 310.3333333333333 314.3333333333333 329.6666666666667 331.3333333333333 229.33333333333334 303.3333333333333 242.66666666666666 267.3333333333333 256.0 242.0 265.6666666666667 217.66666666666666 205.33333333333334 311.6666666666667 193.66666666666666 276.0 187.0 251.33333333333334 181.0 226.0 
239.33333333333334 406.6666666666667 275.6666666666667 386.6666666666667 297.0 348.6666666666667 284.6666666666667 326.6666666666667 257.0 322.3333333333333 268.6666666666667 305.6666666666667 294.0 292.0 314.6666666666667 315.6666666666667 330.6666666666667 336.0 250.0 301.6666666666667 283.3333333333333 291.3333333333333 309.3333333333333 315.6666666666667 328.3333333333333 332.3333333333333 229.0 304.0 242.33333333333334 268.6666666666667 255.33333333333334 243.33333333333334 264.6666666666667 219.33333333333334 204.66666666666666 312.6666666666667 193.33333333333334 277.0 186.0 252.0 180.0 227.0 
239.0 406.0 275.6666666666667 386.3333333333333 296.3333333333333 348.0 284.0 326.0 256.0 321.3333333333333 269.3333333333333 305.3333333333333 294.0 291.6666666666667 314.3333333333333 315.3333333333333 330.3333333333333 335.3333333333333 250.33333333333334 301.3333333333333 283.0 290.6666666666667 308.6666666666667 314.6666666666667 327.0 331.3333333333333 229.0 304.0 242.33333333333334 268.3333333333333 255.33333333333334 243.33333333333334 264.6666666666667 219.0 204.66666666666666 312.6666666666667 193.0 276.6666666666667 185.66666666666666 251.66666666666666 179.33333333333334 226.33333333333334 
239.33333333333334 405.3333333333333 276.0 386.0 296.3333333333333 347.3333333333333 284.0 325.0 256.0 320.3333333333333 269.6666666666667 304.3333333333333 294.0 290.6666666666667 314.0 314.0 330.0 334.0 250.66666666666666 300.3333333333333 282.6666666666667 289.6666666666667 308.3333333333333 313.6666666666667 326.6666666666667 330.3333333333333 229.33333333333334 303.0 242.33333333333334 267.6666666666667 255.0 242.66666666666666 264.6666666666667 218.0 204.66666666666666 312.0 193.33333333333334 276.0 185.66666666666666 251.33333333333334 179.33333333333334 225.66666666666666 
239.66666666666666 405.3333333333333 276.0 386.0 297.0 347.0 285.0 324.3333333333333 256.3333333333333 319.3333333333333 270.0 303.6666666666667 294.0 290.3333333333333 314.0 313.6666666666667 330.3333333333333 333.6666666666667 251.0 299.6666666666667 283.0 289.0 308.6666666666667 313.0 327.3333333333333 330.0 229.33333333333334 302.3333333333333 242.33333333333334 267.0 255.33333333333334 242.33333333333334 265.0 217.33333333333334 205.0 311.3333333333333 193.66666666666666 275.3333333333333 186.33333333333334 251.0 180.0 225.0 
239.66666666666666 405.6666666666667 276.0 386.0 297.6666666666667 347.0 285.6666666666667 324.0 257.0 319.6666666666667 270.0 303.3333333333333 294.3333333333333 290.0 314.3333333333333 313.6666666666667 330.3333333333333 334.0 251.33333333333334 299.6666666666667 284.0 289.6666666666667 310.3333333333333 313.6666666666667 329.0 330.6666666666667 229.66666666666666 302.3333333333333 243.33333333333334 267.6666666666667 257.0 243.33333333333334 267.0 218.33333333333334 205.33333333333334 311.0 194.33333333333334 275.3333333333333 186.66666666666666 251.0 180.66666666666666 225.33333333333334 
240.33333333333334 406.6666666666667 277.0 386.0 298.3333333333333 346.6666666666667 286.3333333333333 323.6666666666667 258.3333333333333 319.0 270.6666666666667 301.6666666666667 295.0 289.0 314.3333333333333 312.0 329.3333333333333 331.6666666666667 251.66666666666666 298.3333333333333 285.3333333333333 290.0 312.3333333333333 315.0 331.3333333333333 333.3333333333333 229.66666666666666 302.0 245.33333333333334 270.0 263.3333333333333 249.66666666666666 277.0 228.66666666666666 205.66666666666666 311.6666666666667 194.66666666666666 276.3333333333333 187.0 251.66666666666666 181.0 226.0 
241.0 406.6666666666667 279.0 385.3333333333333 298.6666666666667 346.0 286.6666666666667 322.6666666666667 259.3333333333333 318.6666666666667 271.3333333333333 299.3333333333333 297.3333333333333 289.3333333333333 316.6666666666667 312.0 332.0 331.6666666666667 252.0 296.6666666666667 285.6666666666667 290.0 312.6666666666667 314.6666666666667 332.3333333333333 334.0 229.33333333333334 302.3333333333333 249.66666666666666 276.0 274.0 267.0 293.0 257.6666666666667 205.66666666666666 313.0 195.66666666666666 277.6666666666667 188.66666666666666 252.66666666666666 184.0 228.0 
242.33333333333334 406.3333333333333 280.6666666666667 385.6666666666667 301.6666666666667 345.6666666666667 295.6666666666667 320.0 278.3333333333333 311.6666666666667 274.6666666666667 298.0 300.6666666666667 289.0 319.3333333333333 310.6666666666667 335.0 330.3333333333333 253.33333333333334 296.0 284.3333333333333 289.6666666666667 309.3333333333333 315.6666666666667 328.6666666666667 337.6666666666667 228.66666666666666 303.0 252.0 282.6666666666667 281.0 288.0 303.6666666666667 293.6666666666667 204.0 315.0 196.33333333333334 278.0 190.66666666666666 252.66666666666666 188.0 229.0 
243.0 405.0 281.3333333333333 385.6666666666667 303.3333333333333 344.6666666666667 302.0 316.6666666666667 290.6666666666667 305.0 274.3333333333333 296.3333333333333 301.0 289.3333333333333 321.6666666666667 311.6666666666667 339.3333333333333 332.0 252.0 295.6666666666667 281.6666666666667 287.6666666666667 306.6666666666667 313.0 326.6666666666667 334.3333333333333 226.33333333333334 304.0 253.33333333333334 289.6666666666667 283.0 309.6666666666667 304.3333333333333 326.6666666666667 201.66666666666666 317.0 197.66666666666666 279.3333333333333 195.33333333333334 253.66666666666666 195.66666666666666 231.0 
243.66666666666666 405.3333333333333 281.0 386.6666666666667 304.6666666666667 344.3333333333333 308.3333333333333 315.0 304.3333333333333 298.0 274.3333333333333 295.3333333333333 300.6666666666667 288.0 322.0 311.0 339.6666666666667 331.3333333333333 251.0 295.6666666666667 281.0 286.6666666666667 307.0 312.6666666666667 327.3333333333333 333.6666666666667 225.33333333333334 304.6666666666667 253.66666666666666 294.6666666666667 281.6666666666667 322.3333333333333 300.3333333333333 344.0 200.66666666666666 318.6666666666667 200.0 280.3333333333333 200.0 254.66666666666666 202.33333333333334 232.33333333333334 
243.33333333333334 406.3333333333333 280.3333333333333 387.0 303.3333333333333 345.0 306.3333333333333 316.3333333333333 301.0 298.6666666666667 272.0 294.6666666666667 299.3333333333333 288.6666666666667 322.0 311.6666666666667 340.3333333333333 332.0 249.33333333333334 295.6666666666667 281.6666666666667 285.3333333333333 310.3333333333333 310.0 332.3333333333333 329.6666666666667 225.0 305.0 255.66666666666666 298.6666666666667 282.6666666666667 331.6666666666667 299.0 355.0 201.66666666666666 319.6666666666667 203.0 282.0 205.33333333333334 256.6666666666667 209.66666666666666 234.33333333333334 
243.0 407.6666666666667 280.0 387.6666666666667 303.3333333333333 346.6666666666667 307.0 318.6666666666667 303.0 300.3333333333333 273.3333333333333 296.3333333333333 301.3333333333333 289.3333333333333 323.6666666666667 312.6666666666667 341.6666666666667 333.3333333333333 251.0 297.0 284.0 286.6666666666667 313.0 311.3333333333333 334.6666666666667 331.3333333333333 227.0 306.0 257.6666666666667 301.0 284.3333333333333 335.3333333333333 300.0 360.3333333333333 203.66666666666666 320.0 205.33333333333334 282.0 208.33333333333334 257.0 213.33333333333334 235.0 
243.0 407.6666666666667 280.3333333333333 388.0 304.3333333333333 348.0 308.0 320.0 304.0 302.3333333333333 274.6666666666667 297.3333333333333 302.6666666666667 290.3333333333333 325.3333333333333 313.6666666666667 343.0 334.6666666666667 252.66666666666666 298.0 285.6666666666667 287.3333333333333 314.6666666666667 312.0 336.0 332.6666666666667 228.33333333333334 306.3333333333333 258.6666666666667 301.6666666666667 284.3333333333333 336.6666666666667 299.3333333333333 362.3333333333333 204.66666666666666 320.0 206.0 282.0 209.66666666666666 257.0 215.0 235.0 
244.0 406.6666666666667 281.3333333333333 387.6666666666667 305.0 347.6666666666667 308.3333333333333 319.6666666666667 304.0 302.3333333333333 275.3333333333333 297.0 303.3333333333333 289.6666666666667 326.0 313.6666666666667 344.0 334.3333333333333 253.33333333333334 297.3333333333333 286.3333333333333 287.3333333333333 315.0 312.6666666666667 336.3333333333333 333.0 229.0 306.0 259.0 301.6666666666667 284.3333333333333 336.6666666666667 299.6666666666667 362.6666666666667 205.33333333333334 320.0 206.33333333333334 282.0 210.0 256.6666666666667 215.33333333333334 234.33333333333334 
244.33333333333334 405.6666666666667 281.6666666666667 387.3333333333333 305.3333333333333 347.6666666666667 308.6666666666667 319.6666666666667 304.3333333333333 303.0 276.0 297.0 303.0 289.3333333333333 325.6666666666667 312.6666666666667 344.0 333.0 254.0 297.3333333333333 286.3333333333333 286.6666666666667 315.3333333333333 312.3333333333333 337.0 332.6666666666667 229.66666666666666 305.6666666666667 259.3333333333333 301.0 284.3333333333333 336.3333333333333 300.0 362.0 206.0 319.6666666666667 206.66666666666666 281.3333333333333 210.33333333333334 256.0 215.66666666666666 233.33333333333334 
244.66666666666666 405.0 281.6666666666667 387.0 305.3333333333333 347.3333333333333 308.6666666666667 319.3333333333333 304.0 303.0 276.3333333333333 297.3333333333333 303.0 289.0 325.3333333333333 312.0 344.3333333333333 332.0 254.33333333333334 297.3333333333333 286.3333333333333 286.3333333333333 315.0 312.3333333333333 337.0 332.6666666666667 230.0 305.3333333333333 259.3333333333333 300.3333333333333 284.6666666666667 336.0 300.3333333333333 362.0 206.33333333333334 319.3333333333333 206.66666666666666 280.6666666666667 210.0 255.33333333333334 215.0 232.33333333333334 
244.66666666666666 405.0 282.0 387.0 306.0 347.3333333333333 309.0 319.6666666666667 303.0 303.6666666666667 277.3333333333333 298.0 303.6666666666667 290.0 326.3333333333333 312.3333333333333 345.3333333333333 332.0 255.33333333333334 298.0 287.0 286.6666666666667 316.3333333333333 312.3333333333333 338.3333333333333 333.0 230.66666666666666 305.6666666666667 260.0 300.3333333333333 285.3333333333333 336.0 300.6666666666667 362.3333333333333 206.66666666666666 319.3333333333333 206.66666666666666 280.3333333333333 210.0 255.0 214.33333333333334 232.0 
245.33333333333334 405.0 283.0 387.0 306.6666666666667 347.0 309.3333333333333 319.6666666666667 302.3333333333333 303.6666666666667 278.0 297.6666666666667 304.6666666666667 290.3333333333333 327.3333333333333 312.6666666666667 346.6666666666667 332.3333333333333 256.0 298.0 288.0 287.0 317.0 312.6666666666667 339.0 333.3333333333333 230.66666666666666 305.6666666666667 260.3333333333333 300.6666666666667 285.6666666666667 336.3333333333333 300.6666666666667 363.0 206.66666666666666 319.3333333333333 207.0 280.6666666666667 209.66666666666666 255.0 214.0 232.0 
246.33333333333334 404.3333333333333 284.0 386.3333333333333 307.6666666666667 346.3333333333333 309.6666666666667 319.0 302.0 303.3333333333333 278.3333333333333 296.0 305.3333333333333 289.0 328.3333333333333 311.6666666666667 347.6666666666667 331.3333333333333 256.3333333333333 296.6666666666667 288.6666666666667 286.0 318.0 311.6666666666667 340.0 332.0 231.0 304.6666666666667 261.3333333333333 299.6666666666667 285.6666666666667 335.6666666666667 300.6666666666667 362.3333333333333 207.0 318.6666666666667 207.66666666666666 280.3333333333333 210.33333333333334 254.66666666666666 215.0 231.33333333333334 
247.0 402.0 284.0 384.6666666666667 308.0 343.6666666666667 309.0 315.6666666666667 299.0 300.6666666666667 278.6666666666667 292.6666666666667 306.0 285.0 328.6666666666667 308.3333333333333 347.6666666666667 328.6666666666667 256.0 293.3333333333333 288.6666666666667 282.0 317.3333333333333 308.3333333333333 339.3333333333333 328.3333333333333 230.66666666666666 301.3333333333333 261.0 296.0 284.6666666666667 332.6666666666667 299.0 359.3333333333333 207.0 315.6666666666667 208.0 277.3333333333333 211.0 252.0 216.33333333333334 228.66666666666666 
246.66666666666666 397.3333333333333 283.3333333333333 380.3333333333333 308.3333333333333 338.6666666666667 308.6666666666667 310.0 297.3333333333333 294.6666666666667 278.3333333333333 287.6666666666667 306.3333333333333 279.0 329.0 303.0 346.6666666666667 323.6666666666667 255.33333333333334 288.0 288.3333333333333 276.0 316.6666666666667 302.0 338.3333333333333 321.6666666666667 230.33333333333334 295.6666666666667 260.6666666666667 289.6666666666667 283.6666666666667 326.6666666666667 297.3333333333333 354.0 207.0 310.3333333333333 208.0 271.6666666666667 211.33333333333334 246.33333333333334 216.66666666666666 222.66666666666666 
246.0 391.3333333333333 282.3333333333333 375.0 307.6666666666667 332.6666666666667 308.0 303.6666666666667 296.0 287.3333333333333 278.3333333333333 282.6666666666667 306.0 272.0 328.3333333333333 296.0 345.6666666666667 316.3333333333333 255.33333333333334 282.3333333333333 288.0 269.0 315.6666666666667 294.3333333333333 336.6666666666667 313.3333333333333 230.33333333333334 289.6666666666667 259.6666666666667 282.3333333333333 282.6666666666667 319.6666666666667 295.6666666666667 346.6666666666667 207.0 303.3333333333333 207.66666666666666 264.3333333333333 211.0 239.0 216.66666666666666 215.0 
246.33333333333334 385.6666666666667 282.3333333333333 369.0 307.3333333333333 326.6666666666667 308.3333333333333 297.6666666666667 298.6666666666667 279.6666666666667 278.0 278.0 305.0 266.0 327.6666666666667 289.6666666666667 345.0 309.6666666666667 255.66666666666666 277.6666666666667 287.6666666666667 264.0 315.0 288.6666666666667 335.3333333333333 307.0 231.0 284.6666666666667 259.6666666666667 276.3333333333333 282.6666666666667 313.3333333333333 295.6666666666667 340.0 207.33333333333334 297.3333333333333 207.66666666666666 258.3333333333333 210.33333333333334 233.0 215.33333333333334 208.33333333333334 
247.33333333333334 382.0 283.0 365.3333333333333 307.0 323.3333333333333 308.6666666666667 294.6666666666667 300.3333333333333 276.3333333333333 278.6666666666667 276.0 304.0 262.6666666666667 327.0 285.6666666666667 345.3333333333333 305.0 257.0 275.3333333333333 287.6666666666667 261.0 315.0 285.0 335.3333333333333 303.0 232.66666666666666 282.0 260.0 272.3333333333333 283.0 308.6666666666667 296.0 334.6666666666667 208.66666666666666 293.6666666666667 207.66666666666666 254.33333333333334 210.33333333333334 229.0 214.66666666666666 204.33333333333334 
249.0 381.0 285.0 364.0 308.3333333333333 322.0 310.3333333333333 293.3333333333333 303.3333333333333 275.3333333333333 280.3333333333333 275.3333333333333 304.3333333333333 262.3333333333333 327.3333333333333 284.6666666666667 345.6666666666667 304.3333333333333 259.0 275.0 288.0 260.0 315.6666666666667 284.0 336.3333333333333 302.6666666666667 234.66666666666666 281.3333333333333 261.3333333333333 271.3333333333333 284.3333333333333 306.6666666666667 297.3333333333333 332.6666666666667 210.33333333333334 292.3333333333333 209.0 252.66666666666666 211.33333333333334 227.33333333333334 215.0 203.0 
250.33333333333334 382.3333333333333 287.3333333333333 365.0 310.3333333333333 323.6666666666667 312.6666666666667 294.6666666666667 306.3333333333333 277.0 283.0 276.3333333333333 306.0 263.6666666666667 328.6666666666667 286.0 347.0 305.6666666666667 261.6666666666667 276.0 289.6666666666667 260.6666666666667 317.6666666666667 285.0 338.3333333333333 304.3333333333333 237.0 282.0 263.3333333333333 272.3333333333333 286.6666666666667 307.3333333333333 299.6666666666667 333.3333333333333 212.33333333333334 292.6666666666667 210.66666666666666 252.66666666666666 213.0 227.33333333333334 216.66666666666666 203.33333333333334 
252.0 384.6666666666667 289.6666666666667 367.0 312.6666666666667 325.3333333333333 314.6666666666667 295.6666666666667 309.0 278.0 284.6666666666667 276.6666666666667 308.3333333333333 265.0 330.6666666666667 287.6666666666667 348.6666666666667 308.0 263.3333333333333 276.6666666666667 291.3333333333333 262.0 319.6666666666667 287.0 340.3333333333333 307.0 238.33333333333334 283.0 265.3333333333333 274.6666666666667 289.3333333333333 310.0 302.3333333333333 336.0 213.66666666666666 294.0 212.33333333333334 254.0 214.66666666666666 228.66666666666666 218.66666666666666 205.0 
252.66666666666666 386.6666666666667 290.3333333333333 368.3333333333333 313.6666666666667 326.6666666666667 316.0 297.0 310.6666666666667 279.3333333333333 285.0 277.0 309.3333333333333 265.6666666666667 332.3333333333333 288.6666666666667 350.3333333333333 309.3333333333333 263.3333333333333 277.0 292.6666666666667 263.3333333333333 321.3333333333333 289.0 342.0 309.0 238.66666666666666 284.0 266.6666666666667 276.6666666666667 291.3333333333333 312.3333333333333 304.3333333333333 338.3333333333333 214.33333333333334 295.6666666666667 213.33333333333334 255.66666666666666 216.0 230.33333333333334 219.66666666666666 206.66666666666666 
252.66666666666666 387.6666666666667 290.0 369.0 313.6666666666667 327.3333333333333 316.0 298.0 310.3333333333333 280.0 284.0 277.0 309.0 266.0 332.6666666666667 288.6666666666667 351.0 309.0 262.6666666666667 277.0 292.6666666666667 264.0 322.0 289.3333333333333 343.3333333333333 309.3333333333333 238.33333333333334 284.6666666666667 266.6666666666667 277.6666666666667 292.0 313.3333333333333 305.3333333333333 339.3333333333333 214.33333333333334 297.0 213.33333333333334 257.0 216.33333333333334 231.33333333333334 219.66666666666666 207.66666666666666 
252.66666666666666 388.0 290.0 369.0 313.6666666666667 327.3333333333333 316.0 298.6666666666667 309.6666666666667 280.6666666666667 284.3333333333333 277.6666666666667 309.3333333333333 266.0 333.0 288.6666666666667 351.6666666666667 308.3333333333333 262.6666666666667 277.6666666666667 293.0 264.0 322.3333333333333 289.0 344.0 308.6666666666667 238.66666666666666 285.3333333333333 266.6666666666667 278.0 292.0 313.3333333333333 305.3333333333333 339.3333333333333 214.66666666666666 297.6666666666667 213.66666666666666 257.6666666666667 216.33333333333334 232.0 219.66666666666666 208.0 
253.0 388.0 290.3333333333333 369.0 314.0 327.6666666666667 315.6666666666667 298.6666666666667 308.3333333333333 280.6666666666667 285.0 278.3333333333333 309.6666666666667 266.3333333333333 333.3333333333333 288.3333333333333 352.3333333333333 307.3333333333333 263.6666666666667 278.3333333333333 293.3333333333333 264.3333333333333 322.6666666666667 288.3333333333333 344.6666666666667 307.6666666666667 239.33333333333334 285.6666666666667 267.0 278.6666666666667 292.3333333333333 313.6666666666667 305.6666666666667 339.3333333333333 215.33333333333334 298.0 214.33333333333334 258.0 216.33333333333334 232.33333333333334 219.33333333333334 208.33333333333334 
253.33333333333334 388.3333333333333 291.0 369.6666666666667 314.6666666666667 328.0 316.3333333333333 299.0 308.6666666666667 281.3333333333333 286.0 279.3333333333333 310.6666666666667 267.0 334.3333333333333 289.0 353.3333333333333 308.0 264.6666666666667 279.3333333333333 294.3333333333333 264.6666666666667 323.3333333333333 288.3333333333333 345.3333333333333 307.3333333333333 240.33333333333334 286.3333333333333 268.0 279.6666666666667 292.6666666666667 314.6666666666667 306.0 340.0 216.33333333333334 298.3333333333333 215.33333333333334 258.3333333333333 217.0 232.66666666666666 220.33333333333334 209.0 
253.66666666666666 389.0 291.3333333333333 370.3333333333333 315.3333333333333 329.0 316.6666666666667 299.3333333333333 309.0 281.6666666666667 286.6666666666667 279.6666666666667 311.3333333333333 267.6666666666667 335.0 289.0 353.6666666666667 308.0 265.3333333333333 279.6666666666667 295.0 265.3333333333333 324.0 288.3333333333333 346.0 307.6666666666667 241.0 287.0 268.6666666666667 281.0 293.0 316.0 306.6666666666667 341.3333333333333 216.66666666666666 299.0 216.0 259.3333333333333 217.66666666666666 234.0 221.33333333333334 211.0 
253.33333333333334 390.0 291.3333333333333 371.0 315.6666666666667 330.0 317.0 300.3333333333333 310.0 282.0 287.0 280.3333333333333 312.0 268.3333333333333 335.6666666666667 289.6666666666667 354.0 308.6666666666667 265.6666666666667 280.6666666666667 295.6666666666667 265.6666666666667 324.6666666666667 288.6666666666667 346.6666666666667 307.6666666666667 241.66666666666666 288.0 269.0 282.0 293.3333333333333 317.0 307.0 342.6666666666667 217.33333333333334 300.0 216.33333333333334 260.6666666666667 218.33333333333334 235.33333333333334 223.0 213.0 
253.0 391.3333333333333 291.0 371.6666666666667 316.0 331.0 317.3333333333333 301.0 311.0 282.3333333333333 287.3333333333333 281.0 312.6666666666667 269.0 336.0 290.6666666666667 353.6666666666667 310.0 265.6666666666667 281.3333333333333 295.6666666666667 266.6666666666667 325.0 289.6666666666667 346.3333333333333 309.3333333333333 241.33333333333334 289.0 269.0 283.6666666666667 293.6666666666667 319.0 307.3333333333333 345.0 217.33333333333334 301.3333333333333 216.66666666666666 262.3333333333333 219.0 237.66666666666666 224.0 215.66666666666666 
251.66666666666666 393.3333333333333 289.6666666666667 373.0 315.3333333333333 332.0 317.0 302.0 311.3333333333333 282.6666666666667 285.6666666666667 281.6666666666667 312.0 270.0 335.0 292.6666666666667 352.3333333333333 313.0 264.0 282.3333333333333 294.6666666666667 268.3333333333333 323.6666666666667 292.3333333333333 344.6666666666667 312.3333333333333 239.66666666666666 290.3333333333333 268.3333333333333 285.6666666666667 293.3333333333333 321.3333333333333 306.6666666666667 347.6666666666667 216.33333333333334 303.3333333333333 216.66666666666666 264.3333333333333 219.33333333333334 239.66666666666666 224.33333333333334 217.33333333333334 
249.66666666666666 395.6666666666667 288.0 375.0 313.6666666666667 333.3333333333333 316.0 303.3333333333333 310.6666666666667 284.3333333333333 283.3333333333333 283.0 310.6666666666667 272.0 333.3333333333333 295.3333333333333 350.3333333333333 316.3333333333333 261.3333333333333 284.0 292.6666666666667 271.6666666666667 321.6666666666667 296.0 342.3333333333333 316.6666666666667 237.0 292.6666666666667 267.0 288.6666666666667 292.0 324.3333333333333 306.0 350.3333333333333 214.33333333333334 306.3333333333333 215.33333333333334 267.0 218.33333333333334 242.33333333333334 223.33333333333334 219.33333333333334 
247.66666666666666 398.3333333333333 286.0 377.3333333333333 311.3333333333333 335.3333333333333 313.3333333333333 305.3333333333333 307.6666666666667 286.6666666666667 280.3333333333333 285.3333333333333 308.3333333333333 275.0 331.0 298.3333333333333 348.0 320.3333333333333 258.3333333333333 286.6666666666667 290.3333333333333 275.3333333333333 319.0 300.0 340.0 321.0 234.33333333333334 295.6666666666667 264.6666666666667 291.3333333333333 290.0 326.6666666666667 304.0 353.0 211.66666666666666 310.0 213.0 270.3333333333333 216.33333333333334 245.0 221.0 221.0 
246.0 401.0 284.3333333333333 380.3333333333333 309.3333333333333 338.3333333333333 311.3333333333333 308.3333333333333 304.6666666666667 290.3333333333333 278.6666666666667 288.3333333333333 306.3333333333333 278.3333333333333 329.3333333333333 301.6666666666667 346.3333333333333 323.6666666666667 256.6666666666667 289.6666666666667 288.6666666666667 278.6666666666667 317.6666666666667 303.6666666666667 338.3333333333333 324.6666666666667 232.33333333333334 299.0 263.0 294.0 288.6666666666667 329.3333333333333 303.0 355.6666666666667 210.0 313.3333333333333 211.0 273.6666666666667 214.33333333333334 247.66666666666666 218.66666666666666 223.33333333333334 
245.0 404.0 283.6666666666667 383.3333333333333 308.6666666666667 341.3333333333333 310.0 311.3333333333333 302.3333333333333 293.0 278.3333333333333 292.0 305.6666666666667 281.6666666666667 328.6666666666667 305.3333333333333 345.6666666666667 327.6666666666667 256.3333333333333 293.0 288.3333333333333 281.3333333333333 317.3333333333333 306.6666666666667 337.6666666666667 328.0 231.66666666666666 302.0 262.3333333333333 296.3333333333333 288.3333333333333 332.3333333333333 302.3333333333333 359.0 209.0 316.3333333333333 210.33333333333334 277.0 213.66666666666666 250.66666666666666 217.33333333333334 226.66666666666666 
245.0 406.6666666666667 284.0 386.0 309.0 344.6666666666667 310.6666666666667 315.0 302.6666666666667 296.3333333333333 279.0 295.0 306.3333333333333 284.6666666666667 329.0 308.6666666666667 346.0 330.3333333333333 257.0 296.0 289.3333333333333 283.6666666666667 318.0 309.3333333333333 338.0 330.3333333333333 232.33333333333334 305.0 263.3333333333333 299.0 288.6666666666667 335.3333333333333 302.6666666666667 362.0 209.66666666666666 319.0 211.33333333333334 280.0 214.0 254.0 217.66666666666666 230.66666666666666 
245.66666666666666 409.0 285.0 388.3333333333333 309.6666666666667 347.3333333333333 311.6666666666667 318.0 303.6666666666667 299.3333333333333 279.3333333333333 297.6666666666667 307.3333333333333 287.6666666666667 330.0 311.6666666666667 347.0 333.0 257.3333333333333 299.0 290.3333333333333 285.6666666666667 318.6666666666667 311.3333333333333 339.0 332.3333333333333 233.0 307.6666666666667 264.6666666666667 301.6666666666667 289.6666666666667 338.0 303.6666666666667 364.6666666666667 210.33333333333334 322.0 212.33333333333334 283.0 215.0 257.3333333333333 218.66666666666666 234.33333333333334 
246.33333333333334 411.0 285.6666666666667 390.6666666666667 310.3333333333333 350.0 313.0 320.6666666666667 305.0 302.6666666666667 280.0 299.3333333333333 308.6666666666667 290.0 331.3333333333333 314.0 348.0 335.3333333333333 258.0 300.6666666666667 291.3333333333333 287.3333333333333 319.6666666666667 313.3333333333333 340.0 334.3333333333333 234.0 309.6666666666667 265.6666666666667 304.0 290.6666666666667 340.0 304.6666666666667 366.6666666666667 211.33333333333334 324.0 213.33333333333334 285.3333333333333 216.33333333333334 260.0 220.66666666666666 237.66666666666666 
246.33333333333334 412.6666666666667 285.6666666666667 392.6666666666667 310.6666666666667 351.6666666666667 313.3333333333333 322.3333333333333 304.0 305.0 279.0 299.6666666666667 308.6666666666667 291.3333333333333 331.6666666666667 315.3333333333333 348.3333333333333 337.0 256.6666666666667 301.3333333333333 291.0 288.6666666666667 319.3333333333333 314.3333333333333 340.0 335.0 233.0 311.0 265.6666666666667 306.0 291.0 341.6666666666667 305.3333333333333 367.6666666666667 211.0 326.6666666666667 213.33333333333334 288.6666666666667 216.66666666666666 263.3333333333333 221.0 241.0 
247.0 411.6666666666667 285.0 393.3333333333333 311.6666666666667 354.3333333333333 312.3333333333333 325.6666666666667 296.3333333333333 312.3333333333333 280.0 300.0 309.0 289.0 331.0 312.0 345.6666666666667 334.0 257.6666666666667 301.3333333333333 288.0 287.6666666666667 315.0 307.6666666666667 334.6666666666667 324.6666666666667 233.66666666666666 311.6666666666667 263.3333333333333 303.6666666666667 289.6666666666667 330.3333333333333 306.0 350.3333333333333 211.0 327.3333333333333 211.33333333333334 290.3333333333333 213.66666666666666 266.0 217.66666666666666 245.0 
248.0 404.6666666666667 285.0 387.6666666666667 311.3333333333333 352.0 314.3333333333333 326.3333333333333 303.6666666666667 313.3333333333333 281.0 298.6666666666667 305.0 281.3333333333333 323.0 290.3333333333333 335.3333333333333 300.6666666666667 259.6666666666667 299.6666666666667 283.6666666666667 280.6666666666667 306.0 286.0 323.6666666666667 291.0 236.66666666666666 309.6666666666667 259.3333333333333 293.6666666666667 282.6666666666667 302.6666666666667 300.0 309.0 214.33333333333334 325.0 211.0 291.3333333333333 211.0 267.6666666666667 213.33333333333334 247.0 
265.6666666666667 374.0 301.6666666666667 351.0 326.6666666666667 320.3333333333333 335.6666666666667 298.3333333333333 335.3333333333333 286.6666666666667 299.6666666666667 273.0 318.3333333333333 249.66666666666666 331.6666666666667 244.0 340.6666666666667 241.0 286.0 274.0 311.3333333333333 253.0 334.3333333333333 249.0 352.3333333333333 247.66666666666666 272.3333333333333 284.0 297.3333333333333 263.3333333333333 321.6666666666667 259.3333333333333 340.6666666666667 257.6666666666667 260.0 298.3333333333333 265.6666666666667 271.3333333333333 271.6666666666667 253.66666666666666 278.0 239.33333333333334 
294.0 279.0 314.3333333333333 257.3333333333333 326.6666666666667 233.66666666666666 335.3333333333333 216.66666666666666 345.3333333333333 204.0 321.0 197.33333333333334 334.0 173.33333333333334 342.6666666666667 157.33333333333334 348.0 146.0 317.6666666666667 200.33333333333334 340.3333333333333 178.33333333333334 352.0 173.66666666666666 360.6666666666667 172.0 314.3333333333333 210.0 333.6666666666667 191.33333333333334 344.3333333333333 187.66666666666666 353.6666666666667 185.66666666666666 311.6666666666667 224.0 319.6666666666667 206.0 322.6666666666667 198.0 325.6666666666667 191.33333333333334 
321.0 190.0 324.3333333333333 170.0 325.6666666666667 151.66666666666666 329.6666666666667 138.0 337.3333333333333 127.33333333333333 339.6666666666667 122.66666666666667 352.0 102.33333333333333 358.3333333333333 89.0 360.3333333333333 80.66666666666667 346.0 128.33333333333334 368.3333333333333 109.33333333333333 371.6666666666667 112.66666666666667 372.3333333333333 119.0 351.6666666666667 138.66666666666666 370.0 126.66666666666667 370.3333333333333 132.0 371.0 137.66666666666666 357.6666666666667 153.0 369.6666666666667 141.66666666666666 370.3333333333333 143.0 371.0 144.66666666666666 
331.0 124.0 317.6666666666667 113.0 308.6666666666667 98.33333333333333 304.3333333333333 86.66666666666667 306.0 77.33333333333333 342.0 72.66666666666667 353.3333333333333 55.0 357.6666666666667 45.0 356.6666666666667 41.0 351.3333333333333 80.0 364.0 60.333333333333336 354.0 66.66666666666667 344.3333333333333 75.66666666666667 357.3333333333333 90.33333333333333 363.6666666666667 81.0 350.0 91.0 341.3333333333333 99.33333333333333 361.6666666666667 104.0 364.3333333333333 95.66666666666667 354.6666666666667 101.33333333333333 348.0 106.0 
328.6666666666667 123.66666666666667 315.0 112.66666666666667 305.6666666666667 97.66666666666667 301.0 86.0 301.3333333333333 76.66666666666667 339.6666666666667 71.66666666666667 351.6666666666667 54.666666666666664 355.0 44.666666666666664 353.0 40.0 349.0 79.0 360.6666666666667 59.666666666666664 350.0 65.66666666666667 340.6666666666667 74.66666666666667 355.0 89.33333333333333 360.0 80.0 346.3333333333333 90.0 338.0 98.66666666666667 359.0 103.0 360.6666666666667 95.0 350.6666666666667 100.66666666666667 344.6666666666667 105.66666666666667 
327.3333333333333 122.33333333333333 313.6666666666667 111.33333333333333 304.0 96.0 299.0 84.0 298.6666666666667 75.0 338.6666666666667 70.0 349.6666666666667 52.666666666666664 353.0 42.666666666666664 350.6666666666667 38.0 347.6666666666667 77.0 358.6666666666667 57.666666666666664 347.6666666666667 64.0 338.3333333333333 73.33333333333333 353.6666666666667 87.66666666666667 357.3333333333333 78.0 343.6666666666667 88.33333333333333 336.0 97.0 357.6666666666667 101.0 358.3333333333333 93.0 348.3333333333333 99.0 343.0 104.0 
325.6666666666667 121.0 312.0 110.0 302.0 94.33333333333333 297.0 82.33333333333333 296.3333333333333 73.0 337.0 68.33333333333333 347.3333333333333 50.666666666666664 350.6666666666667 40.333333333333336 348.6666666666667 35.666666666666664 346.3333333333333 75.33333333333333 357.0 55.333333333333336 345.6666666666667 62.0 336.3333333333333 71.66666666666667 352.3333333333333 85.66666666666667 355.3333333333333 76.0 341.6666666666667 86.66666666666667 334.0 95.33333333333333 356.3333333333333 99.0 356.3333333333333 90.66666666666667 346.3333333333333 97.0 341.3333333333333 102.33333333333333 
324.6666666666667 120.33333333333333 310.3333333333333 109.0 300.3333333333333 93.33333333333333 295.0 81.33333333333333 294.6666666666667 71.66666666666667 334.6666666666667 67.33333333333333 344.6666666666667 49.0 348.0 38.333333333333336 346.6666666666667 33.666666666666664 344.0 74.0 355.0 53.333333333333336 344.0 60.333333333333336 334.6666666666667 70.33333333333333 350.3333333333333 84.33333333333333 354.0 74.33333333333333 340.0 85.66666666666667 332.3333333333333 94.33333333333333 355.0 97.33333333333333 355.0 88.66666666666667 345.0 95.66666666666667 340.0 101.0 
323.6666666666667 119.66666666666667 309.3333333333333 108.33333333333333 299.3333333333333 92.66666666666667 293.6666666666667 80.66666666666667 294.0 70.66666666666667 333.0 67.0 343.3333333333333 48.333333333333336 346.3333333333333 37.333333333333336 345.3333333333333 32.333333333333336 342.3333333333333 73.66666666666667 353.3333333333333 52.666666666666664 342.6666666666667 59.0 333.6666666666667 69.0 349.0 83.33333333333333 353.0 73.0 339.0 84.33333333333333 331.0 93.66666666666667 354.0 96.33333333333333 354.3333333333333 87.33333333333333 344.0 94.66666666666667 338.6666666666667 100.0 
323.3333333333333 119.0 309.0 107.33333333333333 298.6666666666667 92.0 293.0 80.0 293.6666666666667 70.0 332.0 66.66666666666667 342.6666666666667 47.666666666666664 345.3333333333333 37.0 344.3333333333333 32.0 341.0 73.0 352.3333333333333 52.0 342.0 58.0 333.0 68.0 348.0 82.66666666666667 352.3333333333333 72.0 338.3333333333333 83.33333333333333 330.3333333333333 92.66666666666667 353.3333333333333 95.33333333333333 353.6666666666667 86.66666666666667 343.3333333333333 93.66666666666667 337.6666666666667 99.0 
323.0 118.0 309.0 106.66666666666667 298.3333333333333 91.0 292.6666666666667 79.0 293.6666666666667 69.0 331.6666666666667 65.66666666666667 342.0 46.666666666666664 344.6666666666667 36.0 343.6666666666667 31.333333333333332 340.6666666666667 72.33333333333333 351.6666666666667 51.333333333333336 341.6666666666667 57.0 332.6666666666667 66.66666666666667 347.6666666666667 81.66666666666667 351.6666666666667 70.66666666666667 338.0 82.0 330.0 91.33333333333333 352.6666666666667 94.0 353.3333333333333 85.66666666666667 343.0 92.33333333333333 337.0 97.66666666666667 
322.6666666666667 117.0 308.6666666666667 105.66666666666667 297.6666666666667 90.0 292.0 78.0 293.3333333333333 68.0 331.3333333333333 64.66666666666667 341.3333333333333 46.0 344.0 35.0 342.6666666666667 30.0 340.0 71.0 351.0 50.0 341.0 56.0 332.0 65.66666666666667 347.0 80.66666666666667 351.0 69.33333333333333 337.6666666666667 81.0 329.6666666666667 90.33333333333333 352.0 93.0 352.6666666666667 84.33333333333333 342.6666666666667 91.0 336.6666666666667 96.66666666666667 
322.0 116.33333333333333 308.0 105.33333333333333 297.0 89.33333333333333 291.0 77.33333333333333 292.6666666666667 67.33333333333333 330.3333333333333 64.0 340.0 45.333333333333336 343.0 34.0 341.6666666666667 28.666666666666668 339.0 70.66666666666667 350.3333333333333 49.333333333333336 340.3333333333333 55.333333333333336 331.3333333333333 64.66666666666667 346.0 80.33333333333333 350.0 68.66666666666667 337.0 80.33333333333333 329.0 90.0 351.0 92.66666666666667 352.0 83.33333333333333 342.0 90.33333333333333 336.0 96.0 
321.0 116.33333333333333 307.0 105.33333333333333 296.0 89.33333333333333 290.3333333333333 77.33333333333333 292.3333333333333 67.33333333333333 329.3333333333333 64.66666666666667 339.3333333333333 46.0 342.0 34.333333333333336 341.0 28.333333333333332 338.0 71.33333333333333 349.6666666666667 49.666666666666664 339.6666666666667 55.333333333333336 330.6666666666667 64.66666666666667 345.0 81.0 349.0 69.0 336.0 80.33333333333333 328.0 90.0 350.0 93.33333333333333 351.0 83.33333333333333 341.0 90.33333333333333 335.0 96.0 
320.0 116.66666666666667 306.0 105.66666666666667 295.3333333333333 89.66666666666667 289.6666666666667 77.66666666666667 291.6666666666667 68.0 328.3333333333333 65.33333333333333 338.6666666666667 46.666666666666664 341.0 35.333333333333336 340.6666666666667 29.0 337.3333333333333 72.33333333333333 349.3333333333333 50.333333333333336 339.3333333333333 55.666666666666664 330.3333333333333 65.0 344.0 81.66666666666667 348.3333333333333 69.66666666666667 335.0 80.66666666666667 327.3333333333333 90.0 349.0 94.0 350.3333333333333 84.0 340.3333333333333 90.66666666666667 334.3333333333333 96.33333333333333 
319.3333333333333 117.33333333333333 305.3333333333333 106.33333333333333 295.0 90.33333333333333 289.3333333333333 78.33333333333333 291.3333333333333 68.66666666666667 327.6666666666667 66.66666666666667 338.3333333333333 48.0 340.6666666666667 36.666666666666664 340.6666666666667 30.333333333333332 336.6666666666667 73.33333333333333 348.6666666666667 51.666666666666664 338.6666666666667 56.666666666666664 329.6666666666667 66.0 343.3333333333333 82.66666666666667 347.6666666666667 70.66666666666667 334.0 81.66666666666667 326.6666666666667 90.66666666666667 348.3333333333333 95.0 349.6666666666667 85.0 339.6666666666667 91.33333333333333 333.6666666666667 96.66666666666667 
319.0 117.33333333333333 305.0 106.33333333333333 295.0 90.66666666666667 289.0 78.66666666666667 291.0 69.33333333333333 327.6666666666667 67.33333333333333 338.6666666666667 48.666666666666664 341.3333333333333 38.0 340.6666666666667 32.0 336.6666666666667 73.66666666666667 348.6666666666667 52.333333333333336 338.3333333333333 57.333333333333336 329.3333333333333 66.66666666666667 343.0 83.0 347.6666666666667 71.0 333.6666666666667 82.0 326.3333333333333 91.0 348.0 95.66666666666667 349.3333333333333 85.66666666666667 339.3333333333333 91.66666666666667 333.3333333333333 97.0 
319.0 117.0 305.0 106.0 295.0 90.66666666666667 289.3333333333333 78.66666666666667 291.3333333333333 69.0 327.6666666666667 67.33333333333333 339.3333333333333 48.666666666666664 342.3333333333333 38.333333333333336 341.3333333333333 33.333333333333336 336.6666666666667 73.33333333333333 348.3333333333333 52.666666666666664 338.0 57.666666666666664 329.0 66.66666666666667 343.0 83.0 347.6666666666667 71.0 334.0 82.0 326.3333333333333 91.0 348.0 95.33333333333333 349.3333333333333 85.66666666666667 339.3333333333333 92.0 333.3333333333333 96.66666666666667 
319.0 116.0 305.0 105.0 295.0 90.0 289.6666666666667 77.66666666666667 291.6666666666667 68.33333333333333 328.0 66.33333333333333 339.3333333333333 47.666666666666664 342.6666666666667 37.333333333333336 341.3333333333333 32.666666666666664 337.0 72.33333333333333 348.3333333333333 52.0 338.3333333333333 57.0 329.3333333333333 66.0 343.0 81.66666666666667 348.0 70.0 334.6666666666667 81.0 326.6666666666667 89.66666666666667 348.0 94.33333333333333 349.6666666666667 85.0 339.6666666666667 91.33333333333333 333.6666666666667 96.0 
318.6666666666667 115.33333333333333 305.0 104.33333333333333 295.0 89.0 289.6666666666667 76.66666666666667 292.0 67.33333333333333 328.0 65.33333333333333 338.6666666666667 47.0 342.0 36.0 341.0 30.666666666666668 337.0 71.33333333333333 348.0 51.0 338.3333333333333 56.0 329.6666666666667 65.0 343.0 80.66666666666667 348.0 69.0 335.0 79.66666666666667 327.0 88.33333333333333 348.0 93.0 349.6666666666667 84.0 340.0 90.33333333333333 334.0 95.0 
318.3333333333333 114.66666666666667 304.6666666666667 103.66666666666667 294.6666666666667 88.33333333333333 289.0 76.0 292.0 67.0 327.3333333333333 64.33333333333333 337.6666666666667 46.0 341.0 34.666666666666664 340.3333333333333 28.666666666666668 336.3333333333333 70.66666666666667 347.6666666666667 50.0 338.3333333333333 55.0 329.6666666666667 64.33333333333333 342.6666666666667 80.0 347.6666666666667 68.33333333333333 334.6666666666667 79.0 326.6666666666667 87.66666666666667 347.6666666666667 92.33333333333333 349.3333333333333 83.33333333333333 340.0 89.33333333333333 333.6666666666667 94.33333333333333 
317.6666666666667 114.33333333333333 304.3333333333333 103.33333333333333 294.0 88.0 288.3333333333333 76.0 291.6666666666667 67.0 326.6666666666667 64.0 337.0 46.0 340.0 34.333333333333336 339.3333333333333 27.666666666666668 335.6666666666667 70.33333333333333 347.3333333333333 49.333333333333336 337.6666666666667 54.333333333333336 329.0 63.666666666666664 342.3333333333333 79.66666666666667 347.3333333333333 67.66666666666667 334.3333333333333 78.33333333333333 326.3333333333333 87.33333333333333 347.3333333333333 92.0 349.0 82.66666666666667 339.6666666666667 88.66666666666667 333.3333333333333 94.0 
317.3333333333333 114.0 303.6666666666667 103.0 293.3333333333333 87.66666666666667 287.6666666666667 75.66666666666667 291.0 66.66666666666667 326.0 63.333333333333336 336.0 45.333333333333336 339.0 33.666666666666664 338.6666666666667 27.0 335.0 69.66666666666667 347.0 48.333333333333336 337.3333333333333 53.666666666666664 328.3333333333333 63.0 341.6666666666667 79.0 346.6666666666667 67.33333333333333 333.6666666666667 78.33333333333333 325.6666666666667 87.33333333333333 347.0 91.66666666666667 348.6666666666667 82.33333333333333 339.3333333333333 88.33333333333333 333.0 93.66666666666667 
317.0 113.66666666666667 303.3333333333333 102.66666666666667 293.0 87.0 287.3333333333333 75.33333333333333 290.3333333333333 66.0 326.0 63.0 335.6666666666667 45.0 338.6666666666667 33.0 338.0 26.333333333333332 335.0 69.0 347.0 47.666666666666664 337.0 53.0 328.0 62.333333333333336 341.6666666666667 78.33333333333333 346.6666666666667 66.66666666666667 333.3333333333333 77.33333333333333 325.3333333333333 86.33333333333333 347.0 91.0 348.3333333333333 81.66666666666667 338.6666666666667 87.66666666666667 332.6666666666667 93.0 
317.3333333333333 113.33333333333333 303.0 102.33333333333333 292.6666666666667 86.66666666666667 287.0 74.66666666666667 290.3333333333333 65.0 325.6666666666667 62.0 335.3333333333333 43.666666666666664 338.3333333333333 32.0 338.0 26.0 334.6666666666667 68.0 347.0 46.666666666666664 337.0 52.333333333333336 328.0 62.0 341.3333333333333 77.66666666666667 346.3333333333333 66.0 333.0 76.66666666666667 325.0 86.0 346.6666666666667 90.0 348.0 81.0 338.3333333333333 87.33333333333333 332.3333333333333 92.66666666666667 
317.3333333333333 113.0 303.0 102.0 292.6666666666667 86.66666666666667 287.0 74.33333333333333 290.3333333333333 64.66666666666667 325.3333333333333 61.333333333333336 335.3333333333333 42.666666666666664 338.6666666666667 31.333333333333332 338.0 26.333333333333332 334.6666666666667 67.33333333333333 347.0 46.333333333333336 337.0 51.666666666666664 328.0 61.666666666666664 341.3333333333333 77.33333333333333 346.3333333333333 65.33333333333333 333.0 76.0 325.0 85.33333333333333 346.3333333333333 89.66666666666667 348.0 80.33333333333333 338.0 87.0 332.0 92.66666666666667 
317.3333333333333 113.0 303.0 102.0 292.3333333333333 87.0 286.6666666666667 74.0 290.6666666666667 65.0 325.0 61.0 335.0 42.0 338.3333333333333 31.0 337.6666666666667 26.333333333333332 334.3333333333333 67.33333333333333 347.0 46.0 337.0 51.333333333333336 328.0 61.666666666666664 341.0 77.0 346.0 65.0 333.0 76.33333333333333 325.0 85.66666666666667 346.0 89.66666666666667 348.0 80.0 338.0 87.0 332.0 93.0 
317.0 113.0 302.6666666666667 102.0 292.3333333333333 86.66666666666667 286.6666666666667 74.0 290.6666666666667 65.33333333333333 325.0 61.0 335.0 42.333333333333336 338.3333333333333 31.0 337.6666666666667 26.333333333333332 334.3333333333333 67.66666666666667 347.0 46.0 337.0 51.0 328.0 61.666666666666664 341.0 77.0 346.0 65.0 333.0 76.66666666666667 325.0 85.66666666666667 346.0 90.0 348.3333333333333 80.0 338.0 87.0 332.0 93.0 
316.6666666666667 113.0 302.3333333333333 101.66666666666667 292.0 86.33333333333333 286.3333333333333 74.0 290.6666666666667 65.33333333333333 325.0 60.666666666666664 335.0 42.333333333333336 338.0 31.0 337.3333333333333 26.0 334.0 67.66666666666667 347.0 45.666666666666664 337.0 51.0 328.0 61.666666666666664 341.0 77.0 346.0 65.0 333.0 76.66666666666667 324.6666666666667 85.66666666666667 346.0 90.0 348.6666666666667 80.0 338.0 86.66666666666667 332.0 92.66666666666667 
316.3333333333333 113.0 302.0 101.66666666666667 291.6666666666667 86.33333333333333 286.0 74.0 290.0 65.0 324.3333333333333 60.333333333333336 334.6666666666667 42.333333333333336 337.6666666666667 30.666666666666668 337.3333333333333 26.333333333333332 333.6666666666667 67.33333333333333 346.3333333333333 45.666666666666664 336.3333333333333 51.0 327.3333333333333 61.333333333333336 340.6666666666667 77.0 345.6666666666667 65.0 332.6666666666667 76.33333333333333 324.3333333333333 85.33333333333333 345.6666666666667 90.0 348.6666666666667 80.0 338.0 86.66666666666667 332.0 92.33333333333333 
315.6666666666667 113.0 301.6666666666667 101.66666666666667 291.3333333333333 86.66666666666667 285.3333333333333 74.33333333333333 289.0 65.0 323.6666666666667 60.333333333333336 334.0 42.0 337.0 30.666666666666668 336.3333333333333 26.666666666666668 333.0 67.0 345.6666666666667 45.666666666666664 335.6666666666667 51.0 326.6666666666667 61.333333333333336 340.0 77.0 345.0 65.33333333333333 332.0 76.33333333333333 323.6666666666667 85.33333333333333 345.3333333333333 90.0 348.0 80.0 337.6666666666667 86.66666666666667 331.6666666666667 92.0 
315.3333333333333 113.0 301.3333333333333 102.0 291.0 87.0 285.0 74.33333333333333 288.3333333333333 65.0 323.3333333333333 60.333333333333336 333.6666666666667 42.0 336.3333333333333 30.666666666666668 336.0 26.666666666666668 332.6666666666667 67.0 345.0 46.0 335.0 51.0 326.0 61.666666666666664 339.6666666666667 77.0 344.3333333333333 65.33333333333333 331.3333333333333 76.33333333333333 323.3333333333333 85.66666666666667 345.0 90.0 347.3333333333333 80.0 337.0 87.0 331.0 92.0 
315.3333333333333 113.0 301.0 102.0 291.0 86.66666666666667 284.6666666666667 74.33333333333333 288.3333333333333 65.33333333333333 323.6666666666667 60.333333333333336 333.6666666666667 42.0 336.3333333333333 31.0 335.6666666666667 26.666666666666668 332.6666666666667 67.0 345.0 46.0 335.0 51.0 326.0 62.0 339.3333333333333 77.0 344.0 65.33333333333333 331.0 76.33333333333333 323.0 85.66666666666667 344.6666666666667 90.0 347.0 80.0 336.3333333333333 87.0 330.3333333333333 92.0 
315.3333333333333 113.0 301.0 101.66666666666667 291.0 86.33333333333333 284.3333333333333 74.0 288.3333333333333 65.33333333333333 323.6666666666667 60.0 333.6666666666667 42.0 336.6666666666667 30.666666666666668 336.0 26.333333333333332 333.0 67.0 345.0 45.666666666666664 335.0 51.0 326.0 61.666666666666664 339.3333333333333 77.0 344.0 65.0 331.0 76.0 323.0 85.33333333333333 344.6666666666667 89.66666666666667 346.6666666666667 80.0 336.0 86.66666666666667 330.0 92.0 
315.3333333333333 113.0 301.0 101.33333333333333 290.6666666666667 86.0 284.0 74.0 288.3333333333333 65.33333333333333 323.0 60.0 333.3333333333333 42.0 336.6666666666667 30.666666666666668 335.6666666666667 26.333333333333332 332.6666666666667 67.0 345.0 45.333333333333336 335.0 51.0 325.6666666666667 61.333333333333336 339.0 77.0 343.6666666666667 65.0 330.6666666666667 76.0 322.6666666666667 85.33333333333333 344.3333333333333 89.33333333333333 346.3333333333333 80.0 336.0 86.33333333333333 330.0 92.0 
314.6666666666667 113.0 300.6666666666667 101.33333333333333 290.0 86.33333333333333 283.6666666666667 74.0 287.6666666666667 65.0 322.0 60.0 332.6666666666667 42.0 336.0 30.666666666666668 335.0 26.333333333333332 332.0 67.0 344.3333333333333 45.0 334.6666666666667 51.0 325.0 61.333333333333336 338.6666666666667 77.0 343.0 65.0 330.3333333333333 76.33333333333333 322.3333333333333 85.66666666666667 344.0 89.0 345.6666666666667 80.0 336.0 86.33333333333333 329.6666666666667 92.0 
314.3333333333333 113.0 300.0 101.66666666666667 289.3333333333333 86.66666666666667 283.0 74.33333333333333 287.0 65.0 321.3333333333333 60.333333333333336 331.6666666666667 42.333333333333336 334.6666666666667 31.0 333.6666666666667 26.333333333333332 331.0 67.0 343.6666666666667 45.333333333333336 334.0 51.0 324.3333333333333 61.333333333333336 338.0 77.0 342.3333333333333 65.0 329.6666666666667 76.33333333333333 321.6666666666667 86.0 343.3333333333333 89.0 345.0 79.66666666666667 335.6666666666667 86.33333333333333 329.0 92.0 
314.0 112.66666666666667 299.3333333333333 101.66666666666667 288.6666666666667 86.66666666666667 282.3333333333333 74.33333333333333 286.0 65.0 320.6666666666667 60.333333333333336 330.3333333333333 42.333333333333336 333.3333333333333 31.0 332.3333333333333 26.333333333333332 330.0 66.66666666666667 342.6666666666667 45.333333333333336 333.3333333333333 51.0 323.6666666666667 61.333333333333336 337.3333333333333 76.66666666666667 341.6666666666667 65.0 329.0 76.33333333333333 321.0 85.66666666666667 342.6666666666667 88.66666666666667 344.0 79.33333333333333 335.0 86.33333333333333 328.3333333333333 92.0 
313.6666666666667 112.33333333333333 298.6666666666667 101.33333333333333 288.3333333333333 86.66666666666667 281.6666666666667 74.33333333333333 285.0 65.0 320.0 60.333333333333336 329.0 42.333333333333336 332.0 31.0 331.0 26.0 329.3333333333333 66.33333333333333 342.3333333333333 45.333333333333336 332.6666666666667 51.0 323.3333333333333 61.0 336.6666666666667 76.33333333333333 341.3333333333333 65.0 328.3333333333333 76.0 320.3333333333333 85.33333333333333 342.0 88.66666666666667 343.3333333333333 79.0 334.3333333333333 86.0 327.6666666666667 92.0 
313.3333333333333 112.0 298.3333333333333 101.0 288.0 86.66666666666667 281.3333333333333 74.0 284.3333333333333 65.0 319.3333333333333 60.0 328.3333333333333 42.0 331.3333333333333 30.666666666666668 330.3333333333333 26.0 329.0 66.0 341.6666666666667 45.0 332.3333333333333 51.0 323.0 61.0 336.3333333333333 76.0 340.6666666666667 65.0 327.6666666666667 76.0 319.6666666666667 85.33333333333333 341.3333333333333 88.66666666666667 343.0 79.0 333.6666666666667 86.0 327.0 92.0 
313.0 112.0 298.0 101.0 288.0 86.66666666666667 281.0 74.0 284.0 65.0 319.0 60.0 328.0 42.0 331.0 30.666666666666668 330.0 26.0 329.0 66.0 341.3333333333333 45.0 332.0 51.0 322.6666666666667 61.333333333333336 336.0 76.0 340.3333333333333 65.0 327.6666666666667 76.0 319.3333333333333 85.33333333333333 341.0 89.0 343.0 79.0 333.3333333333333 86.0 326.3333333333333 91.66666666666667 
313.0 112.0 298.0 101.0 287.6666666666667 86.33333333333333 281.0 74.0 284.0 65.0 319.0 60.0 328.0 42.0 330.6666666666667 30.666666666666668 330.0 26.0 329.0 66.0 341.0 45.0 332.0 51.0 322.3333333333333 61.333333333333336 336.0 76.0 340.0 65.0 327.3333333333333 76.0 319.0 85.33333333333333 341.0 89.0 343.0 79.0 333.0 86.0 326.0 91.33333333333333 
313.0 112.0 298.0 101.0 287.6666666666667 86.0 281.0 74.0 284.0 64.66666666666667 319.0 60.0 328.0 42.0 330.6666666666667 30.666666666666668 330.0 26.0 329.0 66.0 341.0 45.0 332.0 51.0 322.0 61.333333333333336 336.0 76.0 340.3333333333333 65.0 327.3333333333333 76.0 319.0 85.0 341.0 89.0 343.0 79.0 333.0 86.0 326.0 91.0 
313.0 111.66666666666667 298.0 101.0 287.3333333333333 86.0 281.0 74.0 284.3333333333333 64.33333333333333 319.0 60.0 328.0 41.666666666666664 330.3333333333333 30.333333333333332 330.0 25.333333333333332 329.0 66.0 341.0 44.666666666666664 332.0 50.666666666666664 322.3333333333333 60.666666666666664 336.0 76.0 340.6666666666667 64.66666666666667 327.3333333333333 75.66666666666667 319.0 85.0 341.0 88.66666666666667 343.0 79.0 333.0 85.66666666666667 326.3333333333333 91.0 
313.0 111.66666666666667 298.0 101.0 287.6666666666667 86.0 281.0 73.66666666666667 284.3333333333333 64.0 319.0 60.0 327.6666666666667 41.333333333333336 330.3333333333333 30.0 330.0 25.0 329.0 66.0 341.0 44.666666666666664 332.0 50.333333333333336 322.3333333333333 60.333333333333336 336.0 76.0 340.6666666666667 64.33333333333333 327.3333333333333 75.66666666666667 319.0 85.0 341.0 88.33333333333333 343.0 79.0 333.0 85.33333333333333 326.3333333333333 91.0 
312.6666666666667 111.66666666666667 298.0 101.0 287.6666666666667 86.0 281.0 73.66666666666667 284.3333333333333 64.0 319.0 60.0 327.6666666666667 41.0 330.3333333333333 30.0 329.6666666666667 25.0 328.6666666666667 66.0 341.0 44.666666666666664 331.6666666666667 50.0 322.3333333333333 60.333333333333336 335.6666666666667 76.0 340.3333333333333 64.33333333333333 327.3333333333333 75.66666666666667 319.0 85.0 341.0 88.0 342.6666666666667 79.0 333.0 85.0 326.3333333333333 91.0 
312.3333333333333 112.0 298.0 101.0 287.6666666666667 86.0 281.0 73.33333333333333 284.0 64.0 318.6666666666667 60.0 327.3333333333333 41.0 330.3333333333333 30.0 329.6666666666667 25.666666666666668 328.3333333333333 66.0 340.6666666666667 45.0 331.3333333333333 50.333333333333336 321.6666666666667 60.666666666666664 335.3333333333333 76.0 340.0 64.33333333333333 327.0 75.66666666666667 319.0 85.0 341.0 88.0 342.3333333333333 79.0 333.0 85.0 326.0 91.0 
312.0 111.66666666666667 297.6666666666667 100.66666666666667 287.0 85.66666666666667 280.6666666666667 73.33333333333333 283.6666666666667 64.0 318.0 59.666666666666664 327.0 41.0 330.0 30.0 329.3333333333333 26.0 327.6666666666667 65.66666666666667 340.3333333333333 44.666666666666664 331.0 50.333333333333336 321.3333333333333 60.666666666666664 335.0 75.66666666666667 339.6666666666667 64.33333333333333 327.0 75.33333333333333 318.6666666666667 84.66666666666667 340.6666666666667 87.66666666666667 342.0 78.66666666666667 332.6666666666667 85.0 326.0 91.0 
311.6666666666667 111.33333333333333 297.3333333333333 100.33333333333333 286.3333333333333 85.33333333333333 280.3333333333333 73.33333333333333 283.0 63.666666666666664 317.6666666666667 59.333333333333336 326.6666666666667 41.0 329.6666666666667 30.0 329.3333333333333 25.666666666666668 327.3333333333333 65.66666666666667 339.6666666666667 44.333333333333336 330.6666666666667 50.333333333333336 320.6666666666667 60.333333333333336 334.6666666666667 75.33333333333333 339.3333333333333 64.0 326.6666666666667 75.0 318.3333333333333 84.33333333333333 340.0 87.66666666666667 342.0 78.33333333333333 332.3333333333333 84.66666666666667 325.6666666666667 90.66666666666667 
311.3333333333333 111.0 297.0 100.0 286.0 85.0 280.0 73.33333333333333 282.3333333333333 63.333333333333336 317.6666666666667 59.0 326.6666666666667 41.0 329.6666666666667 30.0 329.0 25.333333333333332 327.0 65.66666666666667 339.3333333333333 44.0 330.3333333333333 50.0 320.3333333333333 60.0 334.3333333333333 75.0 339.0 64.0 326.3333333333333 75.0 318.0 84.0 339.6666666666667 87.33333333333333 341.6666666666667 78.0 331.6666666666667 84.33333333333333 325.3333333333333 90.33333333333333 
311.0 111.0 297.0 100.0 286.0 85.0 280.0 73.33333333333333 282.3333333333333 63.0 318.0 59.0 327.0 41.0 330.0 29.666666666666668 329.0 24.666666666666668 327.0 65.66666666666667 339.0 44.0 330.0 49.666666666666664 320.3333333333333 60.0 334.0 75.0 339.0 63.666666666666664 326.0 74.66666666666667 318.0 83.66666666666667 339.6666666666667 87.33333333333333 341.3333333333333 78.0 331.3333333333333 84.0 325.0 90.0 
311.0 111.0 297.0 100.0 286.0 85.0 280.0 73.0 282.6666666666667 63.0 318.0 59.0 327.0 41.0 330.0 29.333333333333332 329.0 24.666666666666668 327.0 65.33333333333333 339.3333333333333 44.0 330.0 49.333333333333336 320.6666666666667 59.666666666666664 334.0 75.0 339.0 63.333333333333336 326.0 74.33333333333333 318.0 83.33333333333333 340.0 87.0 341.0 77.66666666666667 331.0 84.0 325.0 89.66666666666667 
311.0 111.0 297.0 100.0 286.0 85.0 280.0 73.0 283.0 63.0 318.0 59.0 327.0 41.0 330.0 29.333333333333332 329.0 24.666666666666668 327.0 65.33333333333333 339.3333333333333 44.0 330.0 49.0 321.0 59.333333333333336 334.0 75.0 339.0 63.0 326.0 74.0 318.0 83.33333333333333 340.0 87.0 341.0 77.33333333333333 331.0 84.0 325.0 89.66666666666667 
311.3333333333333 111.0 297.0 100.0 286.0 85.0 280.0 73.0 282.6666666666667 63.0 318.0 59.333333333333336 327.0 41.0 330.0 29.666666666666668 329.0 25.0 327.0 65.66666666666667 339.6666666666667 44.0 330.0 49.0 321.0 59.0 334.0 75.0 339.0 63.0 326.0 74.0 318.0 83.33333333333333 340.0 87.0 341.0 77.0 331.0 84.0 325.0 89.33333333333333 
311.3333333333333 110.66666666666667 296.6666666666667 100.0 285.6666666666667 85.0 279.6666666666667 73.0 282.3333333333333 63.0 317.6666666666667 59.333333333333336 327.0 40.666666666666664 330.0 29.666666666666668 329.0 25.0 326.6666666666667 65.66666666666667 339.3333333333333 44.0 330.0 48.666666666666664 320.6666666666667 58.666666666666664 334.0 74.66666666666667 338.6666666666667 63.0 326.0 74.0 318.0 83.33333333333333 339.6666666666667 86.66666666666667 341.0 77.0 331.0 83.66666666666667 325.0 89.33333333333333 
311.0 110.33333333333333 296.0 99.66666666666667 285.0 84.66666666666667 279.0 72.66666666666667 281.6666666666667 62.666666666666664 317.0 59.0 326.6666666666667 40.333333333333336 329.3333333333333 29.333333333333332 328.3333333333333 25.0 326.3333333333333 65.0 339.0 43.666666666666664 329.6666666666667 48.333333333333336 320.0 58.333333333333336 333.6666666666667 74.33333333333333 338.0 62.666666666666664 325.6666666666667 73.66666666666667 317.6666666666667 82.66666666666667 339.0 86.33333333333333 340.6666666666667 77.0 330.6666666666667 83.33333333333333 324.6666666666667 88.66666666666667 
310.3333333333333 110.0 295.3333333333333 99.66666666666667 284.3333333333333 84.33333333333333 278.3333333333333 72.33333333333333 281.0 62.333333333333336 316.3333333333333 58.333333333333336 326.0 40.0 328.3333333333333 29.0 327.3333333333333 24.666666666666668 325.6666666666667 64.33333333333333 338.0 43.333333333333336 328.6666666666667 48.333333333333336 319.0 58.333333333333336 333.0 74.0 337.0 62.333333333333336 324.6666666666667 73.33333333333333 317.0 82.33333333333333 338.0 86.0 339.6666666666667 76.66666666666667 330.0 83.0 324.0 88.66666666666667 
309.6666666666667 110.0 294.6666666666667 99.33333333333333 283.6666666666667 84.0 278.0 72.0 280.3333333333333 62.333333333333336 315.6666666666667 58.0 325.0 40.0 327.3333333333333 29.0 326.0 24.333333333333332 325.3333333333333 64.33333333333333 337.3333333333333 43.333333333333336 327.6666666666667 48.666666666666664 318.3333333333333 58.666666666666664 332.3333333333333 74.0 336.3333333333333 62.333333333333336 323.6666666666667 73.0 316.0 82.33333333333333 337.3333333333333 86.0 338.6666666666667 76.66666666666667 329.0 83.0 323.3333333333333 88.66666666666667 
309.3333333333333 110.0 294.3333333333333 99.66666666666667 283.3333333333333 84.33333333333333 277.6666666666667 72.0 279.6666666666667 62.333333333333336 315.3333333333333 58.0 324.0 40.0 326.6666666666667 29.0 325.3333333333333 24.0 324.6666666666667 64.33333333333333 336.6666666666667 43.333333333333336 327.0 49.0 317.6666666666667 59.0 331.6666666666667 73.66666666666667 335.6666666666667 62.333333333333336 323.0 73.0 315.3333333333333 82.33333333333333 336.6666666666667 85.66666666666667 337.6666666666667 76.33333333333333 328.3333333333333 83.0 322.6666666666667 89.0 
309.0 110.0 293.6666666666667 99.66666666666667 283.0 84.33333333333333 277.3333333333333 72.33333333333333 279.0 62.333333333333336 314.6666666666667 58.333333333333336 323.3333333333333 40.0 326.0 29.0 324.6666666666667 24.0 324.3333333333333 64.66666666666667 336.3333333333333 43.666666666666664 326.6666666666667 49.0 317.3333333333333 59.0 331.3333333333333 73.66666666666667 335.3333333333333 62.333333333333336 322.6666666666667 73.0 314.6666666666667 82.66666666666667 336.3333333333333 85.66666666666667 337.3333333333333 76.33333333333333 328.0 83.0 322.3333333333333 89.0 
308.6666666666667 110.0 293.3333333333333 100.0 282.6666666666667 84.33333333333333 277.0 72.33333333333333 278.6666666666667 62.0 314.6666666666667 58.333333333333336 323.0 40.0 325.3333333333333 28.666666666666668 324.3333333333333 23.333333333333332 324.0 64.33333333333333 336.0 43.333333333333336 326.3333333333333 48.666666666666664 317.0 58.666666666666664 331.0 73.33333333333333 335.0 62.0 322.3333333333333 73.0 314.3333333333333 82.33333333333333 336.0 85.33333333333333 337.0 76.0 327.6666666666667 83.0 322.0 89.0 
308.6666666666667 110.33333333333333 293.0 100.0 282.3333333333333 84.0 277.0 72.33333333333333 278.6666666666667 62.0 314.6666666666667 58.666666666666664 323.0 40.0 325.0 28.333333333333332 324.0 22.666666666666668 324.0 64.33333333333333 336.0 43.333333333333336 326.0 48.333333333333336 317.0 58.333333333333336 331.0 73.33333333333333 335.0 62.0 322.0 73.0 314.3333333333333 82.33333333333333 336.0 85.33333333333333 337.0 76.0 327.6666666666667 83.0 322.0 89.0 
308.6666666666667 110.33333333333333 293.0 99.66666666666667 282.0 84.0 277.0 72.0 279.0 62.0 315.0 58.333333333333336 323.0 39.666666666666664 325.0 28.0 324.0 22.0 324.0 64.0 336.0 43.0 326.3333333333333 48.0 317.0 58.0 331.0 73.0 335.0 62.0 322.0 73.0 314.3333333333333 82.0 336.0 85.0 337.0 76.0 327.3333333333333 83.0 322.0 89.0 
308.6666666666667 110.33333333333333 293.0 99.66666666666667 282.0 84.0 276.6666666666667 72.0 279.0 62.0 315.0 58.333333333333336 323.3333333333333 39.333333333333336 325.0 28.0 324.0 22.333333333333332 324.0 64.0 336.0 43.0 326.6666666666667 48.0 317.0 58.0 331.0 73.0 335.0 62.0 322.0 73.0 314.3333333333333 82.0 336.0 85.0 337.0 76.0 327.6666666666667 82.66666666666667 322.0 89.0 
308.3333333333333 110.0 293.0 99.66666666666667 282.0 84.0 276.3333333333333 72.0 279.0 62.0 314.6666666666667 58.0 323.3333333333333 39.333333333333336 325.0 28.0 323.6666666666667 22.333333333333332 324.0 64.0 336.0 43.0 326.6666666666667 48.0 317.0 58.0 331.0 73.0 334.6666666666667 62.0 322.0 73.0 314.0 82.33333333333333 336.0 85.0 337.0 76.0 327.3333333333333 82.33333333333333 322.0 89.0 
308.0 110.0 293.0 100.0 282.0 84.33333333333333 276.0 72.0 279.0 62.333333333333336 314.3333333333333 58.0 323.0 39.333333333333336 324.6666666666667 28.0 323.3333333333333 22.666666666666668 323.6666666666667 64.0 336.0 43.0 326.3333333333333 48.0 317.0 58.0 330.6666666666667 73.0 334.6666666666667 62.0 322.0 73.0 314.0 82.66666666666667 336.0 85.0 337.0 76.0 327.3333333333333 82.33333333333333 321.6666666666667 89.0 
308.0 110.0 293.0 100.0 282.0 84.33333333333333 276.0 72.33333333333333 278.6666666666667 62.333333333333336 314.0 58.0 322.6666666666667 39.333333333333336 324.3333333333333 28.0 323.0 22.666666666666668 323.3333333333333 64.0 335.6666666666667 43.0 326.0 48.0 316.6666666666667 58.0 330.3333333333333 73.0 334.3333333333333 62.0 321.6666666666667 73.0 314.0 82.66666666666667 336.0 85.0 336.6666666666667 76.0 327.0 82.33333333333333 321.3333333333333 88.66666666666667 
308.0 110.0 293.0 100.0 281.6666666666667 84.66666666666667 276.0 72.66666666666667 278.3333333333333 62.333333333333336 313.6666666666667 58.333333333333336 322.3333333333333 39.333333333333336 324.0 28.0 322.6666666666667 22.666666666666668 323.0 64.0 335.3333333333333 43.0 326.0 48.0 316.6666666666667 58.0 330.0 73.0 334.3333333333333 62.0 321.3333333333333 73.0 314.0 82.33333333333333 335.6666666666667 85.0 336.3333333333333 76.0 327.0 82.66666666666667 321.0 88.66666666666667 
308.0 110.0 292.6666666666667 100.0 281.3333333333333 84.66666666666667 275.6666666666667 73.0 277.6666666666667 62.0 313.3333333333333 58.333333333333336 322.3333333333333 39.333333333333336 324.0 28.333333333333332 322.3333333333333 22.666666666666668 322.6666666666667 64.0 334.6666666666667 43.0 325.6666666666667 48.0 316.3333333333333 58.0 329.6666666666667 73.0 334.0 62.0 321.0 73.0 313.6666666666667 82.0 335.3333333333333 85.0 336.0 76.0 326.6666666666667 82.66666666666667 321.0 88.66666666666667 
307.6666666666667 110.0 292.3333333333333 100.0 281.0 85.0 275.6666666666667 73.0 277.3333333333333 62.333333333333336 313.0 58.333333333333336 321.6666666666667 39.333333333333336 323.6666666666667 28.333333333333332 322.0 22.666666666666668 322.3333333333333 64.0 334.3333333333333 43.0 325.3333333333333 48.0 316.3333333333333 58.0 329.3333333333333 73.0 334.0 62.0 321.0 73.0 313.3333333333333 82.0 335.0 85.0 336.0 76.0 326.3333333333333 82.66666666666667 320.6666666666667 88.66666666666667 
307.6666666666667 110.0 292.0 100.0 281.0 85.0 275.3333333333333 73.0 277.0 62.333333333333336 313.0 58.0 321.3333333333333 39.0 323.6666666666667 28.333333333333332 322.3333333333333 23.0 322.0 64.0 334.3333333333333 43.0 325.0 48.0 316.0 58.333333333333336 329.3333333333333 73.0 334.0 62.0 321.0 73.0 313.0 82.0 335.0 85.0 336.0 76.0 326.0 82.33333333333333 320.3333333333333 88.66666666666667 
307.6666666666667 110.0 292.3333333333333 100.0 281.3333333333333 85.0 275.6666666666667 73.0 277.3333333333333 62.333333333333336 313.0 58.0 321.3333333333333 39.0 323.6666666666667 28.0 322.6666666666667 23.0 322.3333333333333 64.0 334.6666666666667 43.0 325.0 48.0 316.0 58.333333333333336 329.6666666666667 73.0 334.0 62.0 321.0 73.0 313.3333333333333 82.0 335.3333333333333 85.0 336.0 76.0 326.0 82.33333333333333 320.3333333333333 88.66666666666667 
308.0 110.0 292.6666666666667 99.66666666666667 281.6666666666667 84.66666666666667 275.6666666666667 72.66666666666667 277.6666666666667 62.0 313.3333333333333 58.0 321.6666666666667 39.0 324.0 28.0 323.0 23.0 322.6666666666667 64.0 335.0 43.0 325.0 48.0 316.3333333333333 58.333333333333336 330.0 73.0 334.0 61.666666666666664 321.0 72.66666666666667 313.6666666666667 82.0 335.3333333333333 85.0 336.0 76.0 326.3333333333333 82.33333333333333 320.6666666666667 88.66666666666667 
307.6666666666667 110.0 292.6666666666667 99.33333333333333 281.6666666666667 84.33333333333333 276.0 72.33333333333333 278.0 62.0 313.3333333333333 58.0 321.6666666666667 39.0 324.0 28.0 323.0 22.666666666666668 323.0 64.0 334.6666666666667 42.666666666666664 325.0 48.0 316.3333333333333 58.0 330.0 73.0 334.0 61.333333333333336 321.0 72.33333333333333 314.0 81.66666666666667 335.3333333333333 85.0 336.0 75.66666666666667 326.6666666666667 82.33333333333333 321.0 88.33333333333333 
307.3333333333333 110.0 292.3333333333333 99.0 281.0 84.0 275.3333333333333 72.0 277.6666666666667 62.0 313.0 58.0 321.0 39.0 323.6666666666667 28.0 322.6666666666667 22.666666666666668 322.3333333333333 64.0 334.0 42.333333333333336 324.6666666666667 47.666666666666664 316.0 57.666666666666664 329.6666666666667 73.0 333.6666666666667 61.0 320.6666666666667 72.0 313.6666666666667 81.66666666666667 334.6666666666667 85.0 335.6666666666667 75.66666666666667 326.6666666666667 82.0 320.6666666666667 88.0 
307.0 109.66666666666667 291.6666666666667 99.0 280.3333333333333 84.0 274.6666666666667 72.0 277.3333333333333 62.0 312.3333333333333 58.0 320.3333333333333 39.0 323.0 28.0 322.3333333333333 22.666666666666668 321.6666666666667 63.666666666666664 333.3333333333333 42.0 324.3333333333333 47.333333333333336 315.3333333333333 57.333333333333336 329.3333333333333 72.66666666666667 333.0 61.0 320.3333333333333 72.0 313.3333333333333 81.33333333333333 334.3333333333333 84.66666666666667 335.3333333333333 75.33333333333333 326.3333333333333 81.66666666666667 320.3333333333333 88.0 
307.0 109.33333333333333 291.6666666666667 99.0 280.3333333333333 84.0 274.3333333333333 72.0 277.0 62.0 312.3333333333333 57.666666666666664 320.3333333333333 38.666666666666664 322.6666666666667 27.666666666666668 322.0 22.666666666666668 321.3333333333333 63.333333333333336 333.3333333333333 42.0 324.3333333333333 47.0 315.3333333333333 57.0 329.0 72.66666666666667 332.6666666666667 61.0 320.0 72.0 313.0 81.33333333333333 334.3333333333333 84.66666666666667 335.0 75.33333333333333 326.0 81.33333333333333 320.0 87.66666666666667 
307.3333333333333 109.0 292.0 99.0 281.0 84.0 274.6666666666667 71.66666666666667 277.3333333333333 61.666666666666664 312.6666666666667 57.666666666666664 320.6666666666667 38.333333333333336 323.0 27.333333333333332 322.3333333333333 22.333333333333332 322.0 63.333333333333336 333.6666666666667 42.0 325.0 47.0 316.0 57.0 329.3333333333333 72.66666666666667 332.6666666666667 61.0 320.3333333333333 72.0 313.3333333333333 81.0 334.6666666666667 84.33333333333333 335.0 75.0 326.0 81.0 320.3333333333333 87.33333333333333 
307.6666666666667 109.0 292.6666666666667 98.66666666666667 281.6666666666667 83.66666666666667 275.3333333333333 71.33333333333333 277.6666666666667 61.0 313.3333333333333 57.333333333333336 321.6666666666667 38.0 323.6666666666667 27.0 322.6666666666667 21.666666666666668 323.0 63.333333333333336 334.3333333333333 42.0 325.6666666666667 47.0 316.6666666666667 57.0 330.0 72.66666666666667 333.3333333333333 61.0 320.6666666666667 71.66666666666667 313.6666666666667 81.0 335.3333333333333 84.33333333333333 335.3333333333333 75.0 326.3333333333333 81.0 320.6666666666667 87.0 
308.3333333333333 109.0 293.3333333333333 98.66666666666667 282.0 83.33333333333333 275.6666666666667 71.0 278.3333333333333 60.666666666666664 313.6666666666667 57.666666666666664 322.3333333333333 38.333333333333336 324.3333333333333 27.333333333333332 323.3333333333333 21.666666666666668 323.3333333333333 63.333333333333336 334.6666666666667 42.0 326.0 47.0 317.0 57.0 330.6666666666667 72.33333333333333 333.6666666666667 61.0 321.3333333333333 71.33333333333333 314.0 81.0 335.6666666666667 84.0 335.6666666666667 75.0 326.6666666666667 81.0 321.3333333333333 87.0 
308.6666666666667 109.0 293.6666666666667 98.66666666666667 282.3333333333333 83.0 276.3333333333333 71.0 278.6666666666667 60.666666666666664 314.3333333333333 57.666666666666664 323.0 38.333333333333336 324.6666666666667 27.333333333333332 323.6666666666667 21.666666666666668 323.6666666666667 63.0 335.3333333333333 42.0 326.0 47.0 317.0 57.0 331.0 72.0 334.3333333333333 61.0 321.6666666666667 71.33333333333333 314.0 81.0 336.0 84.0 336.3333333333333 75.0 327.0 81.0 321.6666666666667 87.0 
309.0 109.0 294.0 99.0 282.6666666666667 83.0 276.6666666666667 71.0 279.0 61.0 314.6666666666667 58.0 323.3333333333333 38.666666666666664 325.3333333333333 27.666666666666668 324.3333333333333 22.0 323.6666666666667 63.333333333333336 335.6666666666667 42.0 326.3333333333333 47.0 317.3333333333333 57.0 331.3333333333333 72.33333333333333 334.6666666666667 61.0 322.3333333333333 71.66666666666667 314.3333333333333 81.0 336.3333333333333 84.0 336.6666666666667 75.0 327.3333333333333 81.33333333333333 322.0 87.0 
309.3333333333333 109.0 294.3333333333333 98.66666666666667 283.3333333333333 83.0 277.3333333333333 71.0 279.3333333333333 61.0 315.3333333333333 57.666666666666664 324.0 38.333333333333336 326.0 27.333333333333332 324.6666666666667 22.0 324.3333333333333 63.333333333333336 336.3333333333333 42.0 326.6666666666667 47.0 317.6666666666667 57.0 331.6666666666667 72.33333333333333 335.3333333333333 61.0 322.6666666666667 72.0 315.0 81.0 337.0 84.0 337.3333333333333 75.0 327.6666666666667 81.66666666666667 322.3333333333333 87.0 
309.6666666666667 109.0 294.6666666666667 98.66666666666667 283.6666666666667 83.0 277.6666666666667 71.0 280.0 61.0 315.6666666666667 57.666666666666664 324.6666666666667 38.666666666666664 326.6666666666667 27.666666666666668 325.0 22.0 324.6666666666667 63.333333333333336 336.6666666666667 42.0 327.3333333333333 47.0 318.3333333333333 57.0 332.0 72.66666666666667 335.6666666666667 61.0 323.0 72.0 315.6666666666667 81.0 337.6666666666667 84.0 337.6666666666667 75.0 328.3333333333333 82.0 322.6666666666667 87.0 
309.6666666666667 109.0 294.6666666666667 98.33333333333333 284.0 83.0 278.0 71.0 280.3333333333333 61.0 315.6666666666667 57.333333333333336 325.0 38.666666666666664 327.0 27.666666666666668 325.3333333333333 22.0 325.0 63.0 336.6666666666667 42.0 327.3333333333333 47.0 318.3333333333333 57.0 332.0 72.33333333333333 336.0 61.0 323.0 72.0 316.0 81.0 337.6666666666667 84.0 338.0 75.0 328.6666666666667 82.0 323.0 87.33333333333333 
309.3333333333333 109.0 294.3333333333333 98.33333333333333 283.6666666666667 83.0 277.6666666666667 71.0 280.3333333333333 61.0 315.0 57.333333333333336 324.6666666666667 39.0 326.6666666666667 28.0 325.3333333333333 22.0 324.6666666666667 63.0 336.3333333333333 42.0 327.3333333333333 47.0 318.3333333333333 57.0 331.6666666666667 72.33333333333333 335.6666666666667 61.0 323.0 72.0 315.6666666666667 81.0 337.3333333333333 84.0 338.0 75.0 328.6666666666667 82.0 323.0 87.33333333333333 
309.0 109.0 294.0 98.33333333333333 283.3333333333333 83.0 277.3333333333333 71.0 280.0 61.0 314.3333333333333 57.333333333333336 324.0 39.0 326.0 28.0 325.0 22.0 324.3333333333333 63.0 336.0 42.0 327.0 47.0 318.0 57.0 331.3333333333333 72.0 335.3333333333333 61.0 322.6666666666667 72.0 315.3333333333333 81.0 337.0 84.0 337.6666666666667 75.0 328.3333333333333 81.66666666666667 322.6666666666667 87.33333333333333 
309.0 109.0 294.0 98.66666666666667 283.0 83.0 277.0 71.0 279.6666666666667 61.0 314.3333333333333 57.666666666666664 323.6666666666667 39.0 325.3333333333333 28.0 324.3333333333333 22.0 324.0 63.0 335.6666666666667 42.0 326.6666666666667 47.0 317.6666666666667 57.0 331.0 72.0 335.0 61.0 322.3333333333333 72.0 315.0 81.0 337.0 84.0 337.3333333333333 75.0 328.0 81.33333333333333 322.3333333333333 87.0 
308.6666666666667 109.0 294.0 98.66666666666667 283.0 83.0 277.0 71.0 279.3333333333333 60.666666666666664 314.6666666666667 57.666666666666664 323.6666666666667 39.0 325.0 28.0 324.0 21.666666666666668 324.0 63.0 335.3333333333333 42.0 326.3333333333333 47.0 317.3333333333333 57.0 331.0 72.0 335.0 60.666666666666664 322.0 71.66666666666667 315.0 81.0 337.0 83.66666666666667 337.0 75.0 328.0 81.33333333333333 322.0 87.0 
308.6666666666667 109.0 294.0 98.33333333333333 283.0 83.0 277.0 71.0 279.3333333333333 60.333333333333336 314.6666666666667 57.333333333333336 323.6666666666667 39.0 325.0 28.0 324.0 21.333333333333332 324.0 63.0 335.0 42.0 326.0 47.0 317.0 57.0 331.0 72.0 335.0 60.333333333333336 322.0 71.33333333333333 315.0 81.0 337.0 83.33333333333333 337.0 75.0 328.0 81.66666666666667 322.0 87.33333333333333 
308.6666666666667 109.0 294.0 98.0 283.0 83.0 277.0 71.0 279.3333333333333 60.333333333333336 314.3333333333333 57.0 323.3333333333333 39.0 325.0 28.0 324.0 21.333333333333332 324.0 63.0 335.0 42.0 326.0 47.0 317.0 57.0 331.0 72.0 335.0 60.0 322.0 71.33333333333333 315.0 81.0 337.0 83.33333333333333 337.0 75.0 328.0 82.0 322.0 87.66666666666667 
308.6666666666667 109.0 294.0 98.0 283.0 83.0 277.0 71.0 279.3333333333333 60.666666666666664 314.0 57.0 323.0 38.666666666666664 325.3333333333333 28.0 324.0 21.666666666666668 324.0 63.0 335.0 42.0 326.0 47.0 317.0 57.0 331.0 72.0 334.6666666666667 60.333333333333336 322.0 71.66666666666667 315.0 81.0 337.0 83.66666666666667 337.0 75.0 328.0 82.0 322.0 87.66666666666667 
308.6666666666667 109.0 294.0 98.0 283.0 83.0 277.0 71.0 279.0 61.0 314.0 57.0 323.0 38.333333333333336 325.3333333333333 27.666666666666668 324.0 22.0 324.0 63.0 335.0 42.0 326.0 47.0 317.0 57.0 331.0 72.0 334.3333333333333 60.333333333333336 322.0 71.66666666666667 315.0 81.0 337.0 83.66666666666667 337.0 75.0 327.6666666666667 81.66666666666667 322.0 87.33333333333333 
308.6666666666667 109.0 294.0 98.0 283.0 83.0 277.0 71.0 279.0 61.0 314.0 57.0 323.0 38.333333333333336 325.3333333333333 27.666666666666668 324.0 22.0 324.0 63.0 335.0 42.0 326.0 47.0 317.0 57.0 331.0 72.0 334.0 60.333333333333336 322.0 71.66666666666667 315.0 81.0 337.0 83.33333333333333 337.0 75.0 327.3333333333333 81.33333333333333 322.0 87.0 
308.6666666666667 109.0 293.6666666666667 98.0 283.0 83.0 277.0 70.66666666666667 279.0 61.0 314.0 57.0 323.0 38.333333333333336 325.0 27.333333333333332 324.0 22.0 324.0 63.0 335.0 42.0 326.0 47.0 317.0 57.0 331.0 72.0 334.0 60.0 322.0 71.66666666666667 315.0 81.0 337.0 83.33333333333333 337.0 75.0 327.0 81.0 322.0 87.0 
308.3333333333333 109.0 293.3333333333333 98.0 282.6666666666667 83.0 276.6666666666667 70.33333333333333 279.0 61.0 314.0 57.0 323.0 38.666666666666664 325.0 27.666666666666668 324.0 22.0 323.6666666666667 63.0 335.0 41.666666666666664 326.0 47.0 317.0 57.0 331.0 72.0 334.0 60.0 322.0 72.0 314.6666666666667 81.0 336.6666666666667 83.33333333333333 337.0 75.0 327.0 81.0 322.0 87.0 
308.0 109.0 293.3333333333333 98.33333333333333 282.6666666666667 83.0 276.3333333333333 70.33333333333333 278.6666666666667 61.0 314.0 57.0 323.0 38.333333333333336 325.0 27.333333333333332 324.0 21.666666666666668 323.3333333333333 63.0 335.0 41.333333333333336 326.0 47.0 317.0 57.0 331.0 72.0 334.0 60.0 322.0 71.66666666666667 314.3333333333333 81.0 336.3333333333333 83.33333333333333 337.0 74.66666666666667 327.0 81.0 321.6666666666667 87.0 
308.0 109.0 293.6666666666667 98.66666666666667 282.6666666666667 83.0 276.3333333333333 70.66666666666667 278.3333333333333 61.0 314.0 57.0 323.0 38.333333333333336 325.0 27.333333333333332 323.6666666666667 21.333333333333332 323.3333333333333 63.0 335.0 41.0 326.0 47.0 317.0 56.666666666666664 331.0 72.0 334.0 60.0 322.0 71.33333333333333 314.0 81.0 336.0 83.0 337.0 74.33333333333333 327.0 81.0 321.6666666666667 86.66666666666667 
308.3333333333333 109.0 294.0 99.0 283.0 83.0 276.6666666666667 71.0 278.3333333333333 60.666666666666664 314.0 57.0 323.0 38.0 325.0 27.0 323.6666666666667 21.333333333333332 323.6666666666667 63.0 335.0 41.0 326.0 47.0 317.0 56.666666666666664 331.0 72.0 334.3333333333333 60.0 322.0 71.0 314.3333333333333 81.0 336.3333333333333 83.0 337.0 74.0 327.3333333333333 81.0 321.6666666666667 86.66666666666667 
308.6666666666667 109.0 294.0 98.66666666666667 283.3333333333333 82.66666666666667 277.0 70.66666666666667 279.0 60.333333333333336 314.3333333333333 57.0 323.3333333333333 38.0 325.3333333333333 27.0 324.0 21.333333333333332 324.3333333333333 63.0 335.3333333333333 41.0 326.0 46.666666666666664 317.0 56.333333333333336 331.3333333333333 72.0 334.6666666666667 60.0 322.3333333333333 71.0 314.6666666666667 80.66666666666667 336.6666666666667 83.0 337.0 74.0 327.6666666666667 81.0 322.3333333333333 86.66666666666667 
309.0 109.0 294.0 98.33333333333333 283.6666666666667 82.33333333333333 277.3333333333333 70.33333333333333 279.6666666666667 60.0 315.0 57.0 324.0 38.0 326.0 27.0 324.6666666666667 21.666666666666668 324.6666666666667 63.0 335.6666666666667 41.0 326.3333333333333 46.333333333333336 317.3333333333333 56.333333333333336 331.6666666666667 71.66666666666667 335.0 60.0 322.6666666666667 71.0 315.0 80.33333333333333 337.0 83.0 337.3333333333333 74.0 328.0 81.0 322.6666666666667 86.66666666666667 
309.0 108.66666666666667 294.0 98.0 284.0 82.0 277.6666666666667 70.0 280.0 60.0 315.3333333333333 57.0 324.6666666666667 38.0 326.6666666666667 27.0 325.0 21.666666666666668 325.0 62.666666666666664 336.0 41.0 326.6666666666667 46.0 317.6666666666667 56.0 332.0 71.33333333333333 335.3333333333333 60.0 323.0 71.0 315.3333333333333 80.0 337.3333333333333 83.0 337.6666666666667 74.33333333333333 328.3333333333333 81.0 323.0 86.66666666666667 
309.0 108.33333333333333 294.0 98.0 283.6666666666667 82.0 277.6666666666667 70.0 280.0 60.0 315.0 56.666666666666664 324.3333333333333 37.666666666666664 326.6666666666667 26.666666666666668 325.0 21.666666666666668 324.6666666666667 62.333333333333336 335.6666666666667 41.0 326.6666666666667 46.0 317.6666666666667 56.0 331.6666666666667 71.0 335.3333333333333 60.0 323.0 71.0 315.3333333333333 80.0 337.3333333333333 83.0 338.0 74.33333333333333 328.6666666666667 81.0 323.0 86.66666666666667 
309.0 108.0 294.0 98.0 283.3333333333333 82.0 277.3333333333333 70.0 279.6666666666667 60.0 314.6666666666667 56.333333333333336 323.6666666666667 37.666666666666664 326.0 26.666666666666668 324.6666666666667 21.666666666666668 324.3333333333333 62.0 335.3333333333333 41.0 326.3333333333333 46.333333333333336 317.3333333333333 56.333333333333336 331.3333333333333 71.0 335.0 60.0 322.6666666666667 71.0 315.0 80.0 337.3333333333333 83.0 337.6666666666667 74.33333333333333 328.3333333333333 81.0 322.6666666666667 86.66666666666667 
308.6666666666667 108.0 294.0 98.0 283.0 82.0 277.0 70.0 279.3333333333333 60.0 314.3333333333333 56.0 323.0 37.666666666666664 325.3333333333333 26.666666666666668 324.3333333333333 21.333333333333332 324.0 62.0 335.0 41.0 326.0 46.333333333333336 317.0 56.333333333333336 331.0 71.0 334.6666666666667 59.666666666666664 322.3333333333333 71.0 314.3333333333333 80.0 337.0 82.66666666666667 337.3333333333333 74.0 327.6666666666667 81.0 322.3333333333333 86.33333333333333 
308.3333333333333 108.0 294.0 98.0 283.0 82.0 277.0 70.0 279.0 60.0 314.6666666666667 56.333333333333336 323.3333333333333 38.0 325.0 27.0 324.0 21.333333333333332 324.0 62.0 335.0 41.0 326.0 46.333333333333336 317.0 56.333333333333336 331.0 71.0 334.6666666666667 59.666666666666664 322.0 71.0 314.0 80.0 337.0 82.33333333333333 337.0 73.66666666666667 327.3333333333333 80.66666666666667 322.0 86.0 
308.3333333333333 108.33333333333333 294.0 98.0 283.0 82.0 276.6666666666667 70.0 279.0 60.0 314.6666666666667 56.666666666666664 323.6666666666667 38.0 325.0 27.0 324.0 21.0 324.0 62.0 335.0 41.0 326.0 46.0 317.0 56.0 331.0 71.0 335.0 59.333333333333336 322.0 71.0 314.3333333333333 80.0 337.0 82.0 337.0 73.33333333333333 327.6666666666667 80.33333333333333 322.3333333333333 86.0 
308.3333333333333 108.33333333333333 293.6666666666667 98.0 282.6666666666667 82.0 276.3333333333333 70.0 279.0 60.0 314.6666666666667 57.0 323.3333333333333 38.0 325.0 27.0 324.0 21.0 323.6666666666667 62.0 335.0 41.0 326.0 46.0 317.0 56.0 330.6666666666667 71.0 334.6666666666667 59.333333333333336 322.0 71.0 314.3333333333333 80.0 336.6666666666667 82.0 337.0 73.0 327.6666666666667 80.0 322.3333333333333 86.0 
308.3333333333333 108.33333333333333 293.3333333333333 98.0 282.3333333333333 82.0 276.0 70.0 278.6666666666667 60.0 314.0 57.0 322.6666666666667 38.0 324.6666666666667 27.0 324.0 21.333333333333332 323.3333333333333 62.0 334.6666666666667 41.0 325.6666666666667 46.0 316.6666666666667 55.666666666666664 330.3333333333333 71.0 334.0 59.333333333333336 321.6666666666667 71.0 314.3333333333333 80.0 336.3333333333333 82.0 336.6666666666667 73.0 327.3333333333333 80.0 322.3333333333333 86.0 
308.0 108.0 293.0 98.0 282.0 82.0 276.0 70.0 278.3333333333333 60.0 313.6666666666667 57.0 322.0 38.0 324.3333333333333 27.0 324.0 21.666666666666668 323.0 62.0 334.3333333333333 41.0 325.3333333333333 46.0 316.3333333333333 55.666666666666664 330.0 71.0 333.3333333333333 59.666666666666664 321.3333333333333 71.0 314.0 80.0 336.0 82.0 336.3333333333333 73.0 327.0 80.0 322.0 86.0 
308.0 108.0 293.0 98.0 282.0 82.0 276.0 70.0 278.0 60.0 313.6666666666667 57.0 322.0 37.666666666666664 324.3333333333333 26.666666666666668 324.0 22.0 323.0 62.0 334.0 41.0 325.0 46.0 316.0 55.666666666666664 330.0 71.0 333.0 59.666666666666664 321.0 71.0 314.0 80.0 336.0 82.0 336.0 73.0 326.6666666666667 80.0 322.0 86.0 
308.0 108.0 293.0 98.0 282.0 82.0 275.6666666666667 70.0 278.0 60.0 313.6666666666667 57.0 322.0 37.666666666666664 324.3333333333333 26.666666666666668 323.6666666666667 22.0 322.6666666666667 62.0 333.6666666666667 41.0 324.6666666666667 46.0 316.0 55.666666666666664 330.0 70.66666666666667 333.0 59.333333333333336 321.0 70.66666666666667 314.0 80.0 336.0 82.0 336.0 73.0 326.3333333333333 80.0 321.6666666666667 86.0 
307.6666666666667 107.66666666666667 292.6666666666667 97.66666666666667 281.6666666666667 82.0 275.3333333333333 69.66666666666667 277.6666666666667 59.666666666666664 313.0 56.666666666666664 321.6666666666667 37.333333333333336 324.0 26.333333333333332 323.0 21.666666666666668 322.3333333333333 62.0 333.0 40.666666666666664 324.3333333333333 45.666666666666664 315.6666666666667 55.333333333333336 329.6666666666667 70.33333333333333 332.6666666666667 59.0 320.6666666666667 70.33333333333333 313.6666666666667 80.0 335.6666666666667 81.66666666666667 335.6666666666667 73.0 326.0 79.66666666666667 321.3333333333333 85.66666666666667 
307.3333333333333 107.66666666666667 292.3333333333333 97.33333333333333 281.3333333333333 82.0 274.6666666666667 69.66666666666667 277.0 59.666666666666664 312.3333333333333 56.333333333333336 321.0 37.333333333333336 323.0 26.333333333333332 322.0 21.333333333333332 321.6666666666667 62.0 332.3333333333333 40.333333333333336 323.6666666666667 45.666666666666664 315.0 55.0 329.3333333333333 70.0 332.0 59.0 320.0 70.0 313.0 79.66666666666667 335.0 81.33333333333333 335.0 72.66666666666667 325.6666666666667 79.33333333333333 320.6666666666667 85.33333333333333 
307.0 107.66666666666667 291.6666666666667 97.33333333333333 280.6666666666667 82.0 274.0 69.66666666666667 276.3333333333333 59.666666666666664 311.6666666666667 56.333333333333336 320.0 37.0 322.0 26.0 321.0 20.666666666666668 321.3333333333333 62.0 332.0 40.0 323.3333333333333 45.666666666666664 314.3333333333333 55.0 328.6666666666667 70.0 331.3333333333333 59.0 319.3333333333333 70.0 312.3333333333333 79.33333333333333 334.3333333333333 81.33333333333333 334.3333333333333 72.33333333333333 325.0 79.0 320.0 85.0 
306.6666666666667 108.0 291.3333333333333 97.66666666666667 280.3333333333333 82.0 273.3333333333333 70.0 276.0 60.0 311.3333333333333 56.666666666666664 319.3333333333333 37.0 321.3333333333333 25.666666666666668 320.3333333333333 20.333333333333332 321.0 62.0 332.0 40.333333333333336 322.6666666666667 46.0 314.0 55.0 328.3333333333333 70.0 331.0 59.0 319.0 70.0 312.0 79.0 334.0 81.66666666666667 333.6666666666667 72.33333333333333 324.3333333333333 79.0 319.3333333333333 85.0 
306.3333333333333 108.0 291.0 97.66666666666667 280.0 82.0 273.0 70.0 276.0 59.666666666666664 311.0 56.666666666666664 319.0 36.666666666666664 321.0 25.333333333333332 320.0 20.333333333333332 320.6666666666667 61.666666666666664 331.6666666666667 40.333333333333336 322.3333333333333 46.0 313.6666666666667 55.0 327.6666666666667 70.0 330.6666666666667 59.0 319.0 70.0 311.6666666666667 79.0 333.6666666666667 81.66666666666667 333.3333333333333 72.66666666666667 324.0 79.0 319.0 85.0 
306.0 108.0 291.0 97.33333333333333 280.0 82.0 273.0 70.0 276.0 59.333333333333336 311.0 56.333333333333336 319.0 36.333333333333336 321.0 25.0 320.0 20.666666666666668 320.3333333333333 61.333333333333336 331.3333333333333 40.333333333333336 322.0 46.0 313.3333333333333 55.0 327.6666666666667 70.0 330.3333333333333 59.0 318.6666666666667 70.0 311.3333333333333 79.0 333.3333333333333 81.66666666666667 333.0 72.66666666666667 324.0 79.0 319.0 85.0 
306.0 108.0 291.0 97.0 280.0 82.0 273.0 70.0 276.0 59.333333333333336 311.0 56.0 319.0 36.333333333333336 321.0 25.333333333333332 320.0 20.666666666666668 320.0 61.333333333333336 331.0 40.0 322.0 45.666666666666664 313.3333333333333 55.0 327.3333333333333 70.0 330.0 59.0 318.3333333333333 70.0 311.3333333333333 79.0 333.0 81.66666666666667 333.0 72.66666666666667 324.0 79.0 319.0 85.0 
306.0 107.66666666666667 291.0 97.0 280.0 82.0 273.3333333333333 69.66666666666667 276.0 59.333333333333336 311.3333333333333 56.0 319.0 36.333333333333336 321.3333333333333 25.333333333333332 320.3333333333333 20.333333333333332 320.3333333333333 61.333333333333336 331.3333333333333 40.0 322.3333333333333 45.333333333333336 313.6666666666667 55.0 327.6666666666667 70.0 330.3333333333333 59.0 318.3333333333333 70.0 311.6666666666667 79.0 333.3333333333333 81.66666666666667 333.0 72.66666666666667 324.0 79.0 319.3333333333333 85.0 
306.0 107.33333333333333 291.0 97.0 280.3333333333333 82.0 273.6666666666667 69.33333333333333 276.3333333333333 59.333333333333336 311.6666666666667 56.0 319.3333333333333 36.333333333333336 321.6666666666667 25.333333333333332 321.0 20.333333333333332 320.6666666666667 61.666666666666664 331.6666666666667 40.0 322.3333333333333 45.333333333333336 314.0 55.0 327.6666666666667 70.0 330.6666666666667 59.0 318.6666666666667 70.0 312.0 79.0 333.6666666666667 81.66666666666667 333.3333333333333 73.0 324.3333333333333 79.33333333333333 319.6666666666667 85.0 
306.0 107.33333333333333 291.0 97.0 280.3333333333333 82.0 274.0 69.0 276.6666666666667 59.0 312.0 56.0 319.6666666666667 36.0 322.0 25.0 321.3333333333333 20.333333333333332 321.0 61.666666666666664 332.0 40.0 322.6666666666667 45.333333333333336 314.0 55.0 328.0 70.0 331.0 58.666666666666664 319.0 70.0 312.0 79.0 334.0 81.33333333333333 333.6666666666667 73.0 324.6666666666667 79.33333333333333 320.0 85.0 
306.0 107.33333333333333 291.0 97.0 280.3333333333333 82.0 274.0 69.0 276.6666666666667 59.0 311.6666666666667 56.0 319.6666666666667 36.0 321.6666666666667 25.0 321.3333333333333 20.333333333333332 321.0 61.666666666666664 331.6666666666667 40.0 322.3333333333333 45.333333333333336 313.6666666666667 55.0 328.0 70.0 331.0 58.333333333333336 319.0 70.0 312.0 79.0 334.0 81.33333333333333 334.0 73.0 325.0 79.33333333333333 320.0 85.0 
306.0 107.33333333333333 291.0 97.0 280.0 82.0 273.6666666666667 69.33333333333333 276.0 59.0 311.0 56.0 319.0 36.333333333333336 321.0 25.0 320.3333333333333 20.0 320.6666666666667 61.333333333333336 331.0 40.0 322.0 45.0 313.3333333333333 55.0 327.6666666666667 70.0 330.6666666666667 58.0 318.6666666666667 70.0 311.6666666666667 79.0 333.6666666666667 81.0 333.6666666666667 72.66666666666667 324.6666666666667 79.0 319.6666666666667 85.0 
305.6666666666667 107.0 290.6666666666667 97.0 279.6666666666667 82.0 273.0 69.33333333333333 275.3333333333333 59.0 310.3333333333333 55.666666666666664 318.0 36.0 320.0 24.666666666666668 319.6666666666667 19.666666666666668 320.0 61.0 330.3333333333333 40.0 321.3333333333333 45.0 312.6666666666667 55.0 327.3333333333333 69.66666666666667 330.3333333333333 58.0 318.3333333333333 70.0 311.3333333333333 79.0 333.0 81.0 333.3333333333333 72.33333333333333 324.0 79.0 319.3333333333333 85.0 
305.6666666666667 107.0 290.3333333333333 97.0 279.3333333333333 82.0 272.6666666666667 69.33333333333333 275.0 59.0 310.0 55.333333333333336 317.3333333333333 35.666666666666664 319.6666666666667 24.333333333333332 319.0 19.666666666666668 319.3333333333333 61.0 330.3333333333333 40.0 321.0 45.0 312.3333333333333 55.0 327.0 69.66666666666667 330.0 58.333333333333336 317.6666666666667 70.0 310.6666666666667 79.0 332.3333333333333 81.0 332.6666666666667 72.0 323.3333333333333 78.66666666666667 318.6666666666667 84.66666666666667 
305.6666666666667 107.0 290.3333333333333 97.0 279.3333333333333 82.0 272.6666666666667 69.0 275.3333333333333 59.0 310.0 55.0 317.3333333333333 35.333333333333336 319.6666666666667 24.333333333333332 319.3333333333333 19.333333333333332 319.3333333333333 61.0 330.6666666666667 40.0 321.3333333333333 45.0 312.3333333333333 55.0 327.0 69.66666666666667 330.0 58.666666666666664 317.6666666666667 70.0 310.6666666666667 79.0 332.3333333333333 81.0 332.6666666666667 72.0 323.3333333333333 78.66666666666667 318.6666666666667 84.66666666666667 
306.0 107.0 290.6666666666667 97.0 279.3333333333333 81.66666666666667 273.0 69.0 275.6666666666667 59.0 310.3333333333333 55.0 318.0 35.666666666666664 320.3333333333333 24.333333333333332 319.6666666666667 19.333333333333332 319.6666666666667 61.0 331.0 40.0 321.6666666666667 45.0 312.6666666666667 55.0 327.3333333333333 70.0 330.0 58.666666666666664 317.6666666666667 70.0 310.6666666666667 79.0 332.6666666666667 81.0 332.6666666666667 72.0 323.6666666666667 78.66666666666667 318.6666666666667 84.33333333333333 
306.0 107.0 291.0 97.0 279.6666666666667 81.66666666666667 273.0 69.0 276.0 59.0 310.6666666666667 55.0 318.6666666666667 36.0 320.6666666666667 24.333333333333332 320.0 19.0 320.0 61.0 331.0 40.0 322.0 45.0 313.0 55.0 327.3333333333333 70.0 330.0 58.333333333333336 318.0 70.0 311.0 79.0 333.0 81.0 333.0 72.0 324.0 79.0 319.0 84.33333333333333 
306.0 107.0 291.0 97.0 279.6666666666667 81.33333333333333 273.0 69.0 276.0 59.0 311.0 55.0 319.0 35.666666666666664 320.6666666666667 24.0 319.6666666666667 19.0 320.0 61.0 331.3333333333333 40.0 322.0 45.0 313.0 55.0 327.6666666666667 69.66666666666667 330.3333333333333 58.0 318.0 70.0 311.0 79.0 333.0 81.0 333.0 72.0 324.0 79.0 319.0 84.0 
306.0 107.0 291.0 97.0 280.0 81.33333333333333 273.3333333333333 69.0 276.3333333333333 59.0 311.0 55.333333333333336 319.0 35.666666666666664 320.6666666666667 24.0 319.6666666666667 19.0 320.3333333333333 61.0 331.6666666666667 40.0 322.0 45.0 313.3333333333333 55.0 327.6666666666667 69.66666666666667 330.6666666666667 58.0 318.3333333333333 70.0 311.3333333333333 79.0 333.0 81.0 333.0 72.0 324.0 79.0 319.0 84.33333333333333 
306.3333333333333 107.0 291.3333333333333 97.0 280.3333333333333 81.0 273.6666666666667 69.0 276.6666666666667 59.0 311.3333333333333 55.666666666666664 319.3333333333333 35.666666666666664 321.0 24.333333333333332 320.0 19.333333333333332 320.6666666666667 61.0 332.0 40.0 322.3333333333333 45.0 313.6666666666667 55.0 328.0 69.33333333333333 331.0 58.0 318.6666666666667 70.0 311.6666666666667 79.0 333.3333333333333 81.0 333.3333333333333 72.0 324.3333333333333 79.0 319.3333333333333 84.66666666666667 
306.3333333333333 107.0 291.3333333333333 96.66666666666667 280.6666666666667 81.0 274.0 69.0 277.0 58.666666666666664 311.6666666666667 55.666666666666664 319.6666666666667 36.0 321.6666666666667 24.333333333333332 320.6666666666667 19.333333333333332 321.0 61.0 332.0 40.0 322.6666666666667 45.0 314.0 55.0 328.0 69.66666666666667 331.0 58.0 319.0 70.0 312.0 79.0 333.6666666666667 81.0 333.6666666666667 72.0 324.6666666666667 79.0 319.6666666666667 85.0 
306.6666666666667 107.0 291.6666666666667 96.66666666666667 281.0 81.0 274.0 69.0 277.0 58.666666666666664 311.6666666666667 55.666666666666664 319.6666666666667 36.0 321.6666666666667 24.333333333333332 321.0 19.333333333333332 321.0 61.0 332.0 40.0 323.0 45.0 314.0 55.0 328.0 69.66666666666667 331.0 58.0 319.0 69.66666666666667 312.0 79.0 334.0 81.0 334.0 72.0 325.0 79.0 320.0 85.0 
306.3333333333333 107.0 291.3333333333333 96.33333333333333 281.0 81.0 274.0 69.0 277.0 58.333333333333336 311.6666666666667 55.333333333333336 319.3333333333333 35.666666666666664 321.6666666666667 24.0 321.0 19.0 321.0 61.0 332.0 40.0 323.0 45.0 314.0 55.0 328.3333333333333 69.66666666666667 331.0 58.0 319.0 69.33333333333333 312.0 79.0 334.0 81.0 334.0 72.0 325.0 79.0 320.0 85.0 
306.6666666666667 107.0 291.6666666666667 96.33333333333333 281.0 81.0 274.3333333333333 69.0 277.0 58.666666666666664 311.6666666666667 55.333333333333336 319.3333333333333 35.333333333333336 321.6666666666667 24.0 321.0 19.0 321.0 61.0 332.0 39.666666666666664 323.0 45.0 314.3333333333333 55.0 328.6666666666667 69.33333333333333 331.3333333333333 58.0 319.3333333333333 69.0 312.3333333333333 79.0 334.0 81.0 334.0 72.0 325.0 79.0 320.0 85.0 
306.6666666666667 107.0 291.6666666666667 96.0 281.0 81.0 274.6666666666667 68.66666666666667 277.3333333333333 58.666666666666664 312.0 55.0 319.6666666666667 35.0 322.0 24.0 321.0 19.0 321.3333333333333 60.666666666666664 332.3333333333333 39.333333333333336 323.0 45.0 314.3333333333333 55.0 329.0 69.0 331.6666666666667 57.666666666666664 319.6666666666667 69.0 312.6666666666667 78.66666666666667 334.0 81.0 334.0 72.0 325.0 79.0 320.3333333333333 85.0 
307.0 107.0 292.0 96.0 281.0 81.0 275.0 68.33333333333333 277.6666666666667 59.0 312.0 55.0 320.0 35.0 322.0 24.0 321.0 18.666666666666668 321.6666666666667 60.666666666666664 332.6666666666667 39.0 323.0 45.0 314.6666666666667 54.666666666666664 329.0 69.0 332.0 57.333333333333336 320.0 69.0 313.0 78.33333333333333 334.0 81.0 334.0 72.0 325.0 79.0 320.6666666666667 85.0 
307.0 107.0 292.0 96.0 281.0 81.0 275.0 68.0 277.6666666666667 58.666666666666664 312.0 55.333333333333336 320.0 35.0 322.0 24.0 321.0 18.333333333333332 322.0 60.666666666666664 332.6666666666667 39.0 323.0 44.666666666666664 314.6666666666667 54.333333333333336 329.0 69.33333333333333 332.0 57.333333333333336 319.6666666666667 69.0 313.0 78.0 334.0 81.0 334.0 72.0 325.0 79.0 320.6666666666667 84.66666666666667 
307.0 107.0 292.0 96.0 281.0 81.0 274.6666666666667 68.0 277.3333333333333 58.333333333333336 312.0 55.333333333333336 320.0 35.0 322.0 24.0 321.0 18.333333333333332 321.6666666666667 61.0 332.3333333333333 39.0 323.0 44.333333333333336 315.0 54.0 329.0 69.33333333333333 331.6666666666667 57.666666666666664 319.6666666666667 69.0 313.0 78.0 334.0 80.66666666666667 334.0 72.0 325.0 78.66666666666667 320.3333333333333 84.33333333333333 
306.6666666666667 107.0 291.6666666666667 96.0 280.6666666666667 81.0 274.3333333333333 68.0 276.6666666666667 58.333333333333336 311.6666666666667 55.333333333333336 319.6666666666667 35.0 321.6666666666667 24.0 321.0 19.0 321.3333333333333 61.0 332.0 39.333333333333336 323.0 44.333333333333336 314.6666666666667 54.333333333333336 328.6666666666667 69.66666666666667 331.3333333333333 58.0 319.3333333333333 69.0 312.6666666666667 78.33333333333333 334.0 80.66666666666667 334.0 72.0 325.0 78.66666666666667 320.0 84.33333333333333 
306.3333333333333 107.0 291.6666666666667 96.0 280.6666666666667 81.0 274.0 68.0 276.6666666666667 58.333333333333336 311.6666666666667 55.0 319.6666666666667 35.0 321.3333333333333 24.0 320.6666666666667 19.0 321.0 61.0 332.0 39.333333333333336 323.0 44.666666666666664 314.3333333333333 54.333333333333336 328.3333333333333 69.33333333333333 331.0 58.0 319.3333333333333 69.0 312.3333333333333 78.33333333333333 334.0 80.66666666666667 334.0 72.0 325.0 78.33333333333333 320.0 84.33333333333333 
306.0 107.0 291.6666666666667 96.0 280.6666666666667 81.0 274.0 68.0 276.6666666666667 58.333333333333336 311.6666666666667 55.0 319.3333333333333 35.0 321.0 24.0 320.6666666666667 19.0 321.0 60.666666666666664 332.0 39.333333333333336 323.0 45.0 314.0 54.333333333333336 328.0 69.33333333333333 331.3333333333333 58.0 319.3333333333333 69.0 312.0 78.33333333333333 334.0 81.0 334.0 72.0 325.0 78.66666666666667 320.0 84.33333333333333 
306.0 107.0 292.0 96.0 281.0 81.0 274.0 68.0 277.0 58.0 312.0 55.0 319.3333333333333 35.0 321.0 24.0 320.6666666666667 18.666666666666668 321.0 60.666666666666664 332.0 39.0 323.0 45.0 314.0 54.0 328.0 69.0 331.3333333333333 58.0 319.3333333333333 69.0 312.0 78.0 334.0 81.0 334.0 72.0 325.0 78.33333333333333 320.0 84.0 
306.0 107.0 291.6666666666667 96.0 280.6666666666667 81.0 273.6666666666667 68.0 277.0 58.0 311.6666666666667 55.0 319.0 35.0 321.0 24.0 320.6666666666667 18.666666666666668 321.0 60.333333333333336 331.6666666666667 39.0 322.6666666666667 45.0 314.0 54.0 328.0 69.0 331.3333333333333 58.0 319.3333333333333 69.0 312.0 78.0 334.0 81.0 334.0 72.0 325.0 78.33333333333333 320.0 84.0 
306.0 107.0 291.3333333333333 96.0 280.3333333333333 81.0 273.3333333333333 68.0 276.6666666666667 58.333333333333336 311.0 55.0 318.6666666666667 35.333333333333336 320.6666666666667 24.0 320.3333333333333 18.333333333333332 320.6666666666667 60.666666666666664 331.3333333333333 39.0 322.3333333333333 44.666666666666664 314.0 54.0 327.6666666666667 69.0 330.6666666666667 58.0 318.6666666666667 68.66666666666667 311.6666666666667 78.0 333.6666666666667 81.0 333.6666666666667 72.0 324.6666666666667 78.0 319.6666666666667 84.0 
306.0 107.0 290.6666666666667 96.0 279.6666666666667 81.0 273.0 68.0 276.3333333333333 58.333333333333336 310.6666666666667 55.0 318.3333333333333 35.333333333333336 320.3333333333333 24.0 319.6666666666667 18.0 320.3333333333333 60.333333333333336 331.0 39.0 321.6666666666667 44.666666666666664 313.6666666666667 54.0 327.3333333333333 69.0 330.3333333333333 57.666666666666664 318.3333333333333 68.33333333333333 311.3333333333333 78.0 333.3333333333333 81.0 333.3333333333333 71.66666666666667 324.3333333333333 78.0 319.3333333333333 84.0 
306.0 107.0 290.6666666666667 96.0 279.6666666666667 81.0 273.0 68.33333333333333 275.6666666666667 58.666666666666664 310.6666666666667 55.0 318.0 35.333333333333336 320.0 24.0 319.3333333333333 18.0 320.0 60.666666666666664 331.0 39.0 321.3333333333333 44.666666666666664 313.3333333333333 54.0 327.0 69.0 330.0 57.666666666666664 318.0 68.33333333333333 311.0 78.0 333.0 81.0 333.0 71.33333333333333 324.0 78.0 319.0 84.0 
306.0 107.0 290.6666666666667 96.0 279.6666666666667 81.0 273.0 68.66666666666667 275.6666666666667 58.333333333333336 311.0 55.0 318.0 35.0 320.0 24.0 319.0 18.0 320.0 60.333333333333336 331.0 39.0 321.0 45.0 313.0 54.0 327.0 69.0 330.0 57.666666666666664 318.0 68.66666666666667 311.0 78.0 333.0 81.0 333.0 71.33333333333333 324.0 78.0 319.0 84.0 
305.6666666666667 106.66666666666667 291.0 96.0 280.0 81.0 273.0 69.0 275.6666666666667 58.333333333333336 310.6666666666667 55.0 318.0 35.0 320.0 24.0 319.0 18.333333333333332 319.6666666666667 60.333333333333336 330.6666666666667 39.0 321.0 44.666666666666664 313.0 54.0 327.0 69.0 330.0 57.666666666666664 318.0 69.0 311.0 78.0 332.6666666666667 80.66666666666667 333.0 71.33333333333333 323.6666666666667 78.0 318.6666666666667 84.0 
305.3333333333333 106.33333333333333 290.6666666666667 96.0 279.6666666666667 80.66666666666667 273.0 68.66666666666667 276.0 58.0 310.3333333333333 55.0 318.0 34.666666666666664 319.6666666666667 23.666666666666668 318.6666666666667 18.333333333333332 319.3333333333333 60.0 330.3333333333333 39.0 321.0 44.333333333333336 313.0 54.0 326.6666666666667 69.0 329.6666666666667 57.666666666666664 317.6666666666667 69.0 310.6666666666667 78.0 332.3333333333333 80.66666666666667 333.0 71.33333333333333 323.3333333333333 78.0 318.3333333333333 84.0 
305.0 106.0 290.3333333333333 96.0 279.3333333333333 80.66666666666667 273.0 68.66666666666667 275.6666666666667 58.333333333333336 310.0 55.0 317.6666666666667 34.666666666666664 319.3333333333333 23.333333333333332 318.6666666666667 18.333333333333332 319.0 60.0 330.0 39.0 321.0 44.0 313.0 54.0 326.6666666666667 69.0 329.3333333333333 57.666666666666664 317.3333333333333 69.0 310.3333333333333 78.0 332.0 80.66666666666667 332.6666666666667 71.0 323.0 78.0 318.0 84.0 
305.0 106.0 290.0 96.0 279.3333333333333 80.33333333333333 273.0 68.33333333333333 275.6666666666667 58.333333333333336 310.3333333333333 54.666666666666664 317.6666666666667 34.333333333333336 319.3333333333333 23.0 318.6666666666667 18.0 319.3333333333333 60.0 330.3333333333333 39.0 321.0 44.0 313.0 54.0 326.6666666666667 69.0 329.3333333333333 57.666666666666664 317.3333333333333 69.0 310.3333333333333 78.0 332.3333333333333 80.66666666666667 332.6666666666667 71.0 323.0 78.0 318.0 84.0 
305.3333333333333 106.0 290.3333333333333 96.0 279.6666666666667 80.33333333333333 273.3333333333333 68.33333333333333 275.6666666666667 58.333333333333336 310.6666666666667 54.666666666666664 318.0 34.666666666666664 320.0 23.0 319.3333333333333 18.0 319.6666666666667 60.0 331.0 39.0 321.3333333333333 44.0 313.3333333333333 54.0 327.0 69.0 329.6666666666667 57.333333333333336 317.6666666666667 69.0 310.6666666666667 78.0 332.6666666666667 80.33333333333333 332.6666666666667 71.0 323.3333333333333 78.0 318.3333333333333 84.0 
305.6666666666667 106.0 290.6666666666667 95.66666666666667 280.0 80.0 273.6666666666667 67.66666666666667 276.0 57.666666666666664 311.3333333333333 54.333333333333336 319.0 34.333333333333336 320.6666666666667 23.0 319.6666666666667 18.0 320.3333333333333 60.0 331.3333333333333 39.0 321.6666666666667 44.0 313.3333333333333 53.666666666666664 327.3333333333333 69.0 330.0 57.0 318.0 68.66666666666667 311.3333333333333 78.0 333.0 80.0 333.0 71.0 323.6666666666667 78.0 319.0 83.66666666666667 
306.0 106.0 291.0 95.66666666666667 280.0 80.0 274.0 67.66666666666667 276.0 57.666666666666664 311.3333333333333 54.666666666666664 319.3333333333333 34.666666666666664 320.6666666666667 23.333333333333332 319.6666666666667 17.666666666666668 320.6666666666667 60.0 331.3333333333333 39.0 322.0 44.0 313.6666666666667 53.666666666666664 327.6666666666667 69.0 330.0 57.0 318.0 68.33333333333333 311.6666666666667 78.0 333.0 80.0 333.0 71.0 324.0 78.0 319.3333333333333 83.66666666666667 
306.0 106.0 291.0 95.33333333333333 280.0 80.0 273.6666666666667 67.33333333333333 276.3333333333333 57.333333333333336 311.3333333333333 54.333333333333336 319.3333333333333 34.333333333333336 320.6666666666667 23.333333333333332 319.6666666666667 17.666666666666668 320.6666666666667 60.0 331.0 38.666666666666664 322.0 44.0 313.6666666666667 53.333333333333336 328.0 69.0 330.0 57.0 318.3333333333333 68.0 312.0 77.66666666666667 333.3333333333333 80.0 333.0 71.0 324.0 77.66666666666667 319.6666666666667 83.33333333333333 
306.0 106.0 291.0 95.66666666666667 280.0 80.0 273.6666666666667 67.66666666666667 276.3333333333333 57.666666666666664 311.0 54.666666666666664 319.0 34.333333333333336 320.6666666666667 23.333333333333332 319.6666666666667 17.666666666666668 320.6666666666667 60.0 331.0 38.666666666666664 322.0 44.0 314.0 53.333333333333336 328.0 68.66666666666667 330.0 57.0 318.6666666666667 68.0 312.0 77.66666666666667 333.3333333333333 80.0 333.0 71.0 324.3333333333333 77.33333333333333 319.6666666666667 83.33333333333333 
306.0 106.0 291.3333333333333 95.33333333333333 280.3333333333333 80.0 273.6666666666667 67.33333333333333 276.6666666666667 57.333333333333336 311.3333333333333 54.333333333333336 319.3333333333333 33.666666666666664 321.3333333333333 22.666666666666668 320.0 18.0 320.6666666666667 59.666666666666664 331.3333333333333 38.333333333333336 322.3333333333333 44.0 314.0 53.0 328.0 68.33333333333333 330.3333333333333 57.0 319.0 68.0 312.0 77.33333333333333 333.6666666666667 79.66666666666667 333.3333333333333 71.0 324.6666666666667 77.0 320.0 83.0 
306.0 106.0 291.6666666666667 95.66666666666667 280.6666666666667 80.0 274.0 67.66666666666667 277.0 57.666666666666664 311.6666666666667 54.333333333333336 319.6666666666667 34.0 321.3333333333333 22.666666666666668 320.3333333333333 18.0 321.0 59.666666666666664 331.6666666666667 38.333333333333336 322.6666666666667 43.666666666666664 314.3333333333333 53.0 328.0 68.0 330.6666666666667 57.0 319.0 68.0 312.0 77.66666666666667 333.6666666666667 79.66666666666667 333.6666666666667 71.0 325.0 77.0 320.0 83.0 
306.0 105.66666666666667 292.0 95.33333333333333 281.0 79.66666666666667 274.3333333333333 67.33333333333333 277.6666666666667 57.333333333333336 312.0 54.0 320.0 34.0 321.6666666666667 22.666666666666668 320.6666666666667 18.0 321.0 59.666666666666664 332.0 38.0 323.0 43.333333333333336 314.6666666666667 53.0 328.3333333333333 68.0 331.0 57.0 319.0 68.0 312.3333333333333 77.33333333333333 334.0 79.33333333333333 334.0 71.0 325.0 77.0 320.3333333333333 83.0 
306.3333333333333 105.66666666666667 292.0 95.33333333333333 281.0 79.66666666666667 274.6666666666667 67.33333333333333 278.0 57.333333333333336 312.0 54.333333333333336 320.0 34.666666666666664 321.6666666666667 23.0 321.0 18.0 321.0 60.0 332.0 38.0 323.0 43.0 315.0 53.0 328.3333333333333 68.33333333333333 331.0 57.0 319.0 68.0 312.6666666666667 77.33333333333333 334.0 79.66666666666667 334.0 71.0 325.3333333333333 77.0 320.6666666666667 83.0 
306.6666666666667 105.33333333333333 292.0 95.0 281.0 79.33333333333333 275.0 67.0 278.0 57.0 312.0 54.666666666666664 320.0 34.333333333333336 322.0 23.0 321.0 18.0 321.3333333333333 60.0 332.0 38.0 323.0 43.0 315.0 53.0 328.6666666666667 68.33333333333333 331.0 57.0 319.0 68.0 313.0 77.0 334.0 79.66666666666667 334.0 71.0 325.6666666666667 77.0 321.0 83.0 
307.0 105.33333333333333 292.3333333333333 95.0 281.3333333333333 79.66666666666667 275.3333333333333 67.0 278.0 57.0 312.3333333333333 54.666666666666664 320.0 34.333333333333336 322.0 23.0 321.0 17.666666666666668 321.6666666666667 60.0 332.0 38.0 323.3333333333333 43.0 315.0 53.0 328.6666666666667 68.33333333333333 331.0 57.0 319.3333333333333 68.0 313.0 77.0 334.3333333333333 79.66666666666667 334.0 70.66666666666667 326.0 77.0 321.0 82.66666666666667 
307.0 105.0 292.6666666666667 95.0 281.6666666666667 79.33333333333333 275.6666666666667 67.0 278.0 57.0 312.6666666666667 54.333333333333336 320.3333333333333 34.0 322.3333333333333 23.0 321.3333333333333 17.666666666666668 322.0 59.666666666666664 332.3333333333333 38.0 323.6666666666667 43.0 315.3333333333333 53.0 329.0 68.0 331.3333333333333 57.0 319.6666666666667 68.0 313.3333333333333 77.0 334.6666666666667 79.33333333333333 334.3333333333333 70.66666666666667 326.0 77.0 321.0 82.66666666666667 
307.3333333333333 105.0 293.0 95.0 282.0 79.33333333333333 276.0 67.0 278.3333333333333 57.0 313.0 54.0 320.6666666666667 34.0 322.6666666666667 22.666666666666668 322.0 17.666666666666668 322.3333333333333 59.333333333333336 332.6666666666667 38.0 324.0 43.0 315.6666666666667 53.0 329.3333333333333 68.0 331.6666666666667 56.666666666666664 320.0 68.0 313.6666666666667 77.0 335.0 79.0 334.6666666666667 70.66666666666667 326.0 77.0 321.3333333333333 82.66666666666667 
307.6666666666667 105.0 293.0 95.0 282.3333333333333 79.0 276.0 67.0 278.6666666666667 57.0 313.0 54.0 321.0 34.0 323.0 22.666666666666668 322.6666666666667 18.0 322.6666666666667 59.0 333.0 38.0 324.0 43.0 316.0 53.0 329.6666666666667 68.0 332.3333333333333 56.333333333333336 320.3333333333333 67.66666666666667 314.0 77.0 335.3333333333333 79.0 335.0 71.0 326.0 77.0 321.6666666666667 83.0 
308.0 105.0 293.0 95.0 282.6666666666667 79.0 276.0 67.0 279.0 57.0 313.0 54.0 321.0 34.333333333333336 323.0 22.666666666666668 322.6666666666667 18.0 323.0 59.0 333.0 38.0 324.0 43.0 316.0 53.0 330.0 68.0 332.6666666666667 56.333333333333336 320.6666666666667 67.66666666666667 314.0 77.0 335.3333333333333 79.0 335.0 71.0 326.0 77.0 322.0 83.0 
307.6666666666667 105.0 293.0 95.0 283.0 79.0 276.0 67.0 279.0 56.666666666666664 313.3333333333333 54.333333333333336 321.3333333333333 35.0 323.3333333333333 23.333333333333332 322.6666666666667 18.0 322.6666666666667 59.333333333333336 332.6666666666667 38.333333333333336 323.6666666666667 43.333333333333336 315.6666666666667 53.0 329.6666666666667 68.33333333333333 333.0 56.333333333333336 321.0 67.33333333333333 314.0 76.66666666666667 335.3333333333333 79.33333333333333 335.6666666666667 70.66666666666667 326.6666666666667 76.66666666666667 322.0 82.66666666666667 
307.3333333333333 105.33333333333333 293.0 95.0 283.0 79.33333333333333 276.0 67.0 278.6666666666667 56.333333333333336 313.3333333333333 54.666666666666664 321.3333333333333 35.666666666666664 323.3333333333333 23.666666666666668 322.3333333333333 18.0 322.3333333333333 59.666666666666664 332.3333333333333 38.666666666666664 323.3333333333333 43.666666666666664 315.3333333333333 53.333333333333336 329.3333333333333 68.66666666666667 333.0 56.666666666666664 321.0 67.33333333333333 314.0 76.66666666666667 334.6666666666667 79.66666666666667 336.0 70.66666666666667 327.0 76.66666666666667 322.0 82.66666666666667 
307.0 105.33333333333333 293.0 95.0 282.6666666666667 79.33333333333333 276.0 67.0 278.3333333333333 56.0 313.3333333333333 54.666666666666664 321.3333333333333 35.333333333333336 323.3333333333333 23.666666666666668 322.3333333333333 18.0 322.0 60.0 332.0 39.0 323.0 44.0 315.0 53.666666666666664 329.0 69.0 333.0 56.666666666666664 321.0 67.33333333333333 313.6666666666667 76.66666666666667 334.6666666666667 80.0 336.3333333333333 70.66666666666667 327.3333333333333 76.66666666666667 322.0 82.66666666666667 
307.0 105.33333333333333 293.0 95.0 282.6666666666667 79.33333333333333 276.0 67.0 278.0 56.333333333333336 313.0 54.333333333333336 321.0 35.0 323.0 23.333333333333332 322.0 17.666666666666668 322.0 59.666666666666664 332.0 38.666666666666664 323.0 44.0 315.0 54.0 329.3333333333333 68.66666666666667 333.0 56.666666666666664 321.0 67.33333333333333 313.6666666666667 77.0 334.6666666666667 79.66666666666667 336.0 71.0 327.0 77.0 322.0 83.0 
307.3333333333333 105.0 293.0 95.0 282.6666666666667 79.0 276.0 66.66666666666667 278.3333333333333 56.333333333333336 313.0 54.333333333333336 321.0 34.666666666666664 323.0 23.0 322.3333333333333 17.666666666666668 322.0 59.666666666666664 332.0 38.333333333333336 323.0 44.0 315.0 53.666666666666664 329.6666666666667 68.33333333333333 333.0 56.333333333333336 321.0 67.33333333333333 313.6666666666667 76.66666666666667 335.0 79.66666666666667 336.0 71.0 327.0 77.0 322.0 82.66666666666667 
307.6666666666667 105.0 293.0 95.0 283.0 79.0 276.0 66.33333333333333 278.6666666666667 56.333333333333336 313.0 54.333333333333336 321.3333333333333 35.0 323.3333333333333 23.0 322.6666666666667 17.666666666666668 322.3333333333333 59.666666666666664 332.0 38.0 323.0 44.0 315.0 53.333333333333336 330.0 68.0 333.0 56.0 321.0 67.0 314.0 76.33333333333333 335.0 79.66666666666667 336.0 71.0 327.0 77.0 322.0 82.33333333333333 
308.0 105.0 293.0 95.0 282.6666666666667 79.0 276.0 66.0 279.0 56.0 313.0 54.333333333333336 321.3333333333333 34.666666666666664 323.6666666666667 23.0 323.0 18.0 322.3333333333333 59.666666666666664 332.3333333333333 38.0 323.3333333333333 44.0 315.0 53.0 329.6666666666667 68.0 333.0 56.0 321.0 67.0 314.0 76.33333333333333 335.0 80.0 336.0 71.0 327.0 77.0 322.0 82.33333333333333 
308.0 105.0 293.0 95.0 282.3333333333333 79.0 276.0 66.0 279.0 56.0 313.0 54.0 321.3333333333333 34.333333333333336 323.6666666666667 23.0 322.6666666666667 18.0 322.3333333333333 59.333333333333336 332.6666666666667 38.0 323.6666666666667 43.666666666666664 315.3333333333333 53.0 329.3333333333333 68.0 333.0 56.0 321.0 67.0 314.0 76.66666666666667 335.0 79.66666666666667 336.0 70.66666666666667 327.0 77.0 322.0 82.33333333333333 
308.0 105.0 293.0 95.0 282.0 79.0 276.0 66.0 279.0 56.0 313.0 54.0 321.0 34.0 323.3333333333333 22.666666666666668 322.6666666666667 18.0 322.0 59.0 333.0 38.0 324.0 43.333333333333336 315.6666666666667 53.0 329.0 68.0 333.0 56.0 321.0 67.0 314.0 77.0 335.0 79.33333333333333 336.0 70.33333333333333 327.0 77.0 322.0 82.33333333333333 
308.0 105.0 293.3333333333333 95.0 282.3333333333333 79.0 276.3333333333333 66.0 279.0 56.0 313.0 54.0 321.0 33.666666666666664 323.0 22.333333333333332 322.6666666666667 17.666666666666668 322.3333333333333 59.0 333.3333333333333 38.0 324.3333333333333 43.0 316.3333333333333 52.666666666666664 329.3333333333333 68.0 333.0 56.0 321.0 67.0 314.0 77.0 335.0 79.0 336.0 70.0 327.0 77.0 322.3333333333333 82.0 
308.0 105.0 293.6666666666667 95.0 282.6666666666667 79.0 276.6666666666667 66.0 279.0 56.0 313.3333333333333 54.0 321.3333333333333 33.666666666666664 323.3333333333333 22.0 323.0 17.333333333333332 322.6666666666667 59.0 333.6666666666667 38.0 324.6666666666667 43.0 316.6666666666667 52.666666666666664 329.6666666666667 68.0 333.3333333333333 56.0 321.0 67.0 314.0 77.0 335.3333333333333 79.0 336.0 70.0 327.0 77.0 322.3333333333333 82.0 
308.0 105.0 293.6666666666667 95.0 282.6666666666667 79.0 276.6666666666667 66.33333333333333 279.0 56.0 313.3333333333333 54.0 321.3333333333333 33.666666666666664 323.3333333333333 22.0 322.6666666666667 17.0 322.6666666666667 59.0 333.6666666666667 38.0 325.0 43.0 316.6666666666667 52.333333333333336 329.6666666666667 68.0 333.6666666666667 56.0 321.0 67.0 314.0 76.66666666666667 335.3333333333333 79.0 336.0 70.0 327.0 77.0 322.3333333333333 82.0 
307.6666666666667 105.0 293.3333333333333 94.66666666666667 282.3333333333333 79.0 276.3333333333333 66.33333333333333 279.0 56.0 313.0 53.666666666666664 321.0 34.0 323.0 22.0 322.0 17.0 322.3333333333333 59.0 333.3333333333333 38.0 324.6666666666667 43.0 316.3333333333333 52.666666666666664 329.3333333333333 68.0 333.6666666666667 56.0 321.0 67.0 314.0 76.66666666666667 335.3333333333333 79.33333333333333 336.0 70.0 327.0 77.0 321.6666666666667 82.0 
307.3333333333333 105.0 293.0 94.66666666666667 282.0 79.0 276.0 66.33333333333333 279.0 56.0 312.3333333333333 53.666666666666664 320.3333333333333 33.666666666666664 322.3333333333333 22.0 321.3333333333333 17.333333333333332 322.0 59.0 333.0 38.0 324.3333333333333 43.0 316.0 52.666666666666664 329.0 68.0 333.0 56.0 320.6666666666667 67.0 313.6666666666667 76.66666666666667 335.0 79.66666666666667 335.6666666666667 70.0 326.6666666666667 76.66666666666667 321.3333333333333 82.0 
307.0 105.0 293.0 94.33333333333333 282.0 78.66666666666667 276.0 65.66666666666667 279.0 55.666666666666664 312.0 53.333333333333336 320.0 33.333333333333336 322.3333333333333 22.0 321.3333333333333 17.666666666666668 322.0 59.0 333.0 38.0 324.0 43.0 316.0 53.0 329.0 68.0 332.6666666666667 56.0 320.6666666666667 67.0 313.3333333333333 76.66666666666667 334.6666666666667 79.66666666666667 335.3333333333333 70.0 326.3333333333333 76.33333333333333 321.0 82.0 
307.0 105.0 293.0 94.33333333333333 282.0 78.66666666666667 276.0 65.66666666666667 279.0 55.666666666666664 312.0 53.666666666666664 320.0 33.333333333333336 322.3333333333333 22.333333333333332 321.3333333333333 18.0 322.0 59.0 333.0 38.0 324.0 43.0 315.6666666666667 53.0 329.0 68.0 332.3333333333333 56.333333333333336 320.3333333333333 67.0 313.0 76.66666666666667 334.3333333333333 79.66666666666667 335.0 70.0 326.3333333333333 76.0 321.3333333333333 82.0 
307.0 105.0 293.0 94.0 282.0 78.66666666666667 276.0 65.66666666666667 279.0 55.333333333333336 312.0 53.666666666666664 320.0 33.333333333333336 322.3333333333333 22.333333333333332 321.3333333333333 17.666666666666668 322.0 59.0 333.0 38.0 324.0 43.0 315.3333333333333 52.666666666666664 329.0 68.0 332.6666666666667 56.333333333333336 320.6666666666667 67.0 313.3333333333333 76.33333333333333 334.3333333333333 79.33333333333333 335.0 70.0 326.3333333333333 76.0 321.6666666666667 82.0 
307.0 105.0 293.0 94.0 282.0 79.0 276.0 66.0 278.6666666666667 55.666666666666664 312.0 53.666666666666664 319.6666666666667 33.333333333333336 321.6666666666667 22.333333333333332 321.0 17.333333333333332 321.6666666666667 59.0 333.0 37.666666666666664 324.0 42.666666666666664 315.0 52.333333333333336 329.0 68.0 332.3333333333333 56.333333333333336 320.3333333333333 67.0 313.3333333333333 76.33333333333333 334.6666666666667 79.33333333333333 335.0 70.0 326.3333333333333 76.0 321.6666666666667 82.0 
307.0 105.0 292.6666666666667 94.0 282.0 79.0 275.6666666666667 66.0 278.6666666666667 55.666666666666664 312.0 53.333333333333336 319.3333333333333 33.0 321.3333333333333 22.0 321.0 17.0 321.3333333333333 59.0 333.0 37.666666666666664 324.0 42.333333333333336 315.0 52.0 328.6666666666667 68.0 332.3333333333333 56.0 320.3333333333333 67.0 313.3333333333333 76.0 334.6666666666667 79.0 335.0 70.0 326.0 76.0 321.3333333333333 82.0 
307.0 105.0 292.3333333333333 94.0 282.0 79.0 275.3333333333333 66.0 278.6666666666667 56.0 312.0 53.0 319.0 33.0 321.0 22.0 321.0 17.0 321.0 59.0 332.6666666666667 37.666666666666664 324.0 42.333333333333336 315.0 52.333333333333336 328.3333333333333 68.0 332.0 56.0 320.0 67.0 313.0 76.0 334.3333333333333 79.33333333333333 335.0 70.0 326.0 76.0 321.0 82.0 
307.0 105.0 292.3333333333333 94.0 282.0 79.0 275.0 66.0 279.0 56.0 312.0 53.333333333333336 319.0 33.0 321.0 22.0 321.0 17.0 321.0 59.0 332.3333333333333 38.0 324.0 42.333333333333336 315.0 52.333333333333336 328.3333333333333 68.0 332.0 56.0 320.0 67.0 313.0 76.33333333333333 334.0 79.33333333333333 335.0 70.0 326.0 76.0 321.0 82.0 
307.0 104.66666666666667 292.6666666666667 94.0 282.0 78.66666666666667 275.3333333333333 66.0 279.0 55.666666666666664 312.0 53.666666666666664 319.3333333333333 33.0 321.3333333333333 22.0 321.0 17.0 321.3333333333333 59.0 332.3333333333333 37.666666666666664 324.0 42.666666666666664 315.0 52.666666666666664 328.6666666666667 68.0 332.0 56.0 320.0 67.0 313.3333333333333 76.33333333333333 334.3333333333333 79.33333333333333 335.0 70.0 326.0 76.0 321.3333333333333 82.0 
307.0 104.33333333333333 293.0 94.0 282.0 78.33333333333333 275.3333333333333 66.0 278.6666666666667 55.333333333333336 312.0 53.666666666666664 319.6666666666667 33.0 321.6666666666667 22.0 321.3333333333333 17.0 321.6666666666667 58.666666666666664 332.3333333333333 37.333333333333336 324.0 42.333333333333336 315.0 52.333333333333336 329.0 67.66666666666667 332.0 56.0 320.0 67.0 313.3333333333333 76.33333333333333 334.6666666666667 79.0 335.0 70.0 326.0 76.0 321.3333333333333 82.0 
307.0 104.0 293.0 94.0 282.0 78.0 275.3333333333333 66.0 278.3333333333333 55.0 312.0 53.333333333333336 320.0 33.0 322.0 22.0 321.3333333333333 17.0 322.0 58.666666666666664 332.6666666666667 37.0 324.0 42.333333333333336 315.0 52.333333333333336 329.0 67.33333333333333 332.0 56.0 320.0 67.0 313.3333333333333 76.0 334.6666666666667 79.0 335.0 70.0 326.0 76.0 321.3333333333333 82.0 
307.0 104.33333333333333 292.6666666666667 94.0 282.0 78.33333333333333 275.0 66.0 278.0 55.333333333333336 312.0 53.0 320.0 33.333333333333336 322.0 22.333333333333332 321.3333333333333 17.333333333333332 321.6666666666667 58.666666666666664 332.6666666666667 37.333333333333336 324.0 42.0 315.0 52.0 328.6666666666667 67.33333333333333 332.0 56.0 320.0 67.0 313.0 76.0 334.3333333333333 79.0 335.0 70.0 326.0 76.0 321.0 81.66666666666667 
307.0 104.33333333333333 292.3333333333333 94.0 282.0 78.33333333333333 275.0 65.66666666666667 278.0 55.333333333333336 312.0 52.666666666666664 320.0 33.0 322.0 22.0 321.0 17.333333333333332 321.3333333333333 58.666666666666664 332.6666666666667 37.333333333333336 323.6666666666667 42.0 315.0 52.0 328.6666666666667 67.33333333333333 332.0 56.0 320.0 67.0 313.0 76.0 334.0 78.66666666666667 334.6666666666667 70.0 326.0 76.0 321.0 81.33333333333333 
307.0 104.33333333333333 292.0 94.0 281.6666666666667 78.33333333333333 275.0 65.66666666666667 278.0 55.666666666666664 312.0 52.666666666666664 320.0 33.0 322.0 22.0 321.0 17.666666666666668 321.0 58.666666666666664 332.6666666666667 37.666666666666664 323.6666666666667 42.0 315.0 52.0 328.3333333333333 67.66666666666667 332.0 56.0 320.0 67.0 312.6666666666667 76.0 334.0 78.66666666666667 334.6666666666667 69.66666666666667 326.0 75.66666666666667 321.0 81.0 
307.0 104.0 292.0 94.0 281.3333333333333 78.0 275.0 65.66666666666667 278.0 55.333333333333336 312.0 52.666666666666664 320.0 32.333333333333336 322.0 21.333333333333332 321.0 17.666666666666668 321.0 58.333333333333336 332.3333333333333 37.333333333333336 323.3333333333333 42.0 315.0 52.0 328.3333333333333 67.33333333333333 332.0 56.0 320.0 67.0 312.6666666666667 76.0 334.0 78.66666666666667 334.3333333333333 69.66666666666667 326.0 75.66666666666667 321.0 81.33333333333333 
307.0 104.0 292.0 94.0 281.0 78.0 275.0 66.0 278.0 55.333333333333336 312.0 53.0 319.6666666666667 32.666666666666664 322.0 21.666666666666668 321.0 17.666666666666668 321.0 58.333333333333336 332.6666666666667 37.666666666666664 323.6666666666667 42.0 315.0 52.0 328.0 67.33333333333333 332.0 56.0 320.0 67.0 312.3333333333333 76.0 334.0 79.0 334.6666666666667 69.33333333333333 326.0 75.33333333333333 321.0 81.33333333333333 
307.0 104.0 292.0 93.66666666666667 281.3333333333333 78.0 275.0 65.66666666666667 278.0 55.0 312.0 52.666666666666664 319.6666666666667 32.333333333333336 322.0 21.333333333333332 321.3333333333333 17.333333333333332 321.3333333333333 58.0 332.6666666666667 37.333333333333336 323.6666666666667 42.0 315.0 52.0 328.3333333333333 67.0 332.0 56.0 320.0 67.0 312.6666666666667 76.0 334.3333333333333 78.66666666666667 334.3333333333333 69.33333333333333 326.0 75.66666666666667 321.0 81.33333333333333 
307.0 104.0 292.3333333333333 93.33333333333333 281.6666666666667 78.0 275.3333333333333 65.66666666666667 278.3333333333333 55.333333333333336 312.3333333333333 52.666666666666664 320.0 32.666666666666664 322.3333333333333 21.666666666666668 321.6666666666667 17.0 321.6666666666667 58.333333333333336 333.0 37.333333333333336 324.0 42.0 315.3333333333333 52.0 328.6666666666667 67.0 332.0 56.0 320.0 67.0 312.6666666666667 76.0 334.6666666666667 78.66666666666667 334.6666666666667 69.0 326.0 75.33333333333333 321.0 81.0 
307.0 104.0 292.6666666666667 93.0 282.0 78.0 275.6666666666667 65.33333333333333 278.6666666666667 55.333333333333336 312.3333333333333 52.333333333333336 320.3333333333333 32.333333333333336 322.6666666666667 21.333333333333332 322.0 17.0 322.0 58.333333333333336 333.0 37.0 324.3333333333333 42.0 315.6666666666667 52.0 329.0 67.0 332.0 56.0 320.3333333333333 67.0 313.3333333333333 76.0 335.0 78.33333333333333 334.6666666666667 69.0 326.0 75.66666666666667 321.3333333333333 81.33333333333333 
307.0 104.0 293.0 93.0 282.0 78.0 276.0 65.33333333333333 279.0 55.333333333333336 312.6666666666667 52.333333333333336 320.6666666666667 32.333333333333336 323.0 21.333333333333332 322.3333333333333 17.0 322.0 58.333333333333336 333.3333333333333 37.0 324.6666666666667 42.0 316.0 52.0 329.0 67.0 332.3333333333333 56.0 320.6666666666667 67.0 313.3333333333333 76.0 335.0 78.66666666666667 335.0 69.0 326.3333333333333 75.33333333333333 321.3333333333333 81.33333333333333 
307.0 104.0 293.0 93.0 282.0 78.0 276.0 65.0 279.0 55.0 312.6666666666667 52.0 320.6666666666667 32.0 323.0 21.0 322.3333333333333 17.0 322.0 58.0 333.3333333333333 37.0 324.6666666666667 42.0 316.0 52.0 329.0 67.0 332.6666666666667 56.0 321.0 67.0 313.3333333333333 76.0 335.0 78.66666666666667 335.0 69.0 326.6666666666667 75.66666666666667 321.6666666666667 81.33333333333333 
307.0 104.0 293.0 93.0 282.0 78.0 276.0 65.0 279.0 55.0 313.0 52.333333333333336 321.0 32.333333333333336 323.0 21.0 322.6666666666667 17.0 322.0 58.0 333.3333333333333 37.0 324.3333333333333 42.0 316.0 52.0 329.0 67.0 333.0 56.0 321.0 67.0 313.3333333333333 76.0 335.0 79.0 335.3333333333333 69.0 327.0 75.66666666666667 321.6666666666667 81.0 
307.0 104.0 293.0 93.33333333333333 282.0 78.0 276.0 65.0 279.0 55.0 313.0 52.666666666666664 321.0 32.666666666666664 323.0 21.333333333333332 322.6666666666667 17.0 322.0 58.333333333333336 333.3333333333333 37.0 324.3333333333333 42.0 316.3333333333333 52.0 329.0 67.0 333.0 56.0 321.0 66.66666666666667 313.6666666666667 76.0 335.0 79.0 335.6666666666667 69.33333333333333 327.0 76.0 322.0 81.0 
307.0 104.0 293.0 93.66666666666667 282.3333333333333 78.0 276.0 65.0 279.0 55.0 313.0 53.0 321.0 33.0 323.3333333333333 21.333333333333332 323.0 17.0 322.3333333333333 58.333333333333336 333.3333333333333 37.0 324.3333333333333 42.0 316.3333333333333 52.0 329.3333333333333 67.0 333.0 55.666666666666664 321.0 66.33333333333333 314.0 76.0 335.3333333333333 78.66666666666667 336.0 69.66666666666667 327.0 76.0 322.0 81.0 
307.3333333333333 104.0 293.3333333333333 94.0 282.6666666666667 78.0 276.0 65.0 279.3333333333333 55.0 313.0 53.0 321.0 33.0 323.3333333333333 21.333333333333332 322.6666666666667 17.0 322.3333333333333 58.333333333333336 333.6666666666667 37.0 324.6666666666667 42.0 316.3333333333333 52.0 329.6666666666667 67.0 333.0 55.333333333333336 321.0 66.33333333333333 314.0 76.0 335.3333333333333 78.66666666666667 336.0 69.66666666666667 327.0 76.0 321.6666666666667 81.33333333333333 
307.6666666666667 104.0 293.3333333333333 94.0 283.0 78.0 276.0 65.0 279.6666666666667 55.0 313.0 53.0 321.0 33.0 323.3333333333333 21.0 322.3333333333333 16.666666666666668 322.6666666666667 58.0 333.3333333333333 37.0 324.3333333333333 42.0 316.0 52.0 330.0 67.0 333.0 55.333333333333336 321.0 66.66666666666667 314.0 76.0 335.6666666666667 78.33333333333333 336.0 69.33333333333333 326.6666666666667 76.0 321.3333333333333 81.66666666666667 
308.0 104.0 293.6666666666667 94.0 283.0 78.0 276.0 65.0 279.6666666666667 55.0 313.0 53.0 321.0 33.0 323.0 21.0 322.0 16.333333333333332 322.6666666666667 58.0 333.3333333333333 37.0 324.3333333333333 42.0 316.0 52.0 330.0 67.0 333.0 55.666666666666664 321.0 67.0 314.0 76.0 335.6666666666667 78.33333333333333 336.0 69.0 326.6666666666667 76.0 321.0 82.0 
308.0 104.0 293.3333333333333 94.0 283.0 78.0 276.0 65.0 279.6666666666667 55.0 313.3333333333333 53.0 321.0 32.666666666666664 323.0 21.0 322.0 16.0 323.0 58.0 333.0 37.0 324.0 42.0 316.0 52.0 330.0 67.0 333.0 55.666666666666664 321.0 66.66666666666667 314.0 76.0 336.0 78.33333333333333 336.0 69.0 326.6666666666667 76.0 321.3333333333333 82.0 
308.0 104.0 293.6666666666667 94.0 283.0 78.0 276.3333333333333 65.0 279.6666666666667 55.0 313.6666666666667 53.0 321.3333333333333 32.333333333333336 323.3333333333333 21.0 322.3333333333333 16.0 323.0 58.0 333.3333333333333 37.0 324.3333333333333 42.0 316.0 52.0 330.0 67.0 333.0 55.333333333333336 321.0 66.66666666666667 314.0 76.0 336.0 78.33333333333333 336.0 69.0 327.0 76.0 321.6666666666667 82.0 
308.0 104.0 293.6666666666667 93.66666666666667 283.0 77.66666666666667 276.6666666666667 65.0 280.0 55.0 314.0 52.666666666666664 321.6666666666667 32.0 323.6666666666667 20.666666666666668 322.6666666666667 15.666666666666666 323.3333333333333 58.0 334.0 37.0 325.0 41.666666666666664 316.3333333333333 51.666666666666664 330.3333333333333 67.0 333.0 55.0 321.0 66.33333333333333 314.3333333333333 76.0 336.0 78.33333333333333 336.0 69.0 327.0 75.66666666666667 322.0 81.66666666666667 
308.0 104.0 294.0 93.33333333333333 283.0 77.33333333333333 277.0 65.0 280.3333333333333 54.666666666666664 314.3333333333333 52.666666666666664 322.3333333333333 32.0 324.3333333333333 20.666666666666668 323.3333333333333 15.666666666666666 323.6666666666667 58.0 334.6666666666667 37.0 325.6666666666667 41.333333333333336 317.0 51.333333333333336 330.6666666666667 67.0 333.3333333333333 55.0 321.3333333333333 66.33333333333333 314.6666666666667 76.0 336.3333333333333 78.0 336.3333333333333 69.0 327.3333333333333 75.33333333333333 322.3333333333333 81.33333333333333 
