191.0 21.0 148.0 9.0 105.0 10.0 75.0 21.0 56.0 30.0 98.0 6.0 52.0 10.0 25.0 17.0 3.0 25.0 103.0 23.0 57.0 24.0 30.0 30.0 8.0 35.0 113.0 41.0 75.0 40.0 52.0 40.0 34.0 40.0 127.0 60.0 106.0 54.0 100.0 46.0 98.0 40.0 
303.0 31.0 279.5 10.0 247.0 -1.0 220.0 -1.0 200.5 2.5 233.5 7.0 190.0 4.0 167.0 3.5 151.0 4.5 231.0 25.5 187.5 21.0 165.0 18.0 150.0 16.0 234.0 42.0 196.5 36.0 176.5 29.5 163.5 24.5 240.0 55.5 216.0 47.0 206.0 37.5 201.5 30.0 
346.0 35.666666666666664 329.6666666666667 10.333333333333334 301.0 -6.0 274.6666666666667 -10.666666666666666 254.66666666666666 -9.0 286.0 6.666666666666667 243.0 -0.3333333333333333 220.66666666666666 -4.333333333333333 206.0 -6.0 280.3333333333333 26.666666666666668 236.33333333333334 18.333333333333332 215.0 11.666666666666666 201.66666666666666 7.0 280.0 43.666666666666664 240.66666666666666 34.666666666666664 221.66666666666666 25.333333333333332 210.0 18.0 282.3333333333333 56.0 255.66666666666666 45.333333333333336 244.33333333333334 34.666666666666664 239.33333333333334 26.0 
430.3333333333333 45.0 427.0 12.666666666666666 405.0 -12.666666666666666 380.6666666666667 -25.666666666666668 360.3333333333333 -28.333333333333332 387.0 8.0 346.0 -6.0 326.3333333333333 -16.333333333333332 315.0 -23.666666666666668 376.0 29.666666666666668 332.3333333333333 15.333333333333334 313.3333333333333 2.0 304.3333333333333 -7.666666666666667 370.3333333333333 46.666666666666664 329.3333333333333 33.666666666666664 312.6666666666667 19.333333333333332 304.6666666666667 8.0 366.6666666666667 56.333333333333336 336.3333333333333 43.333333333333336 323.3333333333333 31.0 317.6666666666667 20.333333333333332 
441.6666666666667 48.666666666666664 438.3333333333333 15.666666666666666 416.6666666666667 -11.333333333333334 393.0 -26.0 372.6666666666667 -29.666666666666668 400.0 9.666666666666666 358.0 -6.666666666666667 338.0 -18.666666666666668 326.3333333333333 -27.333333333333332 389.0 31.666666666666668 343.3333333333333 14.666666666666666 324.0 0.3333333333333333 315.3333333333333 -10.0 382.6666666666667 49.0 339.3333333333333 35.333333333333336 323.0 20.0 316.0 8.0 378.3333333333333 60.0 345.6666666666667 47.0 332.3333333333333 34.0 327.0 22.333333333333332 
448.6666666666667 51.333333333333336 436.6666666666667 34.666666666666664 410.3333333333333 16.333333333333332 386.0 1.6666666666666667 367.3333333333333 -6.333333333333333 401.0 24.333333333333332 359.6666666666667 8.666666666666666 341.6666666666667 -3.0 331.3333333333333 -12.0 396.6666666666667 33.0 351.6666666666667 15.333333333333334 332.3333333333333 1.6666666666666667 323.6666666666667 -8.333333333333334 396.0 38.666666666666664 355.0 24.0 338.6666666666667 9.666666666666666 331.6666666666667 -1.6666666666666667 396.6666666666667 41.666666666666664 366.0 28.666666666666668 352.0 16.666666666666668 345.3333333333333 6.0 
451.6666666666667 52.333333333333336 432.0 51.333333333333336 402.0 39.0 377.6666666666667 23.0 361.0 11.0 399.3333333333333 36.0 357.6666666666667 20.0 340.6666666666667 7.666666666666667 332.0 -2.0 401.3333333333333 32.666666666666664 357.3333333333333 13.666666666666666 338.6666666666667 -0.3333333333333333 330.6666666666667 -10.333333333333334 406.6666666666667 27.333333333333332 368.0 9.333333333333334 351.6666666666667 -4.666666666666667 344.6666666666667 -15.333333333333334 412.3333333333333 22.333333333333332 383.6666666666667 7.333333333333333 368.6666666666667 -4.0 360.6666666666667 -13.666666666666666 
452.3333333333333 53.0 427.6666666666667 63.0 394.6666666666667 54.666666666666664 370.3333333333333 37.666666666666664 355.3333333333333 22.333333333333332 396.3333333333333 44.666666666666664 357.0 26.333333333333332 342.3333333333333 12.666666666666666 335.3333333333333 2.3333333333333335 402.3333333333333 33.666666666666664 361.6666666666667 12.0 345.0 -2.6666666666666665 337.6666666666667 -12.333333333333334 411.0 21.333333333333332 375.6666666666667 0.0 361.0 -13.666666666666666 354.3333333333333 -23.666666666666668 419.3333333333333 10.666666666666666 393.0 -6.0 379.6666666666667 -17.333333333333332 372.3333333333333 -25.666666666666668 
452.6666666666667 52.0 435.3333333333333 49.666666666666664 406.0 33.333333333333336 382.6666666666667 15.333333333333334 366.3333333333333 1.6666666666666667 401.3333333333333 34.0 362.6666666666667 11.666666666666666 349.0 -4.333333333333333 343.0 -15.666666666666666 402.3333333333333 33.0 363.0 7.666666666666667 351.0 -8.666666666666666 347.3333333333333 -18.666666666666668 406.0 29.333333333333332 370.6666666666667 5.0 361.6666666666667 -10.0 360.0 -19.333333333333332 410.0 25.333333333333332 382.6666666666667 6.0 374.0 -6.666666666666667 371.3333333333333 -14.333333333333334 
389.3333333333333 47.0 389.3333333333333 45.0 380.0 30.666666666666668 370.3333333333333 15.0 362.6666666666667 2.6666666666666665 374.0 34.0 361.0 15.666666666666666 359.3333333333333 0.6666666666666666 360.0 -10.666666666666666 369.3333333333333 31.0 356.6666666666667 8.0 358.3333333333333 -7.0 362.3333333333333 -16.666666666666668 365.3333333333333 26.333333333333332 353.6666666666667 3.3333333333333335 355.3333333333333 -10.0 359.0 -18.0 362.0 21.666666666666668 351.6666666666667 3.3333333333333335 351.6666666666667 -7.666666666666667 354.0 -13.333333333333334 
330.0 41.0 344.0 43.0 352.6666666666667 33.333333333333336 356.6666666666667 20.333333333333332 358.3333333333333 9.0 349.3333333333333 34.666666666666664 359.6666666666667 21.666666666666668 368.3333333333333 8.333333333333334 374.6666666666667 -3.0 341.3333333333333 26.333333333333332 351.6666666666667 7.0 363.6666666666667 -6.0 372.6666666666667 -15.0 332.6666666666667 18.0 341.3333333333333 -3.3333333333333335 351.0 -15.0 358.6666666666667 -21.666666666666668 324.6666666666667 10.666666666666666 329.3333333333333 -7.0 336.0 -16.333333333333332 341.6666666666667 -21.0 
272.3333333333333 36.0 295.6666666666667 49.0 320.3333333333333 46.333333333333336 338.3333333333333 34.666666666666664 350.0 22.666666666666668 324.0 40.666666666666664 358.0 33.0 376.3333333333333 21.333333333333332 387.6666666666667 10.0 315.3333333333333 22.333333333333332 349.3333333333333 7.333333333333333 368.3333333333333 -3.6666666666666665 379.6666666666667 -12.0 305.3333333333333 5.666666666666667 334.3333333333333 -12.0 347.6666666666667 -21.666666666666668 355.6666666666667 -27.666666666666668 295.0 -7.333333333333333 315.0 -21.666666666666668 324.6666666666667 -28.333333333333332 330.6666666666667 -32.666666666666664 
281.3333333333333 35.0 303.6666666666667 46.666666666666664 327.6666666666667 42.666666666666664 346.0 30.666666666666668 357.6666666666667 18.666666666666668 333.3333333333333 36.333333333333336 366.0 27.333333333333332 382.6666666666667 15.333333333333334 392.3333333333333 3.6666666666666665 324.6666666666667 19.333333333333332 355.6666666666667 3.3333333333333335 371.6666666666667 -7.666666666666667 379.6666666666667 -15.333333333333334 315.0 4.0 340.6666666666667 -13.333333333333334 352.0 -23.0 358.6666666666667 -28.666666666666668 305.3333333333333 -7.666666666666667 323.0 -21.333333333333332 331.0 -28.0 336.0 -32.666666666666664 
288.6666666666667 34.333333333333336 310.6666666666667 45.0 334.6666666666667 39.666666666666664 352.6666666666667 27.666666666666668 363.6666666666667 15.666666666666666 340.3333333333333 33.0 372.3333333333333 23.0 388.0 11.333333333333334 396.6666666666667 0.3333333333333333 331.3333333333333 17.0 360.6666666666667 0.0 375.3333333333333 -11.0 382.3333333333333 -18.666666666666668 321.6666666666667 2.6666666666666665 346.0 -14.666666666666666 356.6666666666667 -24.0 362.3333333333333 -29.333333333333332 312.3333333333333 -8.0 329.6666666666667 -22.0 336.6666666666667 -28.333333333333332 341.0 -32.666666666666664 
293.3333333333333 33.333333333333336 315.6666666666667 44.0 339.6666666666667 38.333333333333336 358.0 27.0 369.3333333333333 15.0 345.0 30.666666666666668 376.6666666666667 20.333333333333332 391.6666666666667 8.666666666666666 400.0 -2.3333333333333335 336.0 15.0 364.0 -2.0 378.0 -13.0 384.6666666666667 -20.666666666666668 326.0 1.6666666666666667 349.6666666666667 -16.0 360.3333333333333 -24.666666666666668 365.6666666666667 -30.333333333333332 316.6666666666667 -8.666666666666666 334.0 -23.0 341.3333333333333 -29.333333333333332 345.3333333333333 -33.666666666666664 
292.3333333333333 32.0 315.0 43.0 339.6666666666667 38.0 359.0 28.0 371.0 17.333333333333332 343.0 29.666666666666668 375.6666666666667 19.666666666666668 391.6666666666667 8.666666666666666 401.3333333333333 -1.6666666666666667 334.0 14.0 362.3333333333333 -2.0 377.3333333333333 -12.333333333333334 385.0 -20.333333333333332 324.0 0.6666666666666666 348.0 -16.333333333333332 359.6666666666667 -24.0 365.6666666666667 -29.666666666666668 315.0 -9.333333333333334 332.6666666666667 -23.666666666666668 341.0 -29.666666666666668 345.6666666666667 -34.0 
286.3333333333333 30.666666666666668 309.6666666666667 41.666666666666664 335.3333333333333 37.666666666666664 356.0 28.666666666666668 369.6666666666667 19.333333333333332 336.0 28.666666666666668 370.0 20.666666666666668 387.6666666666667 11.0 399.0 1.3333333333333333 327.0 12.666666666666666 357.3333333333333 -1.0 374.3333333333333 -10.0 384.3333333333333 -17.666666666666668 317.3333333333333 -1.0 343.0 -16.666666666666668 356.6666666666667 -23.333333333333332 364.6666666666667 -28.666666666666668 308.6666666666667 -11.333333333333334 327.3333333333333 -25.0 337.6666666666667 -30.333333333333332 344.0 -34.666666666666664 
279.3333333333333 29.333333333333332 302.3333333333333 40.666666666666664 328.0 38.333333333333336 349.0 30.0 363.3333333333333 21.666666666666668 326.0 29.333333333333332 361.3333333333333 23.666666666666668 381.3333333333333 16.666666666666668 395.3333333333333 9.333333333333334 318.3333333333333 13.333333333333334 352.3333333333333 2.6666666666666665 372.6666666666667 -4.0 386.0 -10.333333333333334 310.3333333333333 -1.3333333333333333 339.0 -15.0 355.6666666666667 -20.333333333333332 366.3333333333333 -24.0 303.0 -12.666666666666666 324.0 -25.333333333333332 336.0 -29.666666666666668 344.3333333333333 -33.0 
273.6666666666667 29.0 296.6666666666667 41.0 321.6666666666667 39.666666666666664 342.3333333333333 31.0 356.0 22.333333333333332 318.6666666666667 31.666666666666668 354.3333333333333 28.666666666666668 375.3333333333333 23.333333333333332 391.0 18.0 312.0 15.0 348.6666666666667 6.666666666666667 371.0 1.3333333333333333 387.0 -4.0 305.3333333333333 -0.6666666666666666 336.6666666666667 -12.666666666666666 355.6666666666667 -17.666666666666668 368.3333333333333 -20.666666666666668 299.0 -13.0 321.6666666666667 -25.0 335.0 -29.0 344.3333333333333 -32.333333333333336 
270.6666666666667 28.666666666666668 293.0 42.0 316.6666666666667 42.0 336.6666666666667 33.666666666666664 349.3333333333333 25.0 314.0 35.0 349.6666666666667 33.0 371.0 28.333333333333332 388.0 23.666666666666668 308.3333333333333 18.0 346.6666666666667 10.666666666666666 370.6666666666667 5.333333333333333 388.3333333333333 0.3333333333333333 302.0 1.0 335.3333333333333 -10.0 356.0 -15.666666666666666 370.3333333333333 -19.0 296.0 -12.0 319.6666666666667 -24.333333333333332 334.0 -28.666666666666668 344.0 -32.333333333333336 
264.6666666666667 28.666666666666668 286.3333333333333 42.0 309.6666666666667 41.666666666666664 329.6666666666667 33.666666666666664 342.6666666666667 25.333333333333332 305.3333333333333 35.666666666666664 340.3333333333333 33.0 360.6666666666667 27.666666666666668 376.3333333333333 22.0 298.6666666666667 19.0 335.6666666666667 10.666666666666666 358.3333333333333 5.0 374.6666666666667 -0.3333333333333333 291.6666666666667 2.3333333333333335 324.3333333333333 -8.666666666666666 344.0 -14.666666666666666 357.0 -18.666666666666668 286.0 -10.0 309.0 -22.333333333333332 323.0 -27.0 332.0 -31.0 
256.3333333333333 27.666666666666668 276.6666666666667 40.333333333333336 301.0 39.333333333333336 321.6666666666667 31.0 335.3333333333333 21.666666666666668 294.0 33.666666666666664 328.0 29.0 348.0 23.333333333333332 362.6666666666667 16.666666666666668 286.3333333333333 18.0 321.6666666666667 8.0 343.0 1.3333333333333333 358.0 -4.0 279.3333333333333 2.6666666666666665 310.0 -9.0 328.3333333333333 -15.333333333333334 340.6666666666667 -20.0 273.3333333333333 -8.666666666666666 295.3333333333333 -21.0 308.6666666666667 -26.0 317.3333333333333 -30.333333333333332 
246.33333333333334 26.0 265.3333333333333 37.333333333333336 290.6666666666667 34.666666666666664 312.0 26.0 326.6666666666667 16.666666666666668 282.6666666666667 30.0 315.3333333333333 23.333333333333332 335.0 16.333333333333332 348.3333333333333 9.0 273.6666666666667 15.666666666666666 305.6666666666667 4.0 324.0 -3.6666666666666665 337.0 -9.666666666666666 266.3333333333333 2.3333333333333335 293.6666666666667 -10.333333333333334 309.3333333333333 -16.666666666666668 319.3333333333333 -21.666666666666668 260.3333333333333 -8.0 280.6666666666667 -19.666666666666668 292.0 -24.333333333333332 299.0 -29.0 
237.0 26.0 255.66666666666666 35.666666666666664 282.0 31.666666666666668 303.3333333333333 22.0 317.0 11.333333333333334 276.6666666666667 27.333333333333332 307.0 19.0 326.0 11.0 338.6666666666667 3.0 267.3333333333333 13.666666666666666 295.0 -0.3333333333333333 310.3333333333333 -9.666666666666666 321.3333333333333 -16.666666666666668 259.0 1.3333333333333333 282.6666666666667 -13.0 295.3333333333333 -20.666666666666668 303.3333333333333 -26.0 251.33333333333334 -8.333333333333334 269.3333333333333 -20.666666666666668 278.3333333333333 -26.0 284.0 -31.666666666666668 
230.33333333333334 27.0 249.0 35.0 275.0 30.0 295.6666666666667 19.666666666666668 308.6666666666667 9.0 273.6666666666667 24.666666666666668 302.3333333333333 15.666666666666666 320.3333333333333 7.0 332.6666666666667 -0.6666666666666666 264.0 12.0 288.0 -3.0 300.3333333333333 -13.0 309.3333333333333 -21.0 254.0 0.6666666666666666 274.3333333333333 -14.666666666666666 283.6666666666667 -22.666666666666668 288.6666666666667 -28.0 245.0 -8.333333333333334 260.6666666666667 -21.0 267.0 -26.666666666666668 270.3333333333333 -32.333333333333336 
195.33333333333334 38.666666666666664 219.66666666666666 41.0 246.33333333333334 30.0 266.3333333333333 16.0 278.0 2.0 247.66666666666666 26.666666666666668 281.0 13.333333333333334 297.0 0.3333333333333333 307.0 -10.666666666666666 235.66666666666666 16.333333333333332 262.6666666666667 -3.6666666666666665 272.6666666666667 -20.0 277.6666666666667 -31.0 221.0 6.666666666666667 240.66666666666666 -14.666666666666666 247.0 -28.333333333333332 249.66666666666666 -36.666666666666664 206.0 -1.3333333333333333 216.33333333333334 -19.333333333333332 219.66666666666666 -29.666666666666668 221.33333333333334 -38.0 
167.33333333333334 47.0 182.33333333333334 40.333333333333336 200.66666666666666 20.666666666666668 215.33333333333334 1.3333333333333333 225.0 -15.666666666666666 214.0 25.333333333333332 252.33333333333334 6.333333333333333 267.3333333333333 -10.333333333333334 275.3333333333333 -23.0 209.66666666666666 22.0 243.33333333333334 -3.0 253.0 -24.0 255.66666666666666 -37.333333333333336 202.33333333333334 18.0 228.0 -8.0 235.0 -26.666666666666668 236.66666666666666 -39.0 193.0 13.333333333333334 209.0 -7.333333333333333 215.0 -21.666666666666668 217.66666666666666 -33.666666666666664 
142.66666666666666 53.333333333333336 157.33333333333334 43.0 171.0 18.666666666666668 180.0 -5.0 185.33333333333334 -24.333333333333332 191.66666666666666 30.666666666666668 235.66666666666666 9.333333333333334 251.33333333333334 -9.666666666666666 257.6666666666667 -24.666666666666668 188.33333333333334 29.0 228.33333333333334 0.6666666666666666 238.66666666666666 -24.666666666666668 239.0 -40.0 181.0 25.0 210.66666666666666 -5.333333333333333 219.0 -28.333333333333332 220.66666666666666 -43.333333333333336 170.66666666666666 18.666666666666668 187.33333333333334 -6.333333333333333 194.66666666666666 -24.0 198.0 -38.333333333333336 
154.66666666666666 50.666666666666664 154.66666666666666 36.0 158.66666666666666 10.0 161.33333333333334 -15.333333333333334 162.66666666666666 -35.0 191.33333333333334 26.666666666666668 235.33333333333334 8.0 252.66666666666666 -9.0 260.0 -22.0 197.33333333333334 30.0 238.0 3.0 249.33333333333334 -20.0 250.0 -34.666666666666664 200.33333333333334 30.0 233.0 1.3333333333333333 242.0 -21.0 243.33333333333334 -36.333333333333336 200.33333333333334 27.0 224.0 4.0 233.66666666666666 -13.0 237.33333333333334 -27.666666666666668 
167.66666666666666 49.0 167.66666666666666 34.666666666666664 172.33333333333334 9.666666666666666 176.0 -14.0 178.0 -32.333333333333336 202.66666666666666 26.333333333333332 244.33333333333334 10.666666666666666 262.3333333333333 -5.0 271.3333333333333 -18.0 207.66666666666666 29.333333333333332 246.0 6.0 258.6666666666667 -15.333333333333334 262.0 -29.666666666666668 209.66666666666666 29.0 239.33333333333334 2.6666666666666665 249.0 -18.333333333333332 252.33333333333334 -33.0 209.33333333333334 25.666666666666668 229.66666666666666 3.6666666666666665 239.0 -12.666666666666666 243.0 -26.666666666666668 
226.33333333333334 46.0 229.33333333333334 33.0 240.66666666666666 11.0 251.0 -10.0 259.3333333333333 -27.333333333333332 254.66666666666666 23.333333333333332 292.0 10.333333333333334 311.3333333333333 -4.333333333333333 323.6666666666667 -17.333333333333332 255.33333333333334 24.0 292.0 5.666666666666667 308.3333333333333 -11.0 317.0 -24.0 256.0 22.333333333333332 285.6666666666667 2.0 299.0 -14.0 307.0 -25.666666666666668 255.66666666666666 19.666666666666668 277.3333333333333 1.3333333333333333 289.0 -10.666666666666666 296.0 -21.333333333333332 
278.3333333333333 43.0 293.6666666666667 36.0 315.3333333333333 17.333333333333332 333.3333333333333 -1.3333333333333333 346.3333333333333 -17.333333333333332 313.6666666666667 24.666666666666668 348.3333333333333 10.0 366.3333333333333 -4.0 378.3333333333333 -16.666666666666668 305.3333333333333 18.333333333333332 337.6666666666667 1.0 353.3333333333333 -14.0 363.0 -26.0 297.6666666666667 11.333333333333334 323.0 -7.333333333333333 336.6666666666667 -20.333333333333332 345.6666666666667 -30.0 290.3333333333333 4.333333333333333 307.6666666666667 -13.0 318.3333333333333 -22.333333333333332 325.3333333333333 -30.333333333333332 
327.6666666666667 44.333333333333336 345.6666666666667 49.333333333333336 369.0 40.333333333333336 389.0 27.0 404.3333333333333 11.666666666666666 355.6666666666667 30.333333333333332 392.0 18.333333333333332 414.3333333333333 6.0 431.3333333333333 -5.333333333333333 344.0 15.0 378.6666666666667 0.3333333333333333 400.3333333333333 -11.0 416.3333333333333 -20.666666666666668 335.3333333333333 1.3333333333333333 364.3333333333333 -13.0 383.0 -21.0 397.6666666666667 -27.0 328.0 -9.0 348.0 -23.0 362.6666666666667 -27.666666666666668 374.6666666666667 -31.0 
332.0 46.333333333333336 341.3333333333333 57.0 356.0 51.333333333333336 372.0 40.666666666666664 386.0 26.666666666666668 351.3333333333333 32.666666666666664 388.0 20.0 411.0 7.666666666666667 429.3333333333333 -3.0 346.6666666666667 16.333333333333332 380.3333333333333 -0.6666666666666666 402.0 -12.0 419.6666666666667 -21.333333333333332 344.0 2.6666666666666665 370.6666666666667 -14.0 388.3333333333333 -23.0 403.0 -30.0 342.0 -7.333333333333333 361.0 -21.0 375.0 -26.666666666666668 386.6666666666667 -31.0 
341.6666666666667 67.33333333333333 337.3333333333333 69.33333333333333 345.0 58.0 360.0 45.333333333333336 375.3333333333333 28.666666666666668 349.6666666666667 50.666666666666664 391.0 37.333333333333336 419.6666666666667 24.333333333333332 443.6666666666667 13.0 356.6666666666667 46.666666666666664 403.6666666666667 30.333333333333332 434.3333333333333 19.0 459.3333333333333 9.0 364.6666666666667 41.333333333333336 406.0 26.666666666666668 432.3333333333333 16.0 453.6666666666667 6.0 371.6666666666667 36.0 402.3333333333333 24.0 423.3333333333333 16.333333333333332 440.6666666666667 8.666666666666666 
418.6666666666667 52.666666666666664 402.0 42.333333333333336 392.0 31.666666666666668 391.0 26.666666666666668 394.3333333333333 20.333333333333332 402.6666666666667 35.333333333333336 407.3333333333333 33.333333333333336 413.3333333333333 29.0 420.3333333333333 25.333333333333332 414.0 48.0 424.0 45.333333333333336 430.3333333333333 40.666666666666664 437.6666666666667 35.333333333333336 423.6666666666667 57.666666666666664 431.3333333333333 56.0 435.0 50.666666666666664 439.0 43.666666666666664 430.6666666666667 64.33333333333333 435.0 63.333333333333336 436.0 59.666666666666664 436.3333333333333 54.0 
491.3333333333333 43.333333333333336 459.6666666666667 17.0 430.3333333333333 8.0 413.0 12.666666666666666 403.6666666666667 18.0 447.6666666666667 25.333333333333332 417.6666666666667 36.666666666666664 402.0 41.333333333333336 393.6666666666667 44.0 463.6666666666667 55.333333333333336 437.0 70.33333333333333 422.6666666666667 69.33333333333333 418.3333333333333 64.66666666666667 475.3333333333333 79.33333333333333 451.3333333333333 94.33333333333333 437.0 91.0 430.6666666666667 83.0 482.0 95.33333333333333 461.3333333333333 107.33333333333333 446.3333333333333 105.66666666666667 436.3333333333333 99.33333333333333 
557.6666666666666 14.666666666666666 516.6666666666666 -11.666666666666666 467.0 -9.0 429.0 9.333333333333334 405.6666666666667 29.333333333333332 479.3333333333333 0.6666666666666666 407.3333333333333 28.333333333333332 367.6666666666667 43.666666666666664 342.6666666666667 54.333333333333336 493.0 34.333333333333336 418.0 67.0 379.6666666666667 72.33333333333333 361.6666666666667 70.33333333333333 503.0 63.333333333333336 433.3333333333333 93.66666666666667 397.6666666666667 95.33333333333333 379.6666666666667 90.0 507.3333333333333 85.0 453.0 110.0 419.0 113.33333333333333 397.0 110.0 
554.6666666666666 17.666666666666668 516.0 -3.3333333333333335 466.3333333333333 2.0 426.3333333333333 19.666666666666668 401.0 36.666666666666664 473.6666666666667 18.666666666666668 402.3333333333333 47.333333333333336 366.3333333333333 58.333333333333336 345.3333333333333 64.0 483.0 47.0 406.6666666666667 78.66666666666667 371.6666666666667 80.33333333333333 358.0 74.0 489.3333333333333 68.66666666666667 416.6666666666667 96.33333333333333 385.0 94.0 372.0 85.0 491.3333333333333 81.66666666666667 436.0 102.33333333333333 405.0 102.33333333333333 387.3333333333333 96.0 
549.0 17.0 516.6666666666666 12.666666666666666 469.3333333333333 20.666666666666668 428.0 30.666666666666668 399.6666666666667 36.333333333333336 468.6666666666667 39.0 399.6666666666667 66.33333333333333 369.6666666666667 70.66666666666667 354.3333333333333 71.0 471.3333333333333 54.0 398.0 80.66666666666667 369.3333333333333 80.0 358.6666666666667 73.66666666666667 473.3333333333333 61.666666666666664 404.0 84.33333333333333 378.0 81.66666666666667 367.6666666666667 74.66666666666667 474.3333333333333 64.0 423.3333333333333 77.33333333333333 397.3333333333333 76.0 382.6666666666667 71.0 
536.0 35.666666666666664 529.6666666666666 43.666666666666664 513.0 45.666666666666664 494.6666666666667 45.333333333333336 483.0 42.0 506.6666666666667 42.666666666666664 477.3333333333333 58.666666666666664 470.0 61.666666666666664 468.0 62.666666666666664 502.0 44.666666666666664 471.6666666666667 59.0 463.3333333333333 61.0 463.3333333333333 60.333333333333336 498.6666666666667 45.333333333333336 471.3333333333333 57.0 464.0 59.333333333333336 462.6666666666667 59.333333333333336 496.6666666666667 45.333333333333336 478.6666666666667 50.333333333333336 471.0 51.333333333333336 467.0 51.666666666666664 
490.0 66.66666666666667 510.3333333333333 78.66666666666667 523.6666666666666 72.33333333333333 530.3333333333334 62.666666666666664 540.6666666666666 55.0 515.3333333333334 44.333333333333336 521.6666666666666 45.666666666666664 535.0 46.333333333333336 547.6666666666666 48.0 504.6666666666667 40.666666666666664 512.3333333333334 41.0 527.0 40.666666666666664 542.0 41.666666666666664 494.3333333333333 41.666666666666664 503.6666666666667 40.666666666666664 517.0 41.333333333333336 530.3333333333334 42.666666666666664 485.3333333333333 47.0 492.6666666666667 46.0 502.3333333333333 46.0 512.0 47.333333333333336 
438.3333333333333 103.0 485.6666666666667 110.66666666666667 527.0 95.33333333333333 557.0 83.66666666666667 587.3333333333334 77.33333333333333 513.0 42.666666666666664 552.3333333333334 27.666666666666668 580.3333333333334 29.333333333333332 602.0 34.666666666666664 498.0 40.333333333333336 540.3333333333334 24.0 570.0 25.0 593.6666666666666 30.333333333333332 482.3333333333333 47.0 523.6666666666666 33.333333333333336 550.0 34.666666666666664 570.6666666666666 38.0 467.6666666666667 59.333333333333336 498.0 52.333333333333336 519.6666666666666 52.333333333333336 537.6666666666666 54.0 
391.3333333333333 126.33333333333333 440.6666666666667 132.0 479.3333333333333 117.66666666666667 509.0 108.66666666666667 538.6666666666666 102.33333333333333 464.0 63.0 494.3333333333333 40.333333333333336 518.3333333333334 36.0 540.3333333333334 38.0 443.3333333333333 61.666666666666664 471.6666666666667 36.0 497.6666666666667 32.666666666666664 521.0 35.666666666666664 421.3333333333333 68.33333333333333 446.3333333333333 45.666666666666664 469.0 41.0 488.6666666666667 42.0 400.6666666666667 80.66666666666667 415.0 66.0 431.0 61.333333333333336 447.0 60.0 
369.3333333333333 145.0 415.0 146.66666666666666 448.6666666666667 133.33333333333334 475.3333333333333 126.66666666666667 499.6666666666667 120.66666666666667 429.3333333333333 78.33333333333333 448.0 49.666666666666664 463.0 44.333333333333336 479.0 46.0 405.6666666666667 79.66666666666667 419.3333333333333 47.666666666666664 434.0 42.666666666666664 449.6666666666667 44.333333333333336 382.3333333333333 88.33333333333333 392.0 61.666666666666664 403.6666666666667 53.333333333333336 414.6666666666667 51.333333333333336 361.6666666666667 102.33333333333333 362.6666666666667 84.0 367.6666666666667 77.0 374.3333333333333 73.66666666666667 
347.0 166.33333333333334 386.6666666666667 165.0 416.6666666666667 152.0 443.3333333333333 146.0 467.0 139.33333333333334 396.0 94.66666666666667 403.3333333333333 61.0 411.3333333333333 51.333333333333336 422.0 49.333333333333336 368.6666666666667 98.33333333333333 365.6666666666667 63.0 370.6666666666667 53.0 379.3333333333333 48.333333333333336 343.3333333333333 110.66666666666667 336.6666666666667 81.33333333333333 339.0 66.66666666666667 344.0 59.0 322.0 129.66666666666666 309.3333333333333 109.0 306.0 98.66666666666667 306.0 91.66666666666667 
318.3333333333333 191.33333333333334 355.6666666666667 184.0 385.0 170.0 412.3333333333333 162.0 437.0 155.33333333333334 356.3333333333333 111.66666666666667 358.6666666666667 73.66666666666667 362.6666666666667 59.333333333333336 369.3333333333333 50.333333333333336 328.3333333333333 116.66666666666667 318.0 78.0 316.3333333333333 61.666666666666664 318.0 49.0 303.6666666666667 131.0 291.3333333333333 100.66666666666667 285.6666666666667 80.66666666666667 284.3333333333333 65.33333333333333 284.3333333333333 152.33333333333334 267.6666666666667 132.0 258.3333333333333 119.33333333333333 252.66666666666666 108.33333333333333 
287.0 218.66666666666666 323.6666666666667 207.0 353.3333333333333 188.33333333333334 381.6666666666667 176.33333333333334 408.0 166.66666666666666 318.0 126.33333333333333 319.0 86.0 320.6666666666667 66.0 323.3333333333333 49.666666666666664 288.3333333333333 130.0 275.0 89.0 270.0 67.33333333333333 266.6666666666667 48.0 263.3333333333333 144.33333333333334 249.0 111.0 241.33333333333334 88.33333333333333 236.66666666666666 69.0 244.66666666666666 167.0 227.66666666666666 143.66666666666666 217.33333333333334 129.0 210.0 115.66666666666667 
259.0 248.33333333333334 296.0 230.33333333333334 326.0 205.33333333333334 353.3333333333333 187.33333333333334 379.6666666666667 176.0 283.0 143.33333333333334 283.6666666666667 100.33333333333333 284.0 75.66666666666667 283.6666666666667 53.333333333333336 252.33333333333334 145.0 239.66666666666666 100.33333333333333 233.33333333333334 73.66666666666667 227.33333333333334 49.666666666666664 227.66666666666666 158.33333333333334 212.66666666666666 120.0 204.66666666666666 94.33333333333333 198.33333333333334 71.33333333333333 209.0 180.66666666666666 190.33333333333334 154.66666666666666 178.66666666666666 137.66666666666666 169.33333333333334 122.0 
238.0 273.3333333333333 277.0 252.0 306.6666666666667 221.0 332.0 198.0 356.0 183.0 259.6666666666667 157.66666666666666 259.3333333333333 112.33333333333333 257.3333333333333 84.33333333333333 254.0 59.0 228.0 159.0 215.66666666666666 110.66666666666667 208.0 80.66666666666667 200.66666666666666 54.333333333333336 202.0 172.33333333333334 186.66666666666666 129.0 178.66666666666666 101.66666666666667 171.66666666666666 77.33333333333333 181.0 195.66666666666666 161.33333333333334 165.0 149.0 145.0 138.66666666666666 126.66666666666667 
228.33333333333334 298.0 267.0 274.3333333333333 295.6666666666667 242.0 317.6666666666667 216.0 338.3333333333333 198.66666666666666 244.0 178.33333333333334 243.66666666666666 129.33333333333334 240.66666666666666 98.66666666666667 236.33333333333334 71.33333333333333 212.0 179.66666666666666 199.33333333333334 127.33333333333333 191.0 94.66666666666667 183.33333333333334 67.0 186.0 193.0 170.0 145.66666666666666 161.33333333333334 116.33333333333333 154.0 91.0 164.33333333333334 215.33333333333334 143.66666666666666 181.0 130.66666666666666 158.33333333333334 120.0 137.0 
218.33333333333334 324.0 258.6666666666667 301.3333333333333 288.6666666666667 271.3333333333333 309.0 245.66666666666666 326.0 226.0 235.0 202.33333333333334 235.66666666666666 150.33333333333334 233.66666666666666 118.33333333333333 230.33333333333334 90.0 202.33333333333334 204.0 190.66666666666666 150.0 183.0 116.33333333333333 176.0 89.0 175.66666666666666 217.33333333333334 160.66666666666666 167.66666666666666 152.33333333333334 137.66666666666666 146.0 112.66666666666667 153.0 239.66666666666666 133.33333333333334 203.0 120.66666666666667 179.33333333333334 111.33333333333333 158.0 
213.66666666666666 354.6666666666667 254.33333333333334 334.3333333333333 286.0 307.3333333333333 305.6666666666667 282.6666666666667 320.6666666666667 263.0 231.0 234.33333333333334 232.33333333333334 181.0 230.33333333333334 148.33333333333334 227.66666666666666 120.0 198.0 234.66666666666666 187.33333333333334 179.66666666666666 180.0 145.33333333333334 174.0 118.0 170.66666666666666 247.33333333333334 156.33333333333334 196.66666666666666 148.33333333333334 165.66666666666666 143.0 140.33333333333334 147.66666666666666 268.6666666666667 128.33333333333334 231.0 116.0 207.0 107.66666666666667 185.33333333333334 
210.33333333333334 382.6666666666667 252.66666666666666 364.0 285.0 338.3333333333333 305.3333333333333 316.0 322.6666666666667 299.3333333333333 231.33333333333334 263.0 233.0 211.66666666666666 231.33333333333334 180.0 229.0 152.0 198.0 262.6666666666667 188.33333333333334 208.33333333333334 181.0 174.66666666666666 175.33333333333334 147.66666666666666 170.33333333333334 274.3333333333333 156.0 224.0 148.0 193.0 143.0 167.33333333333334 146.66666666666666 295.3333333333333 127.66666666666667 257.3333333333333 115.33333333333333 233.0 107.0 211.33333333333334 
217.33333333333334 401.6666666666667 258.3333333333333 383.0 289.6666666666667 356.6666666666667 311.0 336.0 332.3333333333333 323.6666666666667 236.66666666666666 283.0 238.0 235.33333333333334 236.0 205.66666666666666 234.0 178.66666666666666 204.0 282.0 193.33333333333334 229.66666666666666 185.66666666666666 197.0 180.0 169.66666666666666 176.33333333333334 293.3333333333333 161.66666666666666 245.0 154.0 214.33333333333334 148.33333333333334 188.0 153.0 314.0 133.33333333333334 277.3333333333333 120.66666666666667 253.33333333333334 111.33333333333333 231.0 
225.66666666666666 409.3333333333333 266.0 391.6666666666667 296.3333333333333 365.0 319.0 345.0 344.6666666666667 335.3333333333333 246.0 292.0 247.0 247.33333333333334 245.66666666666666 219.33333333333334 244.33333333333334 192.66666666666666 213.66666666666666 290.6666666666667 203.0 240.66666666666666 196.33333333333334 209.33333333333334 191.0 182.0 186.66666666666666 301.3333333333333 172.33333333333334 255.0 165.33333333333334 225.0 159.66666666666666 198.0 163.66666666666666 321.3333333333333 143.66666666666666 286.6666666666667 130.33333333333334 263.6666666666667 119.66666666666667 241.66666666666666 
235.66666666666666 411.0 276.0 394.3333333333333 306.6666666666667 367.0 331.0 346.6666666666667 357.3333333333333 337.6666666666667 258.3333333333333 294.3333333333333 260.0 251.0 259.3333333333333 224.0 258.0 198.0 226.33333333333334 292.6666666666667 216.33333333333334 244.0 211.0 213.33333333333334 206.0 186.66666666666666 199.0 303.0 185.66666666666666 258.0 179.33333333333334 228.66666666666666 173.66666666666666 201.66666666666666 176.0 322.3333333333333 156.0 289.3333333333333 143.0 267.3333333333333 132.33333333333334 245.66666666666666 
243.66666666666666 411.6666666666667 284.0 395.3333333333333 315.0 369.0 340.0 348.0 366.3333333333333 337.3333333333333 270.3333333333333 295.3333333333333 272.6666666666667 252.33333333333334 272.3333333333333 225.33333333333334 270.6666666666667 199.66666666666666 238.33333333333334 293.3333333333333 230.0 245.0 225.33333333333334 214.66666666666666 221.0 188.66666666666666 210.66666666666666 303.3333333333333 199.33333333333334 258.6666666666667 193.66666666666666 230.0 189.0 203.33333333333334 186.33333333333334 322.3333333333333 167.66666666666666 289.0 155.0 267.3333333333333 145.0 245.66666666666666 
248.66666666666666 413.3333333333333 288.6666666666667 396.0 319.3333333333333 370.3333333333333 344.0 350.0 370.0 338.3333333333333 277.0 297.6666666666667 281.0 254.66666666666666 281.3333333333333 227.66666666666666 280.0 202.33333333333334 245.33333333333334 295.3333333333333 238.33333333333334 247.33333333333334 233.66666666666666 217.66666666666666 229.33333333333334 192.0 217.66666666666666 305.0 207.66666666666666 261.0 202.66666666666666 232.66666666666666 198.33333333333334 206.33333333333334 192.66666666666666 324.0 175.33333333333334 290.6666666666667 163.66666666666666 268.6666666666667 155.0 247.0 
248.66666666666666 413.6666666666667 288.3333333333333 396.3333333333333 319.0 371.3333333333333 343.3333333333333 351.3333333333333 369.3333333333333 339.0 278.3333333333333 299.0 283.3333333333333 256.3333333333333 284.0 229.66666666666666 283.3333333333333 204.33333333333334 247.0 296.3333333333333 240.66666666666666 249.66666666666666 236.0 220.66666666666666 232.33333333333334 195.66666666666666 219.66666666666666 305.6666666666667 210.66666666666666 262.6666666666667 206.33333333333334 235.33333333333334 202.66666666666666 209.66666666666666 194.33333333333334 324.3333333333333 178.0 291.0 166.66666666666666 269.3333333333333 158.33333333333334 248.0 
247.0 411.6666666666667 286.3333333333333 394.6666666666667 316.6666666666667 370.3333333333333 341.0 350.6666666666667 366.3333333333333 338.0 276.6666666666667 298.3333333333333 282.3333333333333 256.3333333333333 283.3333333333333 229.66666666666666 283.3333333333333 204.33333333333334 246.0 295.3333333333333 240.33333333333334 249.33333333333334 235.66666666666666 221.0 232.33333333333334 195.66666666666666 219.0 304.3333333333333 210.33333333333334 262.0 206.0 234.66666666666666 202.66666666666666 209.33333333333334 194.0 322.6666666666667 178.33333333333334 289.6666666666667 167.66666666666666 268.6666666666667 159.66666666666666 247.33333333333334 
245.33333333333334 407.6666666666667 284.3333333333333 391.3333333333333 314.6666666666667 367.6666666666667 339.3333333333333 348.0 364.3333333333333 335.0 275.3333333333333 295.3333333333333 281.6666666666667 253.66666666666666 282.6666666666667 227.0 282.6666666666667 201.66666666666666 245.0 292.0 239.66666666666666 246.33333333333334 235.66666666666666 217.33333333333334 232.66666666666666 192.33333333333334 218.33333333333334 301.0 210.0 258.6666666666667 205.66666666666666 231.66666666666666 203.0 206.33333333333334 193.33333333333334 319.0 178.0 286.0 167.66666666666666 265.3333333333333 160.0 243.66666666666666 
244.66666666666666 403.6666666666667 284.0 387.6666666666667 314.3333333333333 364.6666666666667 339.3333333333333 345.3333333333333 363.6666666666667 332.0 275.0 292.6666666666667 281.3333333333333 251.0 282.6666666666667 224.0 282.6666666666667 199.0 245.0 289.0 240.0 243.0 236.0 213.66666666666666 233.0 188.33333333333334 218.66666666666666 297.6666666666667 210.33333333333334 255.0 206.0 227.66666666666666 203.33333333333334 202.33333333333334 193.66666666666666 315.3333333333333 178.66666666666666 282.3333333333333 169.0 261.6666666666667 161.66666666666666 240.0 
245.33333333333334 401.0 285.0 385.0 315.6666666666667 361.6666666666667 340.6666666666667 342.3333333333333 364.6666666666667 329.3333333333333 275.0 290.6666666666667 281.3333333333333 249.0 283.0 222.0 282.6666666666667 197.0 245.0 286.6666666666667 239.66666666666666 241.0 236.0 211.66666666666666 232.66666666666666 186.66666666666666 219.0 295.3333333333333 210.0 252.66666666666666 206.0 225.66666666666666 203.0 200.33333333333334 194.66666666666666 312.6666666666667 179.33333333333334 280.0 170.0 259.0 163.0 237.66666666666666 
248.33333333333334 399.3333333333333 287.6666666666667 382.6666666666667 318.6666666666667 358.6666666666667 343.3333333333333 338.6666666666667 366.0 324.6666666666667 275.6666666666667 289.3333333333333 280.6666666666667 249.0 282.0 223.66666666666666 281.6666666666667 199.33333333333334 245.66666666666666 286.3333333333333 238.66666666666666 242.33333333333334 234.0 215.33333333333334 229.33333333333334 191.66666666666666 219.66666666666666 295.0 209.33333333333334 254.33333333333334 203.66666666666666 228.33333333333334 199.0 204.0 196.0 312.3333333333333 180.33333333333334 280.3333333333333 171.33333333333334 260.0 163.66666666666666 239.0 
253.66666666666666 398.0 292.6666666666667 380.0 323.3333333333333 354.6666666666667 347.0 333.6666666666667 367.6666666666667 318.3333333333333 277.3333333333333 288.0 280.0 251.0 280.0 228.66666666666666 278.6666666666667 207.0 247.33333333333334 286.3333333333333 238.0 245.33333333333334 232.0 221.66666666666666 226.33333333333334 201.0 221.66666666666666 295.6666666666667 209.33333333333334 258.0 201.33333333333334 234.66666666666666 194.66666666666666 213.0 199.0 313.3333333333333 182.66666666666666 283.6666666666667 173.0 264.6666666666667 164.33333333333334 245.0 
259.3333333333333 395.6666666666667 297.6666666666667 378.3333333333333 328.0 351.0 350.6666666666667 328.6666666666667 368.6666666666667 311.3333333333333 279.3333333333333 287.0 277.3333333333333 250.66666666666666 275.3333333333333 237.33333333333334 275.3333333333333 230.0 249.0 287.3333333333333 236.66666666666666 247.0 230.66666666666666 235.0 228.33333333333334 230.0 223.33333333333334 297.0 208.0 262.0 199.33333333333334 249.0 195.66666666666666 241.33333333333334 201.0 314.6666666666667 183.0 286.3333333333333 172.66666666666666 271.3333333333333 165.0 259.3333333333333 
262.0 394.3333333333333 300.6666666666667 376.6666666666667 330.6666666666667 348.0 352.6666666666667 324.3333333333333 368.3333333333333 306.0 282.0 284.6666666666667 275.3333333333333 252.0 271.3333333333333 255.33333333333334 272.0 262.6666666666667 250.66666666666666 286.3333333333333 237.66666666666666 249.33333333333334 234.0 258.6666666666667 236.33333333333334 266.6666666666667 224.33333333333334 296.0 207.66666666666666 264.6666666666667 203.0 270.3333333333333 204.0 274.6666666666667 202.0 311.6666666666667 182.66666666666666 286.3333333333333 175.0 282.0 171.0 278.6666666666667 
263.6666666666667 393.0 302.0 374.6666666666667 331.6666666666667 345.3333333333333 353.3333333333333 320.6666666666667 367.0 300.6666666666667 283.0 283.6666666666667 273.6666666666667 252.66666666666666 269.0 271.3333333333333 271.0 292.3333333333333 251.33333333333334 286.6666666666667 238.0 252.0 237.66666666666666 279.3333333333333 244.0 300.3333333333333 224.33333333333334 296.0 207.33333333333334 267.3333333333333 208.0 288.6666666666667 215.33333333333334 304.6666666666667 202.0 309.6666666666667 182.33333333333334 286.0 179.33333333333334 291.3333333333333 181.33333333333334 297.0 
264.3333333333333 392.0 302.6666666666667 371.6666666666667 332.3333333333333 342.3333333333333 352.6666666666667 317.0 364.6666666666667 295.6666666666667 285.3333333333333 282.6666666666667 274.0 257.3333333333333 270.3333333333333 287.3333333333333 272.6666666666667 310.6666666666667 253.0 287.0 240.0 258.3333333333333 243.0 297.3333333333333 251.0 319.3333333333333 226.0 296.0 209.66666666666666 271.0 216.0 303.3333333333333 226.33333333333334 320.6666666666667 203.66666666666666 308.3333333333333 185.66666666666666 287.6666666666667 189.66666666666666 303.6666666666667 197.33333333333334 313.6666666666667 
266.3333333333333 390.6666666666667 304.0 370.0 333.6666666666667 340.0 352.3333333333333 314.3333333333333 363.3333333333333 292.0 288.0 284.6666666666667 276.3333333333333 261.0 274.0 293.3333333333333 277.0 318.3333333333333 255.33333333333334 290.0 242.0 263.3333333333333 247.33333333333334 303.0 256.6666666666667 327.3333333333333 228.66666666666666 299.3333333333333 213.33333333333334 275.3333333333333 222.66666666666666 310.0 235.33333333333334 330.0 207.0 312.0 191.0 293.0 199.66666666666666 313.3333333333333 211.0 327.0 
267.3333333333333 390.0 305.0 370.3333333333333 335.0 339.6666666666667 352.0 313.6666666666667 363.0 291.0 292.3333333333333 286.0 280.0 266.0 279.0 300.6666666666667 283.0 325.6666666666667 259.0 292.0 245.66666666666666 268.6666666666667 253.33333333333334 311.6666666666667 264.3333333333333 336.0 232.33333333333334 301.6666666666667 218.33333333333334 281.0 230.66666666666666 319.3333333333333 244.33333333333334 339.6666666666667 210.33333333333334 315.0 196.66666666666666 298.3333333333333 208.66666666666666 323.6666666666667 222.0 338.6666666666667 
268.3333333333333 390.3333333333333 305.6666666666667 372.0 336.0 341.0 352.6666666666667 315.0 364.0 292.3333333333333 296.6666666666667 288.3333333333333 285.3333333333333 271.0 284.3333333333333 306.3333333333333 288.0 331.0 263.0 293.6666666666667 250.66666666666666 272.6666666666667 258.6666666666667 316.3333333333333 269.6666666666667 340.3333333333333 235.66666666666666 303.0 223.66666666666666 286.3333333333333 236.66666666666666 325.0 250.0 345.0 213.33333333333334 316.3333333333333 201.66666666666666 302.6666666666667 214.66666666666666 329.6666666666667 228.33333333333334 344.3333333333333 
270.0 390.6666666666667 307.0 373.6666666666667 337.6666666666667 343.0 354.3333333333333 317.0 365.6666666666667 294.0 300.3333333333333 290.0 290.6666666666667 275.0 289.3333333333333 310.3333333333333 292.0 335.3333333333333 267.0 294.3333333333333 255.66666666666666 276.0 263.0 320.0 273.0 344.3333333333333 239.33333333333334 303.0 228.0 290.3333333333333 241.0 328.3333333333333 253.66666666666666 348.6666666666667 216.0 316.3333333333333 206.0 305.3333333333333 218.66666666666666 332.6666666666667 232.33333333333334 347.0 
271.6666666666667 390.3333333333333 309.0 374.0 339.6666666666667 344.3333333333333 356.6666666666667 319.0 368.0 296.0 303.6666666666667 289.6666666666667 295.0 276.0 292.3333333333333 311.3333333333333 294.3333333333333 336.3333333333333 270.0 293.6666666666667 260.6666666666667 276.3333333333333 266.0 320.0 274.6666666666667 345.0 242.33333333333334 302.0 232.0 288.6666666666667 243.0 326.6666666666667 254.66666666666666 348.6666666666667 219.0 315.3333333333333 209.0 303.6666666666667 220.66666666666666 331.0 233.0 346.6666666666667 
273.6666666666667 388.6666666666667 311.3333333333333 373.3333333333333 341.6666666666667 345.6666666666667 359.3333333333333 321.3333333333333 370.0 299.3333333333333 304.3333333333333 287.6666666666667 296.3333333333333 270.0 293.0 302.0 294.6666666666667 326.3333333333333 271.6666666666667 291.0 263.0 270.0 266.6666666666667 311.0 273.0 334.6666666666667 244.0 299.3333333333333 234.33333333333334 280.3333333333333 242.0 315.0 250.66666666666666 335.3333333333333 220.66666666666666 312.0 209.66666666666666 294.3333333333333 217.0 315.3333333333333 224.66666666666666 328.0 
275.0 386.6666666666667 313.3333333333333 371.6666666666667 343.0 346.3333333333333 361.3333333333333 323.6666666666667 373.6666666666667 304.0 302.6666666666667 283.3333333333333 297.0 258.3333333333333 294.3333333333333 271.0 295.6666666666667 279.6666666666667 271.0 285.3333333333333 262.0 256.3333333333333 261.6666666666667 275.3333333333333 264.0 283.6666666666667 244.33333333333334 294.0 234.0 267.3333333333333 234.33333333333334 283.0 236.33333333333334 290.0 222.0 308.0 209.33333333333334 285.0 209.33333333333334 292.6666666666667 210.0 296.0 
276.0 385.3333333333333 314.0 370.0 343.3333333333333 346.6666666666667 362.3333333333333 326.0 377.3333333333333 309.3333333333333 299.6666666666667 279.6666666666667 297.6666666666667 246.0 296.0 239.0 296.0 232.0 269.3333333333333 280.0 260.0 242.33333333333334 257.0 238.66666666666666 255.0 231.33333333333334 243.33333333333334 289.0 232.0 256.0 227.33333333333334 251.33333333333334 224.0 243.33333333333334 221.66666666666666 304.3333333333333 207.33333333333334 277.0 200.66666666666666 270.0 195.33333333333334 261.6666666666667 
276.3333333333333 384.0 314.0 368.0 342.6666666666667 346.0 361.6666666666667 327.6666666666667 379.3333333333333 313.6666666666667 297.3333333333333 276.0 299.0 237.66666666666666 297.6666666666667 213.66666666666666 296.0 191.33333333333334 267.6666666666667 275.6666666666667 258.3333333333333 232.66666666666666 252.66666666666666 208.0 247.66666666666666 186.0 242.66666666666666 285.3333333333333 230.33333333333334 248.33333333333334 222.33333333333334 226.0 215.66666666666666 205.66666666666666 221.66666666666666 303.0 206.0 275.0 196.0 259.0 188.0 242.66666666666666 
276.3333333333333 382.3333333333333 312.6666666666667 366.3333333333333 340.0 346.3333333333333 357.6666666666667 330.6666666666667 375.0 318.6666666666667 297.3333333333333 273.3333333333333 299.0 233.66666666666666 297.3333333333333 208.66666666666666 294.3333333333333 185.0 267.6666666666667 273.3333333333333 259.0 229.0 253.33333333333334 202.33333333333334 247.66666666666666 179.33333333333334 242.66666666666666 283.3333333333333 231.0 244.66666666666666 224.33333333333334 220.66666666666666 219.0 198.66666666666666 221.66666666666666 301.6666666666667 205.33333333333334 272.0 195.66666666666666 253.66666666666666 188.33333333333334 235.0 
277.3333333333333 380.3333333333333 310.6666666666667 365.6666666666667 335.6666666666667 348.0 350.6666666666667 334.3333333333333 361.0 326.6666666666667 299.3333333333333 271.6666666666667 300.0 230.66666666666666 297.6666666666667 204.66666666666666 294.0 181.0 269.6666666666667 271.3333333333333 260.6666666666667 226.0 254.66666666666666 198.0 249.0 174.0 244.33333333333334 281.6666666666667 233.33333333333334 241.33333333333334 227.33333333333334 215.66666666666666 223.33333333333334 192.66666666666666 223.33333333333334 300.3333333333333 207.0 270.0 197.66666666666666 250.33333333333334 191.33333333333334 230.33333333333334 
279.6666666666667 380.6666666666667 309.3333333333333 367.3333333333333 332.6666666666667 351.3333333333333 341.6666666666667 339.0 341.3333333333333 334.3333333333333 302.3333333333333 271.3333333333333 302.3333333333333 229.33333333333334 299.6666666666667 203.0 296.0 179.33333333333334 272.3333333333333 271.0 264.0 225.0 257.6666666666667 196.33333333333334 252.0 171.66666666666666 247.0 281.6666666666667 236.66666666666666 240.66666666666666 231.33333333333334 214.33333333333334 228.33333333333334 190.33333333333334 225.66666666666666 301.0 210.33333333333334 269.6666666666667 201.33333333333334 249.33333333333334 196.0 228.33333333333334 
281.6666666666667 382.0 308.3333333333333 369.6666666666667 331.0 353.3333333333333 331.6666666666667 341.6666666666667 319.0 340.0 305.3333333333333 272.3333333333333 305.3333333333333 229.66666666666666 302.6666666666667 203.0 299.3333333333333 179.0 275.3333333333333 271.6666666666667 267.3333333333333 225.0 261.0 196.0 255.66666666666666 170.33333333333334 250.0 282.3333333333333 239.33333333333334 240.33333333333334 234.33333333333334 213.33333333333334 231.66666666666666 189.0 228.0 302.0 213.0 269.6666666666667 204.0 249.33333333333334 198.66666666666666 227.66666666666666 
283.3333333333333 384.3333333333333 309.3333333333333 372.3333333333333 331.6666666666667 354.0 323.3333333333333 343.0 302.3333333333333 341.0 307.3333333333333 273.6666666666667 307.3333333333333 230.33333333333334 304.6666666666667 203.66666666666666 301.6666666666667 179.0 277.0 272.6666666666667 269.3333333333333 225.66666666666666 263.3333333333333 196.66666666666666 258.3333333333333 171.0 252.0 283.3333333333333 240.66666666666666 241.33333333333334 235.66666666666666 214.33333333333334 232.66666666666666 190.0 229.33333333333334 303.0 214.66666666666666 270.3333333333333 206.0 250.33333333333334 200.66666666666666 228.66666666666666 
284.6666666666667 385.3333333333333 310.6666666666667 373.0 332.3333333333333 352.6666666666667 315.6666666666667 342.6666666666667 290.6666666666667 341.0 309.0 275.3333333333333 309.3333333333333 231.33333333333334 307.3333333333333 204.0 304.3333333333333 179.33333333333334 278.6666666666667 273.3333333333333 270.6666666666667 226.33333333333334 265.3333333333333 197.33333333333334 260.3333333333333 172.0 254.0 283.6666666666667 242.0 241.66666666666666 237.0 214.66666666666666 234.0 190.66666666666666 231.0 303.0 216.0 271.0 207.33333333333334 250.66666666666666 201.33333333333334 229.33333333333334 
286.3333333333333 386.0 312.6666666666667 373.0 333.6666666666667 351.0 312.3333333333333 341.3333333333333 285.0 339.6666666666667 310.6666666666667 276.0 311.3333333333333 231.66666666666666 309.6666666666667 204.0 306.6666666666667 179.33333333333334 280.3333333333333 273.6666666666667 272.6666666666667 226.66666666666666 267.3333333333333 197.33333333333334 262.3333333333333 172.33333333333334 255.66666666666666 284.0 244.33333333333334 242.0 239.33333333333334 214.66666666666666 236.0 190.66666666666666 232.66666666666666 303.0 217.66666666666666 271.3333333333333 208.66666666666666 250.66666666666666 202.33333333333334 229.33333333333334 
288.0 385.0 314.3333333333333 371.3333333333333 335.3333333333333 349.0 311.3333333333333 339.3333333333333 282.6666666666667 337.6666666666667 312.6666666666667 276.0 314.0 231.33333333333334 312.6666666666667 203.33333333333334 309.6666666666667 178.33333333333334 282.3333333333333 273.6666666666667 275.3333333333333 226.66666666666666 269.6666666666667 197.0 265.0 171.66666666666666 257.6666666666667 283.3333333333333 247.0 241.33333333333334 242.0 213.66666666666666 238.66666666666666 189.66666666666666 235.0 302.3333333333333 219.66666666666666 270.6666666666667 210.0 249.66666666666666 203.0 228.0 
290.3333333333333 383.0 317.3333333333333 369.0 338.6666666666667 346.6666666666667 315.0 337.0 285.0 336.3333333333333 315.0 274.6666666666667 316.3333333333333 230.33333333333334 314.6666666666667 202.33333333333334 311.3333333333333 177.0 284.6666666666667 273.0 277.6666666666667 226.0 271.6666666666667 196.33333333333334 267.0 170.66666666666666 259.6666666666667 282.6666666666667 249.33333333333334 240.66666666666666 244.33333333333334 212.66666666666666 240.66666666666666 189.0 237.0 301.6666666666667 221.33333333333334 269.3333333333333 211.33333333333334 248.33333333333334 204.33333333333334 226.66666666666666 
293.0 379.3333333333333 321.0 365.6666666666667 343.6666666666667 345.0 325.6666666666667 334.6666666666667 298.6666666666667 334.3333333333333 316.0 272.6666666666667 317.0 229.33333333333334 315.0 202.0 311.6666666666667 176.66666666666666 286.0 271.6666666666667 278.6666666666667 225.66666666666666 272.6666666666667 196.66666666666666 267.6666666666667 171.0 261.0 281.6666666666667 250.0 240.33333333333334 244.66666666666666 213.0 241.33333333333334 189.33333333333334 238.33333333333334 300.6666666666667 222.33333333333334 268.6666666666667 212.66666666666666 247.66666666666666 205.66666666666666 226.33333333333334 
294.6666666666667 377.0 325.0 363.0 349.3333333333333 342.6666666666667 341.6666666666667 329.3333333333333 321.0 326.0 316.3333333333333 271.0 316.6666666666667 229.0 314.6666666666667 202.33333333333334 311.0 177.66666666666666 286.6666666666667 271.0 278.3333333333333 226.33333333333334 272.3333333333333 198.33333333333334 266.6666666666667 173.0 261.3333333333333 282.0 249.66666666666666 242.0 244.33333333333334 215.33333333333334 241.0 191.66666666666666 239.0 301.0 222.66666666666666 269.6666666666667 213.0 248.66666666666666 206.0 228.0 
296.0 377.3333333333333 330.0 361.6666666666667 356.0 340.3333333333333 359.3333333333333 322.3333333333333 346.0 314.0 316.3333333333333 270.6666666666667 316.0 230.0 313.6666666666667 204.0 309.6666666666667 180.0 286.6666666666667 271.3333333333333 277.3333333333333 228.33333333333334 270.6666666666667 201.0 264.3333333333333 176.33333333333334 261.3333333333333 283.0 248.66666666666666 245.0 243.0 219.33333333333334 239.66666666666666 195.66666666666666 239.33333333333334 302.3333333333333 222.33333333333334 272.3333333333333 212.0 251.66666666666666 204.33333333333334 231.33333333333334 
297.0 380.0 334.3333333333333 362.0 361.0 338.0 370.0 316.6666666666667 361.6666666666667 302.3333333333333 316.6666666666667 272.3333333333333 316.0 232.0 313.3333333333333 206.33333333333334 309.3333333333333 183.0 286.6666666666667 273.6666666666667 276.3333333333333 231.66666666666666 269.3333333333333 205.0 262.6666666666667 181.0 261.3333333333333 285.6666666666667 248.33333333333334 249.33333333333334 242.66666666666666 224.33333333333334 238.66666666666666 201.33333333333334 240.0 305.3333333333333 222.0 276.0 210.66666666666666 256.0 202.66666666666666 236.33333333333334 
299.3333333333333 383.3333333333333 338.3333333333333 363.6666666666667 365.3333333333333 338.0 375.0 315.6666666666667 369.6666666666667 298.3333333333333 317.6666666666667 274.6666666666667 316.6666666666667 235.0 313.6666666666667 210.33333333333334 309.6666666666667 187.33333333333334 287.6666666666667 276.6666666666667 277.0 236.0 269.3333333333333 210.0 262.3333333333333 186.66666666666666 263.0 289.0 249.66666666666666 254.33333333333334 243.66666666666666 230.66666666666666 239.0 208.33333333333334 241.66666666666666 309.0 222.66666666666666 280.3333333333333 210.66666666666666 261.0 201.66666666666666 242.0 
301.6666666666667 385.3333333333333 340.6666666666667 365.6666666666667 367.3333333333333 339.3333333333333 377.6666666666667 316.6666666666667 374.0 298.0 320.0 277.3333333333333 318.6666666666667 238.33333333333334 316.0 214.66666666666666 312.3333333333333 192.0 290.0 280.0 279.3333333333333 240.33333333333334 271.6666666666667 215.66666666666666 264.3333333333333 192.66666666666666 265.3333333333333 292.6666666666667 252.66666666666666 259.3333333333333 246.66666666666666 236.66666666666666 241.66666666666666 214.66666666666666 244.33333333333334 312.6666666666667 224.66666666666666 284.6666666666667 212.66666666666666 265.6666666666667 203.33333333333334 247.0 
305.6666666666667 387.6666666666667 345.0 368.0 371.6666666666667 341.0 383.0 317.6666666666667 379.6666666666667 299.3333333333333 325.0 279.6666666666667 323.3333333333333 241.66666666666666 320.6666666666667 219.33333333333334 317.0 197.0 295.3333333333333 282.6666666666667 284.6666666666667 244.66666666666666 277.0 221.0 270.0 198.66666666666666 270.6666666666667 295.6666666666667 258.6666666666667 263.6666666666667 252.66666666666666 242.0 248.0 220.33333333333334 249.66666666666666 315.3333333333333 230.33333333333334 288.6666666666667 218.0 270.3333333333333 207.66666666666666 252.66666666666666 
314.6666666666667 389.0 353.0 369.3333333333333 379.6666666666667 342.0 391.6666666666667 319.3333333333333 388.3333333333333 302.6666666666667 334.3333333333333 281.3333333333333 332.3333333333333 244.33333333333334 330.3333333333333 223.33333333333334 327.6666666666667 202.0 305.0 284.6666666666667 294.6666666666667 248.33333333333334 288.6666666666667 226.33333333333334 283.6666666666667 205.33333333333334 280.0 297.6666666666667 269.3333333333333 266.3333333333333 264.6666666666667 245.66666666666666 261.6666666666667 225.66666666666666 258.6666666666667 317.3333333333333 240.0 291.3333333333333 227.66666666666666 274.3333333333333 217.33333333333334 258.0 
328.3333333333333 386.3333333333333 366.6666666666667 366.3333333333333 393.6666666666667 338.6666666666667 406.0 317.3333333333333 408.3333333333333 301.0 348.3333333333333 279.3333333333333 346.3333333333333 243.0 348.3333333333333 225.0 351.6666666666667 210.0 320.3333333333333 283.0 310.6666666666667 247.66666666666666 309.6666666666667 228.66666666666666 311.6666666666667 214.0 296.0 296.0 285.0 264.3333333333333 284.6666666666667 247.0 288.3333333333333 233.33333333333334 274.6666666666667 316.0 255.66666666666666 290.0 248.33333333333334 276.0 245.33333333333334 265.0 
347.3333333333333 378.6666666666667 384.6666666666667 356.3333333333333 412.3333333333333 327.6666666666667 427.3333333333333 306.6666666666667 437.3333333333333 290.3333333333333 365.6666666666667 271.3333333333333 369.3333333333333 235.33333333333334 381.3333333333333 223.66666666666666 394.0 216.66666666666666 339.6666666666667 275.6666666666667 341.0 241.33333333333334 354.0 230.66666666666666 367.0 225.66666666666666 316.3333333333333 288.6666666666667 316.3333333333333 258.3333333333333 329.3333333333333 250.66666666666666 343.0 248.33333333333334 295.3333333333333 309.0 287.6666666666667 285.3333333333333 292.6666666666667 277.6666666666667 300.3333333333333 274.0 
418.6666666666667 301.3333333333333 445.6666666666667 275.0 472.0 243.66666666666666 491.3333333333333 222.0 509.0 206.33333333333334 437.3333333333333 203.66666666666666 451.3333333333333 170.66666666666666 472.6666666666667 160.0 492.6666666666667 156.33333333333334 422.6666666666667 211.0 439.6666666666667 179.0 463.0 170.0 485.0 167.66666666666666 410.6666666666667 226.66666666666666 427.0 198.33333333333334 450.6666666666667 194.0 473.3333333333333 195.66666666666666 400.3333333333333 248.66666666666666 410.3333333333333 227.33333333333334 427.6666666666667 222.0 446.0 221.0 
487.6666666666667 222.0 504.3333333333333 190.0 530.3333333333334 156.66666666666666 555.0 136.33333333333334 576.6666666666666 124.0 510.6666666666667 131.0 536.0 103.0 564.0 92.33333333333333 586.6666666666666 86.33333333333333 506.6666666666667 142.0 539.3333333333334 114.0 571.3333333333334 107.0 597.0 105.0 505.3333333333333 161.0 539.6666666666666 137.33333333333334 571.3333333333334 135.33333333333334 596.6666666666666 136.66666666666666 506.0 186.0 534.3333333333334 169.33333333333334 558.6666666666666 165.0 579.6666666666666 163.33333333333334 
553.3333333333334 142.0 560.3333333333334 105.33333333333333 587.3333333333334 71.33333333333333 617.0 55.666666666666664 641.3333333333334 50.333333333333336 588.3333333333334 57.333333333333336 624.6666666666666 41.0 652.0 33.666666666666664 671.0 29.333333333333332 594.3333333333334 73.66666666666667 636.0 57.0 664.0 51.666666666666664 685.0 48.333333333333336 602.3333333333334 97.66666666666667 645.3333333333334 82.66666666666667 672.3333333333334 79.33333333333333 693.0 77.33333333333333 611.0 126.0 646.6666666666666 114.33333333333333 669.0 110.0 687.0 107.0 
564.6666666666666 127.66666666666667 572.0 87.66666666666667 601.3333333333334 53.666666666666664 635.0 41.333333333333336 662.0 41.666666666666664 608.3333333333334 36.0 651.6666666666666 28.666666666666668 673.6666666666666 32.0 685.6666666666666 34.0 615.3333333333334 55.333333333333336 661.3333333333334 48.666666666666664 681.0 53.666666666666664 691.0 56.333333333333336 622.6666666666666 82.33333333333333 668.6666666666666 76.33333333333333 685.0 80.0 693.3333333333334 82.0 630.0 112.33333333333333 667.6666666666666 107.0 681.0 108.33333333333333 689.0 108.66666666666667 
573.0 119.66666666666667 578.6666666666666 78.33333333333333 608.6666666666666 44.0 644.6666666666666 32.666666666666664 673.0 35.666666666666664 618.3333333333334 23.333333333333332 668.6666666666666 22.0 684.3333333333334 35.0 688.0 43.666666666666664 626.0 44.333333333333336 677.6666666666666 46.333333333333336 687.0 59.0 686.0 65.33333333333333 633.0 72.66666666666667 682.6666666666666 73.66666666666667 687.6666666666666 83.33333333333333 684.6666666666666 88.66666666666667 638.6666666666666 102.33333333333333 680.0 101.0 684.3333333333334 107.66666666666667 682.3333333333334 111.33333333333333 
577.3333333333334 118.0 580.6666666666666 77.33333333333333 609.0 42.0 645.3333333333334 29.333333333333332 675.0 31.0 615.3333333333334 19.333333333333332 668.0 15.666666666666666 680.3333333333334 31.0 679.6666666666666 41.0 622.6666666666666 39.666666666666664 678.0 40.666666666666664 681.0 56.333333333333336 673.3333333333334 64.0 630.6666666666666 67.33333333333333 683.0 68.0 680.6666666666666 81.0 670.3333333333334 87.66666666666667 638.0 96.33333333333333 682.0 94.66666666666667 680.0 104.0 670.6666666666666 109.0 
579.3333333333334 122.33333333333333 580.6666666666666 83.33333333333333 607.0 46.333333333333336 642.0 31.0 671.3333333333334 29.0 608.3333333333334 23.666666666666668 662.6666666666666 15.333333333333334 675.6666666666666 30.666666666666668 674.6666666666666 41.333333333333336 614.3333333333334 43.333333333333336 673.6666666666666 40.333333333333336 677.3333333333334 56.333333333333336 669.3333333333334 64.66666666666667 623.0 69.66666666666667 679.0 66.66666666666667 677.0 80.66666666666667 666.6666666666666 87.66666666666667 632.3333333333334 97.66666666666667 679.3333333333334 93.0 677.3333333333334 103.0 667.3333333333334 109.0 
579.3333333333334 128.0 580.6666666666666 90.0 605.0 50.666666666666664 638.0 32.0 665.6666666666666 26.0 603.0 29.0 658.3333333333334 17.0 673.3333333333334 31.333333333333332 674.3333333333334 41.0 607.3333333333334 49.333333333333336 670.3333333333334 42.333333333333336 676.6666666666666 58.0 670.6666666666666 66.0 616.3333333333334 75.66666666666667 675.6666666666666 68.66666666666667 675.6666666666666 82.66666666666667 666.6666666666666 90.0 627.0 103.66666666666667 676.0 95.33333333333333 675.3333333333334 105.66666666666667 666.3333333333334 112.0 
578.6666666666666 132.66666666666666 581.6666666666666 94.33333333333333 606.0 53.333333333333336 637.6666666666666 31.0 664.3333333333334 21.666666666666668 602.0 31.0 661.0 19.666666666666668 679.0 34.333333333333336 682.6666666666666 42.666666666666664 604.3333333333334 53.333333333333336 671.6666666666666 46.0 684.3333333333334 60.666666666666664 684.3333333333334 68.0 612.3333333333334 81.66666666666667 676.6666666666666 72.66666666666667 683.6666666666666 85.33333333333333 681.3333333333334 92.0 623.3333333333334 111.33333333333333 676.3333333333334 101.33333333333333 682.0 110.0 679.6666666666666 114.66666666666667 
576.0 137.66666666666666 582.0 98.0 609.3333333333334 57.0 644.0 36.333333333333336 672.3333333333334 28.333333333333332 605.0 34.0 669.3333333333334 27.0 691.0 42.0 698.3333333333334 50.0 604.6666666666666 57.666666666666664 677.3333333333334 53.333333333333336 696.6666666666666 67.66666666666667 703.0 74.66666666666667 611.0 88.0 681.0 80.33333333333333 695.3333333333334 92.33333333333333 699.3333333333334 98.66666666666667 621.0 120.33333333333333 678.3333333333334 111.33333333333333 691.0 118.33333333333333 695.0 121.66666666666667 
574.3333333333334 142.33333333333334 581.6666666666666 101.33333333333333 611.3333333333334 60.333333333333336 647.0 39.0 677.0 30.666666666666668 607.3333333333334 38.666666666666664 674.3333333333334 33.0 697.0 47.666666666666664 705.6666666666666 55.0 605.6666666666666 63.666666666666664 680.3333333333334 60.333333333333336 702.0 74.0 710.6666666666666 81.0 610.3333333333334 95.33333333333333 683.0 88.0 700.3333333333334 99.66666666666667 706.6666666666666 106.0 619.3333333333334 128.66666666666666 678.6666666666666 121.33333333333333 694.6666666666666 127.33333333333333 700.6666666666666 130.33333333333334 
571.3333333333334 148.33333333333334 579.3333333333334 106.33333333333333 609.6666666666666 65.66666666666667 645.6666666666666 44.666666666666664 675.6666666666666 36.666666666666664 606.6666666666666 46.0 672.3333333333334 39.0 693.3333333333334 53.333333333333336 700.0 61.333333333333336 605.0 70.66666666666667 679.3333333333334 67.0 698.3333333333334 81.33333333333333 703.6666666666666 88.66666666666667 609.0 102.0 681.0 95.66666666666667 696.3333333333334 108.33333333333333 699.0 115.66666666666667 617.3333333333334 135.33333333333334 676.3333333333334 129.33333333333334 690.3333333333334 136.66666666666666 693.6666666666666 141.0 
566.6666666666666 153.66666666666666 575.0 110.33333333333333 604.0 70.0 638.3333333333334 47.666666666666664 667.6666666666666 38.333333333333336 602.6666666666666 52.666666666666664 665.3333333333334 42.333333333333336 687.0 54.666666666666664 694.0 62.0 602.0 78.0 675.0 72.66666666666667 694.3333333333334 85.0 700.3333333333334 91.66666666666667 606.3333333333334 109.33333333333333 677.0 102.33333333333333 694.0 113.0 698.0 119.33333333333333 614.0 142.0 672.0 136.0 687.3333333333334 142.33333333333334 692.0 145.66666666666666 
561.0 160.0 569.6666666666666 115.33333333333333 598.0 76.0 633.3333333333334 55.0 663.3333333333334 47.333333333333336 599.0 58.333333333333336 660.3333333333334 47.666666666666664 682.6666666666666 60.0 689.3333333333334 68.66666666666667 599.6666666666666 83.66666666666667 671.0 78.0 691.0 89.66666666666667 697.0 96.0 604.3333333333334 115.0 673.3333333333334 108.0 691.6666666666666 118.0 696.3333333333334 123.66666666666667 611.6666666666666 148.0 668.0 142.0 684.3333333333334 147.33333333333334 690.0 149.66666666666666 
555.0 166.33333333333334 564.3333333333334 120.66666666666667 592.3333333333334 81.66666666666667 627.0 61.333333333333336 657.0 54.333333333333336 595.6666666666666 64.66666666666667 655.6666666666666 54.0 683.3333333333334 62.666666666666664 696.3333333333334 70.0 596.6666666666666 91.0 665.3333333333334 82.66666666666667 692.0 90.0 705.0 95.0 601.3333333333334 122.33333333333333 667.6666666666666 113.0 692.3333333333334 118.66666666666667 704.6666666666666 121.66666666666667 608.3333333333334 155.33333333333334 662.0 148.33333333333334 683.0 149.33333333333334 694.0 148.66666666666666 
551.0 171.33333333333334 561.0 126.0 589.3333333333334 87.0 624.0 66.33333333333333 653.3333333333334 59.0 593.3333333333334 69.33333333333333 653.3333333333334 58.666666666666664 685.0 65.66666666666667 702.3333333333334 73.0 594.3333333333334 95.66666666666667 661.3333333333334 85.66666666666667 691.6666666666666 91.33333333333333 708.3333333333334 96.33333333333333 598.6666666666666 127.33333333333333 662.6666666666666 117.0 690.6666666666666 121.0 706.6666666666666 123.33333333333333 605.6666666666666 160.66666666666666 657.3333333333334 153.0 680.0 152.0 693.3333333333334 151.0 
548.3333333333334 174.0 559.0 128.66666666666666 586.6666666666666 89.0 618.6666666666666 66.66666666666667 646.0 57.333333333333336 591.3333333333334 72.33333333333333 652.3333333333334 62.0 689.0 66.33333333333333 712.6666666666666 72.33333333333333 591.3333333333334 99.0 659.0 87.66666666666667 696.0 91.0 719.6666666666666 95.33333333333333 595.3333333333334 130.66666666666666 659.3333333333334 120.0 694.6666666666666 121.0 719.0 121.66666666666667 602.3333333333334 164.33333333333334 654.6666666666666 156.33333333333334 682.6666666666666 152.66666666666666 702.3333333333334 150.33333333333334 
548.0 174.66666666666666 558.6666666666666 129.66666666666666 585.0 89.66666666666667 615.0 66.0 640.3333333333334 54.666666666666664 590.0 73.33333333333333 652.3333333333334 62.666666666666664 689.6666666666666 67.0 714.0 73.0 590.0 99.66666666666667 658.6666666666666 87.66666666666667 696.6666666666666 91.33333333333333 721.0 96.33333333333333 594.0 131.33333333333334 659.3333333333334 120.66666666666667 696.3333333333334 122.0 721.6666666666666 122.66666666666667 601.3333333333334 165.0 655.3333333333334 157.0 684.0 153.66666666666666 704.3333333333334 151.33333333333334 
548.3333333333334 174.66666666666666 558.0 129.33333333333334 582.3333333333334 89.0 609.3333333333334 64.0 632.6666666666666 52.0 589.0 74.66666666666667 651.0 64.0 688.3333333333334 67.0 713.0 71.33333333333333 589.3333333333334 101.0 657.0 88.0 695.3333333333334 90.33333333333333 720.0 94.0 593.6666666666666 132.0 658.0 120.33333333333333 695.0 120.66666666666667 721.0 120.33333333333333 601.6666666666666 165.33333333333334 654.6666666666666 157.0 683.3333333333334 153.33333333333334 703.6666666666666 150.0 
549.0 173.66666666666666 558.0 129.0 581.6666666666666 89.0 608.3333333333334 64.33333333333333 631.6666666666666 52.666666666666664 588.0 75.0 648.6666666666666 63.666666666666664 685.6666666666666 66.66666666666667 710.0 70.66666666666667 588.6666666666666 100.66666666666667 654.3333333333334 87.33333333333333 692.0 89.0 716.3333333333334 92.33333333333333 593.6666666666666 131.66666666666666 656.0 119.0 691.6666666666666 119.0 716.6666666666666 118.33333333333333 602.0 164.33333333333334 653.0 156.0 680.3333333333334 152.0 699.6666666666666 148.33333333333334 
550.0 171.33333333333334 558.3333333333334 127.66666666666667 582.0 88.0 609.6666666666666 63.666666666666664 634.3333333333334 52.333333333333336 587.0 73.66666666666667 645.6666666666666 61.333333333333336 681.0 65.0 702.6666666666666 69.33333333333333 588.3333333333334 99.0 652.6666666666666 86.0 687.3333333333334 88.0 709.0 90.66666666666667 594.0 130.0 654.6666666666666 117.33333333333333 687.0 117.0 709.0 116.33333333333333 602.6666666666666 162.0 651.6666666666666 154.0 676.6666666666666 150.0 693.3333333333334 146.66666666666666 
550.6666666666666 168.66666666666666 558.3333333333334 126.0 581.6666666666666 86.33333333333333 609.0 61.0 633.0 48.333333333333336 587.0 72.0 645.0 59.666666666666664 678.3333333333334 64.0 697.6666666666666 68.66666666666667 589.3333333333334 97.0 652.6666666666666 84.33333333333333 685.0 87.0 704.0 90.0 595.6666666666666 128.0 655.0 115.33333333333333 685.0 115.66666666666667 704.3333333333334 115.33333333333333 604.0 159.33333333333334 652.0 151.66666666666666 675.3333333333334 148.0 690.0 145.0 
550.0 166.0 558.0 124.33333333333333 582.0 84.33333333333333 609.0 58.333333333333336 632.3333333333334 44.0 588.6666666666666 69.0 647.3333333333334 58.666666666666664 680.0 63.666666666666664 698.3333333333334 69.33333333333333 590.6666666666666 93.66666666666667 655.6666666666666 83.33333333333333 687.0 88.0 705.0 92.0 596.3333333333334 124.33333333333333 658.0 113.66666666666667 687.6666666666666 115.66666666666667 706.0 116.33333333333333 604.3333333333334 155.66666666666666 654.6666666666666 149.33333333333334 678.0 147.33333333333334 692.6666666666666 145.33333333333334 
549.0 164.33333333333334 557.3333333333334 122.33333333333333 581.3333333333334 81.33333333333333 606.3333333333334 53.333333333333336 626.6666666666666 35.333333333333336 590.3333333333334 67.0 651.6666666666666 59.666666666666664 684.6666666666666 65.0 704.3333333333334 70.33333333333333 591.3333333333334 91.33333333333333 659.0 83.66666666666667 691.3333333333334 89.66666666666667 710.6666666666666 94.33333333333333 596.3333333333334 121.66666666666667 660.6666666666666 112.33333333333333 691.6666666666666 116.33333333333333 711.3333333333334 117.66666666666667 603.3333333333334 153.33333333333334 656.6666666666666 147.66666666666666 681.6666666666666 147.0 697.6666666666666 146.0 
548.3333333333334 162.33333333333334 557.0 120.33333333333333 581.3333333333334 78.66666666666667 605.3333333333334 50.0 625.0 29.333333333333332 591.6666666666666 64.33333333333333 654.6666666666666 59.0 687.3333333333334 65.33333333333333 707.0 71.0 591.6666666666666 88.66666666666667 661.3333333333334 83.33333333333333 693.6666666666666 91.0 713.3333333333334 96.66666666666667 595.6666666666666 119.0 662.6666666666666 111.33333333333333 694.3333333333334 117.0 714.0 119.33333333333333 602.0 150.66666666666666 658.0 146.0 683.6666666666666 146.66666666666666 700.3333333333334 146.66666666666666 
549.3333333333334 161.33333333333334 557.6666666666666 119.33333333333333 581.3333333333334 77.0 604.0 47.333333333333336 622.3333333333334 24.666666666666668 591.6666666666666 63.333333333333336 655.3333333333334 58.333333333333336 687.6666666666666 65.0 707.3333333333334 69.66666666666667 591.6666666666666 88.0 661.6666666666666 82.33333333333333 693.6666666666666 90.33333333333333 713.0 96.0 595.3333333333334 118.33333333333333 662.6666666666666 110.33333333333333 694.0 116.33333333333333 713.6666666666666 118.66666666666667 601.3333333333334 149.66666666666666 658.0 144.66666666666666 683.6666666666666 145.66666666666666 700.3333333333334 145.66666666666666 
550.0 160.66666666666666 558.3333333333334 119.0 582.0 76.66666666666667 604.6666666666666 47.0 624.0 24.666666666666668 592.3333333333334 62.666666666666664 656.0 57.666666666666664 688.0 64.0 708.0 68.66666666666667 592.3333333333334 87.66666666666667 662.0 81.66666666666667 694.0 89.66666666666667 713.6666666666666 95.66666666666667 595.6666666666666 118.0 662.6666666666666 110.33333333333333 694.6666666666666 116.0 715.0 118.66666666666667 601.6666666666666 149.33333333333334 658.3333333333334 144.66666666666666 684.3333333333334 145.66666666666666 701.6666666666666 145.33333333333334 
550.0 161.33333333333334 558.6666666666666 119.66666666666667 582.3333333333334 77.33333333333333 605.0 47.333333333333336 624.3333333333334 24.666666666666668 592.3333333333334 63.333333333333336 656.0 58.333333333333336 688.0 64.0 708.3333333333334 68.66666666666667 592.3333333333334 88.33333333333333 661.6666666666666 82.0 694.0 89.66666666666667 714.0 95.66666666666667 595.6666666666666 118.66666666666667 662.6666666666666 110.66666666666667 694.6666666666666 116.0 715.0 118.66666666666667 601.6666666666666 150.33333333333334 658.3333333333334 145.33333333333334 684.6666666666666 146.33333333333334 702.0 145.66666666666666 
548.6666666666666 162.0 558.0 119.66666666666667 582.6666666666666 78.0 607.3333333333334 49.333333333333336 628.3333333333334 29.0 592.0 63.0 656.3333333333334 58.333333333333336 688.0 64.33333333333333 707.6666666666666 69.66666666666667 591.6666666666666 88.0 661.6666666666666 82.0 694.0 90.0 714.0 96.33333333333333 595.3333333333334 118.66666666666667 662.6666666666666 111.0 695.0 116.33333333333333 715.3333333333334 119.33333333333333 601.3333333333334 151.0 658.0 146.0 685.0 147.0 702.3333333333334 146.0 
547.6666666666666 162.33333333333334 557.0 120.0 582.3333333333334 78.66666666666667 607.6666666666666 50.333333333333336 628.6666666666666 31.0 592.6666666666666 63.0 656.6666666666666 58.666666666666664 686.6666666666666 65.33333333333333 704.3333333333334 70.66666666666667 592.3333333333334 88.0 662.3333333333334 82.66666666666667 692.0 91.0 708.6666666666666 97.33333333333333 596.0 119.0 663.3333333333334 111.66666666666667 692.6666666666666 117.33333333333333 709.3333333333334 120.66666666666667 601.6666666666666 151.66666666666666 658.0 146.33333333333334 682.3333333333334 147.66666666666666 696.6666666666666 147.0 
548.0 162.0 556.6666666666666 119.0 582.3333333333334 77.66666666666667 609.3333333333334 50.0 632.3333333333334 33.333333333333336 594.0 62.333333333333336 656.6666666666666 57.666666666666664 685.0 64.66666666666667 700.6666666666666 69.66666666666667 594.6666666666666 87.33333333333333 663.0 82.0 689.6666666666666 90.0 703.0 95.66666666666667 598.6666666666666 118.0 664.0 111.66666666666667 689.6666666666666 117.33333333333333 702.6666666666666 120.33333333333333 604.3333333333334 150.66666666666666 658.6666666666666 145.66666666666666 679.3333333333334 147.33333333333334 690.3333333333334 146.66666666666666 
548.3333333333334 162.0 556.3333333333334 119.0 581.6666666666666 78.0 609.3333333333334 50.666666666666664 633.0 35.0 595.0 62.666666666666664 655.0 56.666666666666664 681.3333333333334 64.33333333333333 694.6666666666666 70.0 597.3333333333334 86.66666666666667 662.6666666666666 81.33333333333333 685.3333333333334 90.0 694.3333333333334 95.33333333333333 601.3333333333334 117.0 664.3333333333334 111.0 684.6666666666666 118.0 692.3333333333334 121.33333333333333 606.6666666666666 149.33333333333334 658.3333333333334 145.0 674.3333333333334 147.66666666666666 681.0 148.0 
541.6666666666666 166.66666666666666 550.6666666666666 124.0 578.3333333333334 85.0 610.0 61.666666666666664 637.3333333333334 50.333333333333336 587.0 68.0 645.6666666666666 57.666666666666664 675.6666666666666 63.0 691.6666666666666 68.66666666666667 590.0 90.66666666666667 654.3333333333334 82.0 680.6666666666666 89.33333333333333 693.3333333333334 94.33333333333333 595.0 119.66666666666667 657.3333333333334 112.0 680.3333333333334 118.0 691.0 121.33333333333333 601.0 151.0 651.0 146.33333333333334 669.3333333333334 148.66666666666666 679.0 149.33333333333334 
504.3333333333333 211.33333333333334 525.3333333333334 170.33333333333334 554.6666666666666 125.33333333333333 581.3333333333334 96.66666666666667 606.0 79.66666666666667 543.6666666666666 104.66666666666667 582.3333333333334 81.0 609.0 78.0 626.3333333333334 79.66666666666667 537.0 123.66666666666667 577.3333333333334 102.66666666666667 601.0 108.66666666666667 615.0 116.0 532.6666666666666 150.33333333333334 570.6666666666666 134.0 592.0 141.33333333333334 604.3333333333334 148.66666666666666 529.0 180.33333333333334 558.0 167.66666666666666 575.3333333333334 170.0 586.6666666666666 173.66666666666666 
459.3333333333333 265.6666666666667 492.0 231.0 523.3333333333334 182.66666666666666 545.3333333333334 149.66666666666666 566.3333333333334 125.66666666666667 489.3333333333333 148.33333333333334 512.0 111.66666666666667 534.3333333333334 96.33333333333333 552.3333333333334 88.0 471.0 161.66666666666666 491.0 126.0 511.6666666666667 118.33333333333333 529.3333333333334 115.66666666666667 456.0 183.66666666666666 472.6666666666667 154.0 490.6666666666667 149.33333333333334 506.3333333333333 148.33333333333334 442.3333333333333 212.0 451.3333333333333 189.0 465.3333333333333 183.66666666666666 478.6666666666667 181.66666666666666 
412.0 329.0 454.0 299.0 484.6666666666667 249.66666666666666 500.6666666666667 211.66666666666666 516.6666666666666 180.33333333333334 434.3333333333333 202.0 437.6666666666667 154.33333333333334 448.6666666666667 130.0 460.3333333333333 112.33333333333333 404.6666666666667 210.0 400.3333333333333 163.0 409.6666666666667 144.66666666666666 421.6666666666667 132.66666666666666 378.3333333333333 229.0 369.6666666666667 189.66666666666666 376.3333333333333 176.33333333333334 386.6666666666667 166.33333333333334 354.0 256.0 341.0 225.66666666666666 344.6666666666667 214.0 351.6666666666667 205.33333333333334 
384.3333333333333 364.0 425.6666666666667 340.0 456.3333333333333 299.3333333333333 475.0 265.6666666666667 491.6666666666667 236.66666666666666 405.6666666666667 238.33333333333334 409.3333333333333 190.33333333333334 415.6666666666667 163.66666666666666 422.6666666666667 141.0 374.0 242.0 369.6666666666667 193.66666666666666 373.6666666666667 165.66666666666666 382.3333333333333 141.66666666666666 346.3333333333333 258.0 338.0 215.0 339.0 190.33333333333334 346.0 168.0 321.6666666666667 283.0 307.3333333333333 252.0 304.3333333333333 233.33333333333334 306.0 215.66666666666666 
359.3333333333333 394.3333333333333 400.0 371.3333333333333 430.3333333333333 337.6666666666667 449.6666666666667 307.6666666666667 467.6666666666667 282.6666666666667 382.3333333333333 274.6666666666667 383.0 227.33333333333334 385.0 201.33333333333334 387.6666666666667 177.66666666666666 350.6666666666667 277.0 342.3333333333333 230.66666666666666 341.0 203.33333333333334 342.6666666666667 179.0 323.3333333333333 291.6666666666667 311.6666666666667 250.0 308.6666666666667 225.66666666666666 309.3333333333333 202.66666666666666 299.3333333333333 314.3333333333333 282.3333333333333 284.6666666666667 274.6666666666667 265.6666666666667 270.0 246.33333333333334 
338.3333333333333 414.0 380.0 393.0 409.6666666666667 362.3333333333333 428.6666666666667 334.3333333333333 447.6666666666667 312.0 362.6666666666667 298.0 363.3333333333333 253.0 363.3333333333333 227.0 364.0 202.66666666666666 331.3333333333333 298.6666666666667 321.6666666666667 253.33333333333334 317.6666666666667 226.0 315.6666666666667 201.0 304.3333333333333 311.3333333333333 292.6666666666667 269.3333333333333 288.3333333333333 244.0 286.0 221.0 281.0 332.0 263.0 301.3333333333333 254.0 281.0 247.33333333333334 261.3333333333333 
322.0 424.3333333333333 364.0 403.6666666666667 394.0 375.6666666666667 412.3333333333333 349.6666666666667 431.3333333333333 329.3333333333333 347.0 310.0 348.0 266.3333333333333 346.6666666666667 240.33333333333334 345.3333333333333 215.66666666666666 315.6666666666667 309.6666666666667 305.6666666666667 265.0 299.6666666666667 237.66666666666666 294.6666666666667 213.0 288.6666666666667 321.3333333333333 276.6666666666667 280.0 271.3333333333333 255.0 266.6666666666667 232.0 265.3333333333333 341.3333333333333 247.33333333333334 310.6666666666667 238.0 290.0 230.33333333333334 270.0 
304.6666666666667 433.3333333333333 347.3333333333333 413.6666666666667 378.0 387.0 397.6666666666667 362.0 416.6666666666667 342.6666666666667 332.3333333333333 318.3333333333333 334.3333333333333 275.3333333333333 332.3333333333333 248.66666666666666 329.6666666666667 224.0 301.0 317.3333333333333 292.0 271.6666666666667 285.0 244.0 278.6666666666667 219.66666666666666 273.6666666666667 328.3333333333333 262.6666666666667 287.0 257.0 261.6666666666667 252.0 239.0 249.66666666666666 348.0 232.66666666666666 316.6666666666667 223.66666666666666 295.6666666666667 216.0 275.3333333333333 
289.3333333333333 442.3333333333333 331.3333333333333 424.6666666666667 363.0 399.6666666666667 383.6666666666667 375.6666666666667 402.6666666666667 357.0 318.6666666666667 327.3333333333333 321.3333333333333 284.0 319.3333333333333 257.0 316.0 232.0 287.0 325.6666666666667 278.6666666666667 279.3333333333333 271.6666666666667 250.66666666666666 264.6666666666667 226.0 259.6666666666667 336.0 249.0 294.0 243.33333333333334 268.6666666666667 238.0 245.66666666666666 235.0 355.0 219.0 323.3333333333333 209.66666666666666 302.6666666666667 201.66666666666666 282.0 
277.0 451.0 318.0 435.3333333333333 350.0 411.6666666666667 371.3333333333333 389.0 391.0 371.3333333333333 306.3333333333333 336.0 309.3333333333333 292.3333333333333 307.0 265.0 303.3333333333333 239.66666666666666 274.6666666666667 334.0 266.6666666666667 287.0 259.3333333333333 257.6666666666667 251.33333333333334 232.33333333333334 247.33333333333334 344.0 237.33333333333334 301.3333333333333 231.0 275.6666666666667 225.0 252.66666666666666 222.66666666666666 362.3333333333333 207.33333333333334 330.3333333333333 197.66666666666666 309.3333333333333 190.0 288.3333333333333 
268.6666666666667 457.3333333333333 309.0 443.3333333333333 341.0 420.6666666666667 361.6666666666667 399.3333333333333 382.0 383.3333333333333 296.6666666666667 343.0 299.3333333333333 299.3333333333333 297.0 272.3333333333333 293.0 246.66666666666666 265.0 340.3333333333333 257.3333333333333 293.3333333333333 249.33333333333334 264.0 240.66666666666666 238.0 238.0 350.0 228.0 306.6666666666667 221.0 281.3333333333333 214.33333333333334 257.6666666666667 213.66666666666666 368.0 198.66666666666666 335.6666666666667 189.0 314.6666666666667 181.0 294.0 
261.3333333333333 462.0 301.6666666666667 449.0 333.6666666666667 427.3333333333333 354.3333333333333 407.0 375.3333333333333 393.0 288.6666666666667 348.3333333333333 291.0 305.0 288.6666666666667 278.0 284.3333333333333 252.33333333333334 257.0 345.0 250.0 297.6666666666667 241.33333333333334 268.6666666666667 232.33333333333334 242.33333333333334 230.0 354.0 220.0 310.6666666666667 212.33333333333334 285.3333333333333 205.0 261.6666666666667 206.0 372.0 191.0 339.3333333333333 181.33333333333334 318.3333333333333 173.0 298.0 
254.33333333333334 465.0 295.3333333333333 453.0 327.3333333333333 432.0 347.6666666666667 412.3333333333333 369.3333333333333 399.3333333333333 281.6666666666667 351.6666666666667 283.6666666666667 308.6666666666667 281.6666666666667 281.6666666666667 277.3333333333333 255.33333333333334 250.33333333333334 348.0 243.66666666666666 300.3333333333333 235.0 271.3333333333333 226.0 244.33333333333334 223.0 356.3333333333333 213.0 313.0 205.0 287.0 197.66666666666666 262.3333333333333 198.66666666666666 374.0 183.66666666666666 341.0 173.66666666666666 320.3333333333333 164.66666666666666 300.0 
247.66666666666666 466.0 288.6666666666667 455.6666666666667 320.6666666666667 435.6666666666667 341.0 416.3333333333333 363.0 403.3333333333333 275.3333333333333 353.6666666666667 277.3333333333333 310.3333333333333 275.0 283.0 270.3333333333333 256.3333333333333 244.0 349.3333333333333 237.0 301.3333333333333 228.33333333333334 271.6666666666667 219.33333333333334 244.0 216.33333333333334 357.3333333333333 206.0 314.0 198.0 287.3333333333333 190.33333333333334 262.3333333333333 192.0 374.6666666666667 176.33333333333334 341.3333333333333 165.33333333333334 321.0 156.0 300.6666666666667 
243.0 466.6666666666667 284.0 458.0 315.3333333333333 439.0 334.6666666666667 420.6666666666667 357.0 407.0 270.0 355.3333333333333 271.6666666666667 311.3333333333333 269.0 283.6666666666667 264.3333333333333 256.3333333333333 238.66666666666666 350.6666666666667 230.66666666666666 302.6666666666667 222.33333333333334 272.0 213.0 244.0 211.0 358.6666666666667 200.0 315.0 192.0 288.0 184.33333333333334 262.6666666666667 186.66666666666666 375.6666666666667 170.0 342.0 158.33333333333334 321.6666666666667 148.66666666666666 301.0 
239.66666666666666 469.0 280.3333333333333 461.6666666666667 311.0 443.6666666666667 330.0 426.3333333333333 352.0 412.6666666666667 266.0 358.6666666666667 267.3333333333333 314.3333333333333 264.3333333333333 286.3333333333333 259.3333333333333 259.0 234.33333333333334 353.6666666666667 225.66666666666666 305.3333333333333 217.0 274.0 208.0 246.0 207.0 361.6666666666667 195.0 317.3333333333333 186.66666666666666 290.3333333333333 179.0 265.0 183.0 378.6666666666667 165.33333333333334 344.6666666666667 153.0 323.6666666666667 143.0 302.6666666666667 
236.66666666666666 472.3333333333333 277.0 466.0 307.3333333333333 449.0 326.3333333333333 432.6666666666667 348.3333333333333 419.6666666666667 262.6666666666667 363.3333333333333 263.6666666666667 319.0 260.3333333333333 291.0 255.33333333333334 263.6666666666667 230.33333333333334 358.3333333333333 221.0 309.6666666666667 212.33333333333334 278.3333333333333 203.33333333333334 250.0 203.0 366.3333333333333 190.33333333333334 321.6666666666667 181.66666666666666 294.6666666666667 174.0 269.0 179.0 383.0 160.66666666666666 349.0 148.0 327.6666666666667 138.0 306.0 
233.33333333333334 476.6666666666667 273.0 470.6666666666667 303.0 454.6666666666667 322.3333333333333 438.6666666666667 344.6666666666667 426.3333333333333 258.3333333333333 368.3333333333333 259.3333333333333 324.3333333333333 255.66666666666666 296.3333333333333 250.33333333333334 269.3333333333333 226.0 363.6666666666667 216.0 314.3333333333333 206.66666666666666 283.3333333333333 197.66666666666666 254.66666666666666 198.33333333333334 371.6666666666667 185.0 326.6666666666667 176.33333333333334 299.3333333333333 168.33333333333334 273.3333333333333 174.66666666666666 388.6666666666667 155.66666666666666 354.0 142.33333333333334 332.3333333333333 132.0 310.3333333333333 
228.66666666666666 481.0 267.6666666666667 475.3333333333333 297.3333333333333 460.3333333333333 317.3333333333333 444.6666666666667 339.6666666666667 432.0 253.33333333333334 373.6666666666667 254.33333333333334 329.6666666666667 250.33333333333334 301.6666666666667 244.66666666666666 274.6666666666667 221.0 368.6666666666667 210.66666666666666 319.3333333333333 201.0 288.3333333333333 191.66666666666666 259.3333333333333 193.0 376.6666666666667 179.66666666666666 331.3333333333333 171.33333333333334 304.0 162.66666666666666 278.3333333333333 169.66666666666666 393.6666666666667 150.33333333333334 358.3333333333333 137.0 336.6666666666667 126.0 314.6666666666667 
225.0 485.6666666666667 263.0 479.6666666666667 292.0 465.3333333333333 313.0 450.3333333333333 335.6666666666667 438.0 248.66666666666666 378.3333333333333 249.33333333333334 334.6666666666667 245.33333333333334 307.0 239.66666666666666 280.0 216.66666666666666 373.3333333333333 206.66666666666666 324.0 196.66666666666666 293.0 187.33333333333334 264.3333333333333 188.66666666666666 381.0 175.66666666666666 335.6666666666667 167.33333333333334 308.3333333333333 158.66666666666666 283.0 165.66666666666666 398.3333333333333 146.66666666666666 362.6666666666667 133.0 340.6666666666667 121.66666666666667 318.6666666666667 
221.33333333333334 489.0 258.6666666666667 483.6666666666667 287.6666666666667 470.0 309.6666666666667 456.0 332.6666666666667 444.3333333333333 246.0 383.3333333333333 246.66666666666666 340.3333333333333 242.66666666666666 312.6666666666667 237.0 285.6666666666667 213.66666666666666 377.6666666666667 204.66666666666666 328.6666666666667 194.66666666666666 298.0 185.0 269.6666666666667 186.0 385.0 173.33333333333334 339.6666666666667 164.66666666666666 312.6666666666667 156.0 287.6666666666667 162.66666666666666 402.0 144.33333333333334 366.6666666666667 130.66666666666666 344.6666666666667 119.0 322.3333333333333 
220.66666666666666 490.6666666666667 258.0 485.6666666666667 286.6666666666667 472.3333333333333 308.6666666666667 458.6666666666667 332.3333333333333 448.6666666666667 245.66666666666666 386.3333333333333 246.66666666666666 343.6666666666667 242.33333333333334 315.6666666666667 236.66666666666666 288.6666666666667 213.0 380.3333333333333 204.33333333333334 331.6666666666667 194.0 301.3333333333333 184.0 273.3333333333333 185.33333333333334 387.6666666666667 172.66666666666666 342.6666666666667 163.66666666666666 315.6666666666667 155.0 290.6666666666667 162.0 404.6666666666667 143.66666666666666 369.6666666666667 129.66666666666666 347.6666666666667 118.0 325.3333333333333 
222.66666666666666 491.0 260.3333333333333 486.0 289.0 472.3333333333333 310.0 458.3333333333333 334.0 449.6666666666667 247.66666666666666 387.0 249.33333333333334 344.3333333333333 245.33333333333334 316.3333333333333 239.33333333333334 289.3333333333333 214.66666666666666 381.0 205.66666666666666 332.3333333333333 195.33333333333334 302.0 185.0 274.3333333333333 187.0 388.6666666666667 174.0 343.6666666666667 165.33333333333334 316.6666666666667 156.66666666666666 291.6666666666667 163.66666666666666 405.6666666666667 145.0 370.6666666666667 131.33333333333334 348.6666666666667 119.66666666666667 326.3333333333333 
227.33333333333334 490.0 265.3333333333333 484.0 293.6666666666667 469.6666666666667 314.0 455.3333333333333 337.3333333333333 447.3333333333333 251.33333333333334 384.6666666666667 253.33333333333334 341.6666666666667 249.66666666666666 314.0 243.66666666666666 287.3333333333333 218.33333333333334 379.0 209.0 330.0 199.0 299.6666666666667 189.0 272.3333333333333 190.66666666666666 387.0 178.0 342.0 169.66666666666666 314.6666666666667 161.33333333333334 289.6666666666667 167.66666666666666 404.3333333333333 148.33333333333334 369.3333333333333 134.66666666666666 347.6666666666667 123.33333333333333 325.6666666666667 
232.66666666666666 487.6666666666667 270.6666666666667 480.6666666666667 299.0 465.6666666666667 319.0 451.0 341.6666666666667 442.6666666666667 255.33333333333334 381.0 257.6666666666667 338.0 254.33333333333334 311.0 248.66666666666666 284.3333333333333 222.66666666666666 376.0 213.66666666666666 326.6666666666667 204.0 295.6666666666667 194.33333333333334 268.3333333333333 195.33333333333334 384.3333333333333 183.33333333333334 338.6666666666667 175.33333333333334 311.0 167.33333333333334 286.0 172.66666666666666 402.0 153.0 367.0 139.33333333333334 345.3333333333333 128.33333333333334 323.6666666666667 
238.33333333333334 483.0 276.6666666666667 475.6666666666667 305.3333333333333 460.0 325.0 444.6666666666667 346.6666666666667 435.0 260.0 376.3333333333333 262.6666666666667 332.6666666666667 259.6666666666667 305.3333333333333 254.66666666666666 279.0 227.66666666666666 371.0 219.66666666666666 321.6666666666667 210.66666666666666 290.3333333333333 201.66666666666666 262.6666666666667 201.0 379.0 189.66666666666666 333.3333333333333 182.33333333333334 305.6666666666667 175.0 280.6666666666667 178.0 396.3333333333333 158.33333333333334 362.0 144.66666666666666 340.3333333333333 133.33333333333334 319.0 
244.0 477.0 283.3333333333333 470.0 313.0 453.0 332.6666666666667 435.3333333333333 354.3333333333333 423.6666666666667 266.6666666666667 370.0 270.0 325.6666666666667 268.0 297.6666666666667 264.0 271.3333333333333 235.0 364.0 228.0 314.6666666666667 220.33333333333334 282.6666666666667 212.66666666666666 254.33333333333334 208.33333333333334 371.6666666666667 198.33333333333334 325.6666666666667 192.0 298.0 186.0 273.0 185.0 388.0 166.66666666666666 354.0 154.33333333333334 332.0 143.66666666666666 311.0 
253.33333333333334 470.0 293.0 462.0 323.6666666666667 442.3333333333333 344.0 422.3333333333333 367.0 409.6666666666667 278.3333333333333 360.6666666666667 282.3333333333333 316.0 281.3333333333333 287.0 278.3333333333333 260.6666666666667 247.0 354.3333333333333 240.66666666666666 304.3333333333333 234.66666666666666 272.0 228.66666666666666 243.0 220.0 361.0 211.33333333333334 315.0 206.66666666666666 287.3333333333333 203.0 262.0 195.33333333333334 377.0 179.0 343.0 168.0 320.6666666666667 158.66666666666666 299.3333333333333 
266.6666666666667 460.6666666666667 307.0 450.0 338.3333333333333 427.6666666666667 360.3333333333333 406.6666666666667 384.3333333333333 393.6666666666667 295.0 347.3333333333333 300.0 303.0 300.3333333333333 274.3333333333333 299.0 248.33333333333334 264.0 341.6666666666667 259.0 291.3333333333333 254.66666666666666 259.0 250.33333333333334 230.0 236.0 348.3333333333333 228.66666666666666 301.6666666666667 225.33333333333334 274.3333333333333 223.0 249.0 210.66666666666666 365.0 196.0 330.0 186.66666666666666 307.3333333333333 179.66666666666666 285.6666666666667 
280.3333333333333 448.3333333333333 321.6666666666667 435.0 354.6666666666667 411.0 377.6666666666667 390.0 402.0 377.3333333333333 312.6666666666667 332.3333333333333 319.0 288.3333333333333 320.0 260.0 320.0 234.33333333333334 281.6666666666667 327.3333333333333 278.3333333333333 276.6666666666667 275.0 244.33333333333334 272.0 216.0 253.33333333333334 334.0 247.33333333333334 287.0 245.33333333333334 259.6666666666667 244.33333333333334 234.66666666666666 227.66666666666666 351.3333333333333 214.0 316.0 205.66666666666666 293.0 200.33333333333334 271.3333333333333 
290.6666666666667 432.6666666666667 334.0 417.3333333333333 368.0 393.0 392.0 372.0 415.3333333333333 358.3333333333333 325.6666666666667 316.6666666666667 333.3333333333333 272.0 336.0 243.66666666666666 337.3333333333333 218.0 295.3333333333333 312.0 293.6666666666667 261.3333333333333 291.6666666666667 228.33333333333334 289.6666666666667 200.33333333333334 267.3333333333333 318.6666666666667 262.6666666666667 271.6666666666667 261.3333333333333 244.33333333333334 261.0 220.0 241.66666666666666 335.3333333333333 228.0 299.3333333333333 220.33333333333334 275.6666666666667 215.33333333333334 253.66666666666666 
296.6666666666667 413.6666666666667 340.3333333333333 397.6666666666667 374.3333333333333 373.3333333333333 398.6666666666667 351.0 422.0 335.6666666666667 332.0 299.0 341.0 253.66666666666666 344.3333333333333 224.0 346.3333333333333 197.66666666666666 302.0 294.0 301.3333333333333 243.33333333333334 300.0 210.0 299.0 182.0 274.6666666666667 300.6666666666667 271.3333333333333 253.33333333333334 270.0 224.66666666666666 270.6666666666667 200.66666666666666 249.0 316.3333333333333 235.33333333333334 280.0 227.33333333333334 256.0 222.0 233.66666666666666 
298.0 390.6666666666667 341.6666666666667 374.3333333333333 375.0 350.3333333333333 400.6666666666667 327.3333333333333 424.6666666666667 310.3333333333333 333.6666666666667 277.3333333333333 343.6666666666667 230.66666666666666 347.3333333333333 199.33333333333334 349.6666666666667 172.0 304.0 272.0 303.6666666666667 221.0 302.3333333333333 187.33333333333334 301.6666666666667 159.33333333333334 276.3333333333333 278.0 273.3333333333333 230.0 271.6666666666667 200.33333333333334 272.3333333333333 176.0 249.66666666666666 293.0 236.0 256.0 228.0 231.66666666666666 222.33333333333334 209.0 
296.3333333333333 369.0 339.3333333333333 353.6666666666667 373.0 329.6666666666667 399.6666666666667 306.6666666666667 424.6666666666667 289.3333333333333 333.3333333333333 254.66666666666666 343.3333333333333 207.33333333333334 347.0 176.0 349.6666666666667 148.66666666666666 303.0 249.0 302.6666666666667 197.33333333333334 301.6666666666667 164.0 301.3333333333333 136.33333333333334 274.6666666666667 255.0 271.3333333333333 206.33333333333334 269.3333333333333 176.0 269.6666666666667 151.0 247.66666666666666 270.6666666666667 234.0 234.0 225.66666666666666 210.33333333333334 220.33333333333334 188.0 
291.6666666666667 354.6666666666667 335.6666666666667 339.6666666666667 370.3333333333333 315.6666666666667 397.6666666666667 293.0 423.0 275.6666666666667 331.0 238.0 341.3333333333333 190.0 344.6666666666667 158.66666666666666 346.6666666666667 130.66666666666666 300.3333333333333 232.0 300.0 179.0 298.6666666666667 145.33333333333334 297.6666666666667 117.0 271.6666666666667 238.0 267.6666666666667 188.66666666666666 265.6666666666667 158.33333333333334 265.6666666666667 132.33333333333334 244.66666666666666 254.33333333333334 230.66666666666666 218.33333333333334 222.66666666666666 195.0 217.33333333333334 172.66666666666666 
289.3333333333333 350.0 333.3333333333333 334.6666666666667 368.0 310.0 395.3333333333333 287.0 420.6666666666667 269.3333333333333 327.6666666666667 230.0 337.6666666666667 182.0 341.0 151.33333333333334 343.0 123.0 297.0 224.0 296.6666666666667 170.33333333333334 295.6666666666667 136.33333333333334 294.3333333333333 107.33333333333333 268.6666666666667 231.0 264.3333333333333 181.33333333333334 262.3333333333333 151.0 262.3333333333333 124.33333333333333 242.0 248.33333333333334 227.66666666666666 212.66666666666666 219.33333333333334 189.33333333333334 214.0 166.66666666666666 
288.0 351.3333333333333 332.6666666666667 334.6666666666667 367.0 309.3333333333333 393.6666666666667 285.6666666666667 418.3333333333333 267.0 324.6666666666667 228.66666666666666 334.6666666666667 180.66666666666666 337.6666666666667 149.66666666666666 339.0 121.0 294.0 223.33333333333334 293.6666666666667 169.66666666666666 292.0 135.33333333333334 290.3333333333333 106.0 266.0 231.33333333333334 261.3333333333333 181.33333333333334 260.0 150.66666666666666 260.0 123.66666666666667 239.66666666666666 249.33333333333334 225.0 213.66666666666666 217.0 189.66666666666666 211.33333333333334 166.33333333333334 
288.0 355.0 332.0 338.0 366.0 312.6666666666667 392.6666666666667 289.3333333333333 417.3333333333333 270.0 323.3333333333333 231.66666666666666 333.0 183.66666666666666 336.0 152.66666666666666 337.3333333333333 124.0 292.6666666666667 226.66666666666666 292.0 173.33333333333334 290.3333333333333 138.66666666666666 288.3333333333333 110.0 264.6666666666667 235.33333333333334 260.0 185.66666666666666 259.0 154.66666666666666 259.0 128.0 238.0 253.66666666666666 223.33333333333334 218.0 215.0 193.66666666666666 209.66666666666666 170.0 
287.3333333333333 359.0 331.0 342.0 365.0 317.0 391.3333333333333 294.0 416.0 275.0 322.3333333333333 236.33333333333334 332.3333333333333 188.33333333333334 335.0 157.33333333333334 336.0 128.66666666666666 291.3333333333333 231.33333333333334 290.3333333333333 178.66666666666666 288.3333333333333 143.66666666666666 286.0 114.66666666666667 263.6666666666667 240.0 258.6666666666667 191.0 258.0 160.33333333333334 258.0 133.33333333333334 237.33333333333334 258.3333333333333 222.0 223.33333333333334 213.33333333333334 199.0 207.66666666666666 175.33333333333334 
286.0 361.3333333333333 329.0 345.0 363.0 320.3333333333333 389.3333333333333 297.6666666666667 414.3333333333333 279.3333333333333 321.0 240.33333333333334 331.0 192.33333333333334 333.3333333333333 161.33333333333334 334.0 132.66666666666666 290.0 235.0 289.0 182.33333333333334 286.6666666666667 147.66666666666666 283.6666666666667 118.66666666666667 262.6666666666667 243.33333333333334 257.6666666666667 195.0 256.3333333333333 164.33333333333334 255.66666666666666 137.33333333333334 236.0 261.0 220.66666666666666 226.66666666666666 211.66666666666666 202.66666666666666 205.66666666666666 179.66666666666666 
284.3333333333333 362.0 327.3333333333333 346.0 361.3333333333333 321.6666666666667 387.0 298.3333333333333 411.6666666666667 280.3333333333333 319.0 242.0 328.6666666666667 194.0 330.6666666666667 163.33333333333334 330.6666666666667 134.66666666666666 288.3333333333333 236.66666666666666 287.0 184.0 284.0 149.66666666666666 281.0 120.0 261.3333333333333 244.33333333333334 256.0 196.66666666666666 254.33333333333334 166.33333333333334 253.0 139.0 234.66666666666666 262.0 219.33333333333334 227.66666666666666 210.0 203.66666666666666 203.33333333333334 181.33333333333334 
283.3333333333333 361.6666666666667 326.3333333333333 346.0 360.0 321.6666666666667 385.6666666666667 298.3333333333333 410.0 280.3333333333333 318.0 242.0 327.0 194.33333333333334 328.6666666666667 163.66666666666666 328.3333333333333 135.0 287.6666666666667 237.0 285.6666666666667 184.33333333333334 282.3333333333333 150.33333333333334 279.0 120.33333333333333 260.3333333333333 244.66666666666666 254.66666666666666 197.33333333333334 252.66666666666666 167.0 251.0 140.0 233.33333333333334 262.0 218.0 227.66666666666666 208.33333333333334 203.66666666666666 201.33333333333334 181.33333333333334 
283.0 361.6666666666667 326.0 346.0 359.3333333333333 322.3333333333333 385.0 299.0 408.6666666666667 280.6666666666667 317.6666666666667 242.0 326.3333333333333 194.66666666666666 328.0 164.0 327.3333333333333 135.0 287.6666666666667 237.0 285.0 184.66666666666666 281.3333333333333 150.66666666666666 277.6666666666667 120.33333333333333 260.0 244.66666666666666 254.0 198.0 252.0 167.66666666666666 250.66666666666666 140.66666666666666 233.0 262.3333333333333 217.66666666666666 228.0 207.66666666666666 204.33333333333334 200.66666666666666 181.66666666666666 
283.0 362.0 326.0 346.3333333333333 358.6666666666667 322.6666666666667 384.3333333333333 299.6666666666667 408.0 281.0 317.3333333333333 242.33333333333334 325.6666666666667 195.0 327.3333333333333 164.0 326.6666666666667 135.0 287.3333333333333 237.33333333333334 284.3333333333333 185.66666666666666 280.6666666666667 151.66666666666666 277.0 121.33333333333333 259.3333333333333 245.33333333333334 253.33333333333334 199.0 251.33333333333334 168.33333333333334 250.0 141.0 232.66666666666666 263.0 217.0 229.0 207.33333333333334 205.66666666666666 200.33333333333334 182.66666666666666 
282.6666666666667 363.0 325.6666666666667 347.0 358.3333333333333 323.3333333333333 383.3333333333333 300.0 406.6666666666667 281.3333333333333 316.0 242.66666666666666 323.6666666666667 195.33333333333334 325.6666666666667 164.66666666666666 324.6666666666667 135.66666666666666 286.0 238.0 282.6666666666667 186.66666666666666 278.6666666666667 152.66666666666666 275.3333333333333 123.0 258.0 246.0 252.0 200.0 249.66666666666666 169.33333333333334 248.0 142.0 232.0 264.3333333333333 216.0 230.33333333333334 206.66666666666666 207.33333333333334 199.33333333333334 184.66666666666666 
282.6666666666667 365.0 325.3333333333333 348.6666666666667 357.6666666666667 324.3333333333333 382.3333333333333 301.0 405.6666666666667 282.6666666666667 314.6666666666667 244.0 322.0 196.33333333333334 324.0 166.0 323.0 137.0 284.3333333333333 239.66666666666666 280.6666666666667 188.33333333333334 276.3333333333333 154.66666666666666 273.0 125.0 256.6666666666667 248.0 250.33333333333334 202.0 247.33333333333334 171.33333333333334 245.0 144.0 231.0 266.6666666666667 214.33333333333334 232.66666666666666 204.66666666666666 209.66666666666666 196.66666666666666 187.0 
283.0 367.6666666666667 325.0 351.0 357.3333333333333 326.3333333333333 382.3333333333333 303.3333333333333 405.3333333333333 285.3333333333333 314.0 245.66666666666666 321.3333333333333 198.33333333333334 323.0 168.33333333333334 321.6666666666667 139.33333333333334 283.3333333333333 242.0 279.3333333333333 190.33333333333334 275.0 156.66666666666666 271.0 127.0 256.0 250.66666666666666 249.33333333333334 204.66666666666666 246.0 174.33333333333334 243.66666666666666 147.0 230.33333333333334 269.6666666666667 213.0 235.33333333333334 202.66666666666666 212.33333333333334 193.66666666666666 190.0 
283.3333333333333 370.0 325.0 353.3333333333333 357.3333333333333 328.6666666666667 382.6666666666667 306.3333333333333 406.0 288.3333333333333 314.0 248.0 321.6666666666667 200.66666666666666 322.6666666666667 170.66666666666666 321.3333333333333 141.66666666666666 283.0 244.33333333333334 279.0 192.33333333333334 274.3333333333333 159.0 270.0 129.0 256.0 253.33333333333334 249.0 207.33333333333334 245.66666666666666 177.0 243.0 149.66666666666666 230.0 272.0 212.33333333333334 237.66666666666666 201.0 214.66666666666666 191.66666666666666 192.0 
283.6666666666667 371.0 325.3333333333333 354.3333333333333 357.6666666666667 330.0 383.0 308.0 406.3333333333333 290.3333333333333 314.0 249.0 322.0 202.0 322.3333333333333 172.0 321.0 143.33333333333334 283.0 245.33333333333334 279.0 193.66666666666666 274.3333333333333 160.33333333333334 269.6666666666667 130.33333333333334 256.0 254.33333333333334 249.0 208.66666666666666 246.0 178.66666666666666 243.0 151.0 230.0 273.0 212.0 239.0 200.66666666666666 216.0 191.33333333333334 193.33333333333334 
283.6666666666667 371.0 325.6666666666667 354.6666666666667 358.0 330.6666666666667 382.6666666666667 308.6666666666667 406.3333333333333 291.6666666666667 314.0 249.66666666666666 322.0 202.66666666666666 322.3333333333333 172.66666666666666 321.3333333333333 144.33333333333334 283.0 245.66666666666666 279.0 194.33333333333334 274.0 161.0 269.6666666666667 131.0 256.0 254.66666666666666 249.0 209.0 246.0 178.66666666666666 242.66666666666666 151.0 230.0 273.3333333333333 212.33333333333334 239.66666666666666 200.66666666666666 216.66666666666666 191.66666666666666 193.66666666666666 
283.6666666666667 371.0 325.6666666666667 354.6666666666667 357.6666666666667 330.6666666666667 382.3333333333333 308.6666666666667 406.0 292.3333333333333 314.0 249.66666666666666 322.0 203.0 322.6666666666667 173.0 321.3333333333333 144.66666666666666 283.0 245.66666666666666 279.0 194.66666666666666 274.0 161.0 269.3333333333333 131.0 255.66666666666666 254.66666666666666 249.0 209.0 246.0 178.66666666666666 242.66666666666666 150.66666666666666 230.0 273.3333333333333 212.33333333333334 240.0 201.0 217.0 191.66666666666666 194.33333333333334 
283.6666666666667 371.0 325.3333333333333 355.0 357.3333333333333 331.0 382.0 309.0 406.0 293.3333333333333 314.3333333333333 250.33333333333334 322.0 203.66666666666666 323.0 173.33333333333334 321.3333333333333 144.66666666666666 283.3333333333333 246.0 279.0 194.66666666666666 274.0 160.66666666666666 269.3333333333333 130.66666666666666 255.66666666666666 255.0 249.0 209.0 246.0 178.66666666666666 243.0 150.66666666666666 230.0 273.3333333333333 212.33333333333334 239.66666666666666 201.0 217.0 191.33333333333334 194.33333333333334 
284.0 371.0 325.3333333333333 355.3333333333333 357.6666666666667 331.3333333333333 382.6666666666667 309.6666666666667 406.6666666666667 294.0 315.3333333333333 250.66666666666666 322.6666666666667 204.0 323.3333333333333 173.33333333333334 321.6666666666667 144.33333333333334 284.3333333333333 246.33333333333334 279.6666666666667 194.66666666666666 274.6666666666667 160.66666666666666 269.6666666666667 130.66666666666666 256.3333333333333 255.33333333333334 249.33333333333334 209.33333333333334 246.33333333333334 179.0 243.33333333333334 151.0 230.66666666666666 273.3333333333333 212.33333333333334 239.66666666666666 201.33333333333334 217.0 191.33333333333334 194.33333333333334 
285.6666666666667 372.0 326.6666666666667 356.3333333333333 359.0 332.3333333333333 384.3333333333333 311.0 408.6666666666667 295.3333333333333 317.0 251.33333333333334 324.0 204.33333333333334 324.6666666666667 173.33333333333334 323.0 144.33333333333334 286.0 247.0 281.3333333333333 195.0 276.0 161.33333333333334 271.0 131.33333333333334 258.0 256.3333333333333 250.33333333333334 210.0 247.33333333333334 179.66666666666666 244.0 151.66666666666666 232.0 274.3333333333333 213.33333333333334 240.33333333333334 202.33333333333334 217.66666666666666 192.33333333333334 194.66666666666666 
287.6666666666667 374.0 329.3333333333333 358.3333333333333 361.6666666666667 334.6666666666667 387.0 313.3333333333333 412.0 297.3333333333333 319.3333333333333 253.0 326.3333333333333 205.66666666666666 326.6666666666667 175.0 325.3333333333333 145.66666666666666 288.0 249.0 283.6666666666667 196.66666666666666 278.3333333333333 163.0 273.0 133.0 260.0 258.3333333333333 252.33333333333334 211.66666666666666 249.0 181.0 245.66666666666666 153.0 234.0 276.6666666666667 215.33333333333334 242.0 204.0 219.0 194.0 195.66666666666666 
290.3333333333333 377.3333333333333 332.6666666666667 361.3333333333333 364.6666666666667 337.6666666666667 390.0 316.0 415.6666666666667 300.0 321.6666666666667 255.66666666666666 328.3333333333333 208.0 329.0 177.33333333333334 327.6666666666667 148.0 290.0 251.66666666666666 286.0 199.0 280.6666666666667 165.33333333333334 275.0 135.0 262.0 261.0 254.33333333333334 214.0 251.0 183.33333333333334 247.66666666666666 155.33333333333334 236.0 280.0 217.66666666666666 244.66666666666666 206.0 221.33333333333334 196.33333333333334 197.66666666666666 
292.6666666666667 380.3333333333333 335.6666666666667 364.3333333333333 367.6666666666667 341.0 392.3333333333333 319.0 418.3333333333333 302.3333333333333 323.6666666666667 259.0 330.0 211.0 330.6666666666667 180.66666666666666 329.6666666666667 151.0 291.6666666666667 255.0 287.3333333333333 202.33333333333334 282.3333333333333 168.0 276.6666666666667 137.33333333333334 263.6666666666667 264.0 256.0 217.33333333333334 252.66666666666666 186.0 250.0 158.0 237.66666666666666 283.6666666666667 219.66666666666666 248.0 208.0 224.33333333333334 198.66666666666666 200.0 
294.3333333333333 382.6666666666667 337.3333333333333 367.0 369.3333333333333 343.6666666666667 393.6666666666667 321.6666666666667 420.0 304.6666666666667 325.0 261.3333333333333 331.3333333333333 213.66666666666666 332.0 183.33333333333334 331.0 153.66666666666666 293.0 257.6666666666667 288.3333333333333 205.0 283.3333333333333 170.66666666666666 278.0 139.66666666666666 265.0 266.6666666666667 257.0 220.33333333333334 253.66666666666666 189.0 251.33333333333334 160.66666666666666 239.0 286.6666666666667 221.0 251.66666666666666 209.66666666666666 228.0 201.0 203.66666666666666 
295.3333333333333 384.0 338.3333333333333 368.6666666666667 370.3333333333333 345.6666666666667 394.6666666666667 323.6666666666667 421.0 306.3333333333333 326.0 263.3333333333333 332.6666666666667 216.0 333.0 185.66666666666666 331.6666666666667 155.66666666666666 294.0 259.6666666666667 289.0 207.0 284.0 172.66666666666666 279.0 141.66666666666666 266.0 268.6666666666667 258.0 222.66666666666666 254.33333333333334 191.33333333333334 252.33333333333334 162.66666666666666 240.0 288.6666666666667 222.0 254.0 211.0 230.66666666666666 202.33333333333334 206.66666666666666 
296.3333333333333 384.6666666666667 339.0 369.3333333333333 371.0 346.3333333333333 395.3333333333333 324.3333333333333 421.6666666666667 307.3333333333333 327.0 264.0 334.0 217.0 334.0 186.66666666666666 332.3333333333333 157.0 295.0 260.6666666666667 290.3333333333333 208.0 285.0 174.0 280.0 143.0 267.0 269.6666666666667 259.0 223.66666666666666 255.0 192.66666666666666 252.66666666666666 163.66666666666666 241.33333333333334 289.3333333333333 223.0 255.0 212.0 232.0 203.66666666666666 208.66666666666666 
297.3333333333333 385.0 339.6666666666667 369.3333333333333 371.6666666666667 346.3333333333333 396.0 324.3333333333333 421.6666666666667 307.3333333333333 327.3333333333333 264.3333333333333 334.0 217.0 334.3333333333333 186.66666666666666 332.3333333333333 157.33333333333334 295.6666666666667 260.6666666666667 290.6666666666667 208.66666666666666 285.3333333333333 174.66666666666666 280.0 143.66666666666666 267.6666666666667 270.0 259.6666666666667 224.0 255.66666666666666 193.0 253.0 164.0 242.33333333333334 289.6666666666667 223.66666666666666 255.33333333333334 212.66666666666666 232.33333333333334 204.33333333333334 209.0 
298.0 385.3333333333333 340.0 369.0 372.0 345.6666666666667 395.6666666666667 323.6666666666667 421.0 306.3333333333333 327.0 264.0 333.3333333333333 216.66666666666666 333.6666666666667 186.66666666666666 332.0 157.66666666666666 295.6666666666667 260.6666666666667 290.3333333333333 209.33333333333334 284.6666666666667 175.33333333333334 279.3333333333333 144.33333333333334 268.0 270.3333333333333 259.6666666666667 224.33333333333334 255.66666666666666 193.33333333333334 252.66666666666666 164.33333333333334 243.0 290.0 224.0 256.0 213.0 233.0 205.0 209.33333333333334 
298.0 386.0 340.0 369.3333333333333 372.0 345.3333333333333 395.3333333333333 323.3333333333333 419.6666666666667 305.6666666666667 326.3333333333333 264.6666666666667 332.0 217.0 332.3333333333333 187.0 330.6666666666667 158.0 295.0 261.3333333333333 289.0 210.33333333333334 283.3333333333333 176.33333333333334 278.0 145.66666666666666 267.6666666666667 271.3333333333333 259.0 225.33333333333334 255.0 194.33333333333334 252.0 165.66666666666666 242.66666666666666 291.0 224.0 257.3333333333333 213.0 234.33333333333334 204.66666666666666 210.33333333333334 
298.0 387.0 340.0 370.0 372.0 345.6666666666667 394.6666666666667 323.3333333333333 418.6666666666667 305.6666666666667 326.0 265.6666666666667 331.3333333333333 218.33333333333334 331.3333333333333 188.33333333333334 329.6666666666667 159.33333333333334 294.6666666666667 262.6666666666667 288.3333333333333 211.66666666666666 282.3333333333333 177.66666666666666 277.0 147.33333333333334 267.6666666666667 272.6666666666667 258.6666666666667 226.33333333333334 254.33333333333334 195.66666666666666 251.33333333333334 167.33333333333334 242.66666666666666 292.0 224.0 258.3333333333333 213.0 235.66666666666666 204.0 212.0 
298.3333333333333 387.3333333333333 340.3333333333333 370.3333333333333 372.0 346.0 394.6666666666667 323.3333333333333 418.0 306.0 326.0 266.6666666666667 331.3333333333333 219.33333333333334 331.0 189.0 329.0 160.33333333333334 294.6666666666667 263.6666666666667 288.3333333333333 212.66666666666666 282.3333333333333 178.66666666666666 276.6666666666667 148.66666666666666 267.6666666666667 273.6666666666667 258.6666666666667 227.33333333333334 254.33333333333334 197.0 251.33333333333334 169.0 242.66666666666666 293.0 224.0 259.3333333333333 213.0 237.0 203.66666666666666 213.33333333333334 
299.0 386.6666666666667 340.6666666666667 370.0 372.0 345.6666666666667 394.3333333333333 323.0 417.6666666666667 306.0 326.0 266.6666666666667 331.3333333333333 219.66666666666666 331.0 189.33333333333334 329.0 161.0 295.0 264.0 288.6666666666667 213.0 282.6666666666667 179.0 276.6666666666667 149.0 268.0 274.0 259.0 227.66666666666666 254.66666666666666 197.66666666666666 251.66666666666666 169.66666666666666 243.0 293.6666666666667 224.33333333333334 259.6666666666667 213.33333333333334 237.66666666666666 204.0 214.0 
299.3333333333333 385.6666666666667 340.6666666666667 368.6666666666667 371.6666666666667 344.0 393.6666666666667 321.6666666666667 416.6666666666667 304.6666666666667 325.6666666666667 266.0 331.0 219.0 330.3333333333333 189.0 328.3333333333333 160.66666666666666 294.6666666666667 263.6666666666667 288.3333333333333 212.66666666666666 282.3333333333333 179.0 276.3333333333333 148.66666666666666 267.6666666666667 273.6666666666667 258.6666666666667 227.66666666666666 254.66666666666666 198.0 251.33333333333334 170.0 242.66666666666666 293.6666666666667 224.33333333333334 259.6666666666667 213.0 237.66666666666666 204.33333333333334 214.0 
298.3333333333333 384.3333333333333 339.3333333333333 367.3333333333333 370.3333333333333 342.3333333333333 392.0 320.3333333333333 414.6666666666667 303.3333333333333 324.3333333333333 265.0 329.6666666666667 218.33333333333334 329.0 188.66666666666666 327.0 160.33333333333334 293.3333333333333 262.6666666666667 287.0 212.0 280.6666666666667 179.0 275.0 148.66666666666666 266.3333333333333 273.0 257.6666666666667 227.33333333333334 253.33333333333334 197.66666666666666 250.0 170.0 241.33333333333334 292.6666666666667 223.33333333333334 259.0 212.0 237.0 203.66666666666666 213.66666666666666 
296.6666666666667 383.6666666666667 337.6666666666667 366.3333333333333 368.6666666666667 341.3333333333333 390.0 319.6666666666667 412.0 302.6666666666667 322.6666666666667 264.0 328.0 218.0 327.3333333333333 188.66666666666666 325.3333333333333 160.33333333333334 291.6666666666667 261.6666666666667 285.0 211.33333333333334 278.6666666666667 179.0 273.0 149.0 264.6666666666667 272.0 256.0 226.66666666666666 251.66666666666666 197.33333333333334 248.33333333333334 170.0 239.66666666666666 291.6666666666667 221.66666666666666 258.3333333333333 210.33333333333334 236.33333333333334 202.0 213.66666666666666 
295.3333333333333 383.0 336.0 366.0 366.6666666666667 341.3333333333333 388.3333333333333 320.3333333333333 409.3333333333333 303.3333333333333 321.3333333333333 263.3333333333333 326.6666666666667 217.66666666666666 326.3333333333333 188.33333333333334 324.3333333333333 160.66666666666666 290.3333333333333 260.6666666666667 284.0 211.0 277.3333333333333 178.66666666666666 271.6666666666667 149.33333333333334 263.3333333333333 271.0 254.66666666666666 226.33333333333334 250.0 197.0 247.0 170.0 238.33333333333334 290.6666666666667 220.33333333333334 258.0 209.33333333333334 236.33333333333334 200.33333333333334 214.0 
294.6666666666667 382.6666666666667 335.3333333333333 365.6666666666667 365.6666666666667 342.0 387.0 321.3333333333333 406.6666666666667 304.3333333333333 321.0 263.0 326.0 217.33333333333334 326.0 188.33333333333334 323.6666666666667 160.66666666666666 290.0 260.3333333333333 283.6666666666667 210.66666666666666 277.3333333333333 178.33333333333334 271.0 149.33333333333334 263.3333333333333 270.3333333333333 254.0 226.0 249.33333333333334 197.0 246.0 170.0 238.33333333333334 290.3333333333333 220.0 258.0 209.0 236.33333333333334 199.66666666666666 214.33333333333334 
294.3333333333333 382.3333333333333 334.6666666666667 365.3333333333333 364.6666666666667 342.6666666666667 385.3333333333333 322.3333333333333 403.3333333333333 305.6666666666667 321.0 263.0 326.0 217.33333333333334 326.0 188.33333333333334 323.3333333333333 161.0 290.3333333333333 260.0 284.0 210.33333333333334 277.3333333333333 178.0 271.0 149.33333333333334 263.6666666666667 270.0 254.0 226.0 249.0 196.66666666666666 245.33333333333334 169.66666666666666 238.66666666666666 290.0 220.33333333333334 258.0 209.33333333333334 236.33333333333334 200.0 214.33333333333334 
294.0 382.6666666666667 334.0 366.0 363.6666666666667 343.6666666666667 382.3333333333333 323.3333333333333 398.0 310.0 321.3333333333333 263.0 326.0 218.0 325.6666666666667 189.0 322.6666666666667 161.66666666666666 290.6666666666667 260.3333333333333 284.0 210.66666666666666 277.3333333333333 178.66666666666666 271.0 150.33333333333334 264.0 270.6666666666667 254.33333333333334 226.33333333333334 249.33333333333334 197.0 245.33333333333334 170.0 239.0 290.6666666666667 220.66666666666666 258.3333333333333 209.66666666666666 236.33333333333334 200.66666666666666 214.33333333333334 
294.3333333333333 385.0 332.6666666666667 368.6666666666667 361.0 347.0 375.6666666666667 327.0 386.6666666666667 315.6666666666667 321.6666666666667 264.0 325.3333333333333 220.0 324.6666666666667 191.0 321.6666666666667 164.0 291.0 262.0 283.6666666666667 212.66666666666666 276.6666666666667 180.66666666666666 270.3333333333333 152.33333333333334 264.0 272.3333333333333 254.66666666666666 228.0 249.66666666666666 198.33333333333334 245.66666666666666 171.66666666666666 239.0 292.6666666666667 221.0 260.0 209.66666666666666 237.66666666666666 200.66666666666666 215.33333333333334 
294.3333333333333 388.6666666666667 331.0 372.6666666666667 358.0 351.3333333333333 369.0 331.0 369.3333333333333 322.0 321.6666666666667 266.6666666666667 324.6666666666667 223.33333333333334 323.6666666666667 194.0 320.3333333333333 167.33333333333334 290.6666666666667 265.0 283.3333333333333 216.0 276.0 184.0 269.3333333333333 155.66666666666666 263.3333333333333 275.6666666666667 254.66666666666666 230.66666666666666 249.33333333333334 201.33333333333334 245.0 174.66666666666666 238.33333333333334 296.0 220.66666666666666 263.0 209.33333333333334 240.66666666666666 200.66666666666666 218.0 
294.0 393.3333333333333 329.0 378.0 355.3333333333333 357.0 361.6666666666667 335.6666666666667 349.6666666666667 328.6666666666667 321.3333333333333 271.6666666666667 324.3333333333333 228.0 323.3333333333333 198.66666666666666 319.6666666666667 172.0 290.0 269.6666666666667 283.3333333333333 220.33333333333334 275.6666666666667 188.33333333333334 268.6666666666667 160.0 262.6666666666667 280.0 254.33333333333334 234.66666666666666 248.66666666666666 205.0 244.33333333333334 178.66666666666666 237.66666666666666 300.3333333333333 220.0 267.0 208.66666666666666 244.66666666666666 200.33333333333334 222.0 
294.0 399.0 327.6666666666667 384.3333333333333 354.6666666666667 362.6666666666667 354.6666666666667 342.0 332.0 337.0 322.0 278.0 325.3333333333333 233.33333333333334 324.6666666666667 203.66666666666666 321.0 176.66666666666666 290.3333333333333 275.3333333333333 284.6666666666667 225.33333333333334 276.6666666666667 193.33333333333334 270.0 165.0 262.6666666666667 285.3333333333333 254.33333333333334 239.33333333333334 248.66666666666666 210.0 244.33333333333334 183.66666666666666 237.33333333333334 305.0 220.0 271.0 208.66666666666666 249.0 200.66666666666666 226.66666666666666 
295.0 404.3333333333333 327.3333333333333 390.3333333333333 354.0 367.6666666666667 343.3333333333333 349.0 315.3333333333333 345.0 324.3333333333333 284.0 327.6666666666667 238.0 327.0 208.0 324.0 180.33333333333334 292.0 280.6666666666667 286.6666666666667 230.33333333333334 279.0 198.33333333333334 273.0 169.66666666666666 264.3333333333333 290.3333333333333 255.33333333333334 244.33333333333334 250.0 215.0 246.0 188.66666666666666 238.33333333333334 309.6666666666667 221.0 275.3333333333333 209.66666666666666 253.66666666666666 201.66666666666666 231.33333333333334 
297.3333333333333 408.6666666666667 328.0 394.3333333333333 353.0 370.6666666666667 331.3333333333333 355.3333333333333 300.0 349.6666666666667 327.3333333333333 288.3333333333333 330.3333333333333 241.66666666666666 329.6666666666667 211.33333333333334 327.0 183.33333333333334 294.3333333333333 284.6666666666667 289.0 234.33333333333334 282.0 202.0 276.6666666666667 173.0 266.3333333333333 294.3333333333333 256.6666666666667 248.33333333333334 252.0 219.0 248.0 192.66666666666666 240.0 313.3333333333333 223.0 279.0 211.66666666666666 257.3333333333333 203.66666666666666 234.66666666666666 
299.3333333333333 410.6666666666667 328.6666666666667 395.6666666666667 350.3333333333333 370.6666666666667 320.6666666666667 357.0 287.6666666666667 351.0 329.6666666666667 290.6666666666667 333.0 243.66666666666666 332.3333333333333 213.33333333333334 329.6666666666667 185.33333333333334 296.0 286.6666666666667 290.6666666666667 236.33333333333334 284.6666666666667 203.66666666666666 279.6666666666667 175.0 268.3333333333333 296.3333333333333 258.3333333333333 250.33333333333334 253.66666666666666 220.66666666666666 250.33333333333334 193.66666666666666 242.0 315.3333333333333 224.66666666666666 281.6666666666667 213.66666666666666 259.6666666666667 205.33333333333334 237.0 
300.6666666666667 412.0 329.3333333333333 396.0 348.0 370.6666666666667 315.0 357.3333333333333 281.3333333333333 351.0 331.3333333333333 292.0 335.3333333333333 245.0 335.0 215.0 332.3333333333333 187.0 297.6666666666667 287.6666666666667 292.3333333333333 237.0 286.6666666666667 204.33333333333334 281.6666666666667 175.33333333333334 270.0 297.0 260.0 251.33333333333334 255.66666666666666 221.33333333333334 252.33333333333334 194.33333333333334 243.66666666666666 316.3333333333333 226.33333333333334 282.6666666666667 215.0 260.3333333333333 206.33333333333334 237.66666666666666 
301.6666666666667 412.6666666666667 330.0 395.6666666666667 346.6666666666667 370.0 312.0 356.3333333333333 278.6666666666667 349.3333333333333 332.6666666666667 292.6666666666667 337.6666666666667 245.33333333333334 337.6666666666667 215.33333333333334 335.0 187.33333333333334 299.0 288.0 294.0 236.66666666666666 288.3333333333333 204.33333333333334 283.6666666666667 175.33333333333334 271.6666666666667 297.0 262.0 251.33333333333334 257.6666666666667 221.33333333333334 254.66666666666666 194.0 245.0 316.6666666666667 227.66666666666666 283.0 216.33333333333334 260.3333333333333 207.33333333333334 237.66666666666666 
302.3333333333333 412.6666666666667 331.0 395.0 346.6666666666667 369.0 311.0 355.0 277.0 348.3333333333333 333.6666666666667 292.6666666666667 339.0 245.0 339.0 214.66666666666666 336.6666666666667 187.0 300.0 287.6666666666667 295.3333333333333 236.33333333333334 289.6666666666667 204.0 285.0 174.66666666666666 272.3333333333333 296.6666666666667 263.0 251.0 259.3333333333333 220.66666666666666 256.0 193.66666666666666 245.66666666666666 316.6666666666667 228.66666666666666 282.6666666666667 217.0 260.3333333333333 208.0 237.33333333333334 
302.3333333333333 411.6666666666667 331.0 393.6666666666667 346.6666666666667 366.6666666666667 309.6666666666667 353.0 275.6666666666667 347.0 333.3333333333333 292.0 338.6666666666667 244.0 338.6666666666667 213.66666666666666 336.3333333333333 186.0 299.3333333333333 287.0 295.3333333333333 235.66666666666666 290.0 203.0 285.6666666666667 174.0 272.0 296.0 263.0 250.0 259.3333333333333 219.33333333333334 256.6666666666667 192.33333333333334 245.66666666666666 316.0 228.66666666666666 282.0 217.0 259.6666666666667 208.0 237.0 
301.0 410.3333333333333 330.0 393.0 345.6666666666667 365.0 308.3333333333333 351.3333333333333 274.0 346.3333333333333 332.0 291.3333333333333 337.0 243.33333333333334 337.0 212.66666666666666 335.0 185.33333333333334 298.3333333333333 286.3333333333333 294.0 235.33333333333334 289.3333333333333 202.33333333333334 284.6666666666667 173.33333333333334 270.6666666666667 295.3333333333333 261.6666666666667 249.33333333333334 258.3333333333333 218.33333333333334 255.66666666666666 191.33333333333334 244.66666666666666 315.3333333333333 228.0 281.3333333333333 216.33333333333334 259.3333333333333 207.33333333333334 237.0 
299.6666666666667 409.3333333333333 328.6666666666667 392.0 344.6666666666667 363.3333333333333 307.0 350.0 273.0 345.0 330.3333333333333 290.6666666666667 335.0 242.66666666666666 335.0 212.0 332.6666666666667 184.66666666666666 296.6666666666667 285.6666666666667 292.3333333333333 235.0 287.6666666666667 202.0 283.0 173.0 269.3333333333333 295.0 260.3333333333333 248.66666666666666 256.6666666666667 218.0 254.0 191.0 243.33333333333334 314.6666666666667 227.0 281.0 215.66666666666666 259.0 206.66666666666666 237.0 
299.0 408.6666666666667 328.0 391.3333333333333 344.0 362.3333333333333 306.6666666666667 349.0 272.6666666666667 343.6666666666667 329.0 289.6666666666667 333.3333333333333 241.66666666666666 333.0 211.0 330.6666666666667 184.0 295.3333333333333 285.0 290.6666666666667 234.66666666666666 286.0 202.0 281.0 173.0 268.0 294.6666666666667 259.0 248.33333333333334 255.33333333333334 218.0 252.0 191.0 242.33333333333334 314.3333333333333 226.0 281.0 215.0 259.0 205.66666666666666 237.0 
299.0 408.0 327.6666666666667 390.3333333333333 344.0 361.6666666666667 307.0 348.3333333333333 273.3333333333333 342.6666666666667 328.0 288.3333333333333 331.6666666666667 240.66666666666666 331.3333333333333 210.33333333333334 328.6666666666667 183.33333333333334 294.0 284.3333333333333 289.3333333333333 234.33333333333334 284.3333333333333 202.0 279.3333333333333 173.0 267.0 294.3333333333333 258.0 248.0 253.66666666666666 218.0 250.33333333333334 191.0 241.66666666666666 314.0 225.0 281.0 213.66666666666666 259.0 204.0 237.0 
298.6666666666667 407.6666666666667 327.3333333333333 390.0 343.6666666666667 362.0 307.6666666666667 348.6666666666667 274.3333333333333 342.6666666666667 326.6666666666667 287.6666666666667 330.3333333333333 240.33333333333334 330.0 210.33333333333334 327.3333333333333 183.33333333333334 293.0 284.0 288.0 234.33333333333334 283.0 202.33333333333334 278.0 173.33333333333334 266.0 294.3333333333333 257.0 248.33333333333334 252.33333333333334 218.33333333333334 249.0 191.33333333333334 241.0 314.3333333333333 224.0 281.3333333333333 212.33333333333334 259.3333333333333 202.66666666666666 237.0 
298.0 407.6666666666667 326.6666666666667 390.3333333333333 343.0 363.0 307.6666666666667 349.6666666666667 274.6666666666667 343.6666666666667 325.3333333333333 287.6666666666667 328.6666666666667 240.66666666666666 328.6666666666667 210.66666666666666 326.0 183.66666666666666 292.0 284.3333333333333 286.6666666666667 234.66666666666666 281.6666666666667 202.66666666666666 276.6666666666667 174.0 265.0 294.6666666666667 255.66666666666666 249.0 251.0 219.0 247.66666666666666 192.0 240.0 315.0 222.66666666666666 282.0 211.0 260.3333333333333 201.33333333333334 237.66666666666666 
297.0 408.0 325.6666666666667 390.6666666666667 341.6666666666667 363.6666666666667 307.0 350.6666666666667 273.6666666666667 344.3333333333333 323.6666666666667 288.0 327.6666666666667 241.0 327.3333333333333 211.0 325.0 184.0 291.0 284.6666666666667 285.3333333333333 234.66666666666666 280.0 202.66666666666666 275.0 174.33333333333334 264.0 295.0 254.33333333333334 249.66666666666666 249.66666666666666 219.66666666666666 246.33333333333334 192.66666666666666 239.0 315.3333333333333 221.33333333333334 282.3333333333333 209.66666666666666 261.0 200.0 238.0 
296.0 407.6666666666667 324.3333333333333 391.0 340.3333333333333 364.0 305.6666666666667 351.3333333333333 272.0 344.6666666666667 323.0 287.6666666666667 326.6666666666667 240.33333333333334 326.3333333333333 210.33333333333334 324.0 183.33333333333334 290.3333333333333 284.3333333333333 284.3333333333333 234.0 278.6666666666667 202.0 273.3333333333333 173.66666666666666 263.3333333333333 294.6666666666667 253.33333333333334 249.66666666666666 248.66666666666666 219.66666666666666 245.0 192.66666666666666 238.33333333333334 315.0 220.66666666666666 282.3333333333333 208.66666666666666 261.0 198.66666666666666 238.0 
295.3333333333333 407.3333333333333 323.3333333333333 390.6666666666667 339.0 364.0 304.3333333333333 351.6666666666667 270.3333333333333 344.3333333333333 322.6666666666667 286.6666666666667 326.6666666666667 239.0 326.3333333333333 209.0 323.6666666666667 182.0 290.3333333333333 283.3333333333333 284.3333333333333 232.66666666666666 278.3333333333333 200.66666666666666 272.6666666666667 172.0 263.3333333333333 294.0 253.66666666666666 249.0 248.66666666666666 219.0 245.0 192.0 238.0 314.0 221.0 281.3333333333333 208.66666666666666 260.0 198.66666666666666 237.0 
295.0 406.3333333333333 323.0 390.0 338.3333333333333 364.3333333333333 303.3333333333333 352.0 269.3333333333333 344.3333333333333 323.6666666666667 285.6666666666667 327.3333333333333 237.33333333333334 327.0 207.33333333333334 324.0 180.0 291.0 282.0 285.3333333333333 231.0 279.3333333333333 199.0 273.0 170.0 264.0 292.6666666666667 254.66666666666666 247.66666666666666 249.66666666666666 217.66666666666666 245.66666666666666 191.0 238.33333333333334 312.6666666666667 221.66666666666666 280.0 209.33333333333334 258.6666666666667 199.33333333333334 235.66666666666666 
295.0 405.3333333333333 323.0 389.3333333333333 338.3333333333333 364.6666666666667 303.0 352.0 269.0 344.0 324.6666666666667 284.6666666666667 329.0 236.33333333333334 328.3333333333333 206.0 325.3333333333333 178.33333333333334 292.0 281.0 286.6666666666667 229.66666666666666 280.6666666666667 197.33333333333334 274.3333333333333 168.0 265.0 291.3333333333333 256.0 246.33333333333334 251.0 216.33333333333334 247.0 189.66666666666666 239.0 311.3333333333333 222.33333333333334 278.6666666666667 210.33333333333334 257.3333333333333 200.33333333333334 234.33333333333334 
295.3333333333333 403.6666666666667 323.0 388.0 338.6666666666667 364.0 303.3333333333333 351.0 269.3333333333333 343.3333333333333 325.6666666666667 284.0 330.0 235.66666666666666 329.0 205.0 326.0 177.0 292.6666666666667 280.0 287.6666666666667 228.33333333333334 281.6666666666667 195.66666666666666 275.6666666666667 166.0 265.6666666666667 290.0 256.3333333333333 244.66666666666666 251.33333333333334 214.66666666666666 247.33333333333334 188.33333333333334 239.66666666666666 310.3333333333333 222.66666666666666 277.6666666666667 210.66666666666666 256.0 200.66666666666666 233.33333333333334 
295.3333333333333 402.0 323.0 387.0 339.0 363.0 303.3333333333333 349.3333333333333 269.3333333333333 341.6666666666667 325.6666666666667 283.0 330.0 234.66666666666666 329.0 204.0 325.6666666666667 176.0 292.6666666666667 279.0 287.6666666666667 227.33333333333334 281.6666666666667 194.0 276.3333333333333 164.33333333333334 265.6666666666667 289.0 255.66666666666666 243.0 251.0 213.0 247.0 186.33333333333334 239.66666666666666 309.6666666666667 222.66666666666666 277.0 210.66666666666666 255.0 201.0 232.66666666666666 
295.6666666666667 400.3333333333333 323.0 385.3333333333333 338.6666666666667 360.6666666666667 303.0 346.6666666666667 268.6666666666667 339.0 324.6666666666667 281.6666666666667 328.6666666666667 233.33333333333334 327.6666666666667 202.66666666666666 324.0 175.0 291.6666666666667 277.6666666666667 286.6666666666667 226.0 280.6666666666667 192.66666666666666 275.3333333333333 163.33333333333334 264.6666666666667 288.0 254.33333333333334 241.66666666666666 249.66666666666666 211.66666666666666 245.66666666666666 185.0 238.66666666666666 309.0 221.66666666666666 276.0 210.0 254.33333333333334 200.33333333333334 232.33333333333334 
295.3333333333333 399.3333333333333 322.6666666666667 384.3333333333333 338.0 359.0 302.0 344.3333333333333 267.6666666666667 336.6666666666667 323.0 280.3333333333333 327.0 232.0 326.0 201.66666666666666 322.3333333333333 174.33333333333334 290.3333333333333 276.6666666666667 285.0 225.0 279.0 191.66666666666666 273.0 162.66666666666666 263.3333333333333 287.3333333333333 252.66666666666666 241.0 248.0 211.0 244.0 184.0 237.33333333333334 308.0 220.33333333333334 275.0 208.66666666666666 253.66666666666666 198.66666666666666 231.66666666666666 
295.0 398.6666666666667 322.0 383.0 337.0 357.0 301.0 342.6666666666667 266.6666666666667 335.0 321.3333333333333 279.0 325.3333333333333 231.33333333333334 324.3333333333333 201.33333333333334 321.0 174.0 289.0 275.6666666666667 283.3333333333333 224.33333333333334 277.0 191.33333333333334 270.6666666666667 162.33333333333334 262.0 286.6666666666667 251.66666666666666 240.66666666666666 246.33333333333334 210.66666666666666 242.33333333333334 183.66666666666666 236.0 307.3333333333333 219.0 274.3333333333333 207.33333333333334 253.0 196.66666666666666 231.0 
294.0 398.0 321.0 382.3333333333333 336.3333333333333 356.3333333333333 300.6666666666667 341.6666666666667 266.6666666666667 334.0 320.3333333333333 278.3333333333333 324.3333333333333 231.0 323.0 201.33333333333334 320.0 173.66666666666666 288.0 275.3333333333333 282.0 223.66666666666666 275.6666666666667 190.66666666666666 269.0 161.66666666666666 261.0 286.0 250.66666666666666 240.0 245.0 210.0 241.0 182.66666666666666 235.0 306.6666666666667 218.0 273.6666666666667 206.0 252.0 195.0 230.0 
293.3333333333333 397.6666666666667 320.6666666666667 382.0 336.0 356.0 300.3333333333333 341.3333333333333 266.3333333333333 333.3333333333333 319.6666666666667 278.3333333333333 323.6666666666667 231.0 322.0 201.33333333333334 319.0 173.33333333333334 287.0 275.3333333333333 281.0 223.66666666666666 274.3333333333333 190.66666666666666 267.6666666666667 161.66666666666666 260.3333333333333 285.6666666666667 250.0 239.66666666666666 244.0 209.33333333333334 239.66666666666666 182.0 234.33333333333334 306.6666666666667 217.0 273.3333333333333 205.0 251.66666666666666 194.0 229.66666666666666 
293.3333333333333 397.3333333333333 320.6666666666667 381.6666666666667 336.0 355.3333333333333 300.3333333333333 340.6666666666667 266.3333333333333 333.0 319.0 278.6666666666667 322.6666666666667 231.0 321.0 200.66666666666666 317.6666666666667 172.66666666666666 286.0 275.6666666666667 279.6666666666667 223.66666666666666 273.0 190.66666666666666 266.0 161.66666666666666 259.3333333333333 285.6666666666667 248.66666666666666 239.66666666666666 242.66666666666666 209.0 237.66666666666666 181.66666666666666 233.66666666666666 307.0 216.0 273.3333333333333 203.66666666666666 252.0 192.66666666666666 230.0 
293.6666666666667 398.0 321.0 382.0 336.0 355.0 300.3333333333333 340.6666666666667 266.3333333333333 333.3333333333333 318.0 279.0 321.3333333333333 231.0 319.6666666666667 200.66666666666666 316.3333333333333 172.66666666666666 285.0 276.0 278.3333333333333 224.33333333333334 271.0 191.33333333333334 264.0 162.33333333333334 258.6666666666667 286.3333333333333 247.33333333333334 240.33333333333334 241.33333333333334 209.33333333333334 235.66666666666666 182.33333333333334 233.0 307.6666666666667 215.0 273.6666666666667 202.0 252.66666666666666 191.0 230.33333333333334 
293.6666666666667 399.0 320.6666666666667 382.6666666666667 335.6666666666667 355.0 300.6666666666667 341.0 266.6666666666667 333.6666666666667 317.0 279.6666666666667 320.0 231.66666666666666 318.6666666666667 201.0 315.0 173.0 284.3333333333333 276.6666666666667 277.0 225.0 269.3333333333333 192.33333333333334 262.3333333333333 163.33333333333334 257.6666666666667 287.3333333333333 246.0 241.33333333333334 240.0 210.33333333333334 234.33333333333334 183.0 232.33333333333334 308.6666666666667 214.0 274.6666666666667 200.66666666666666 253.33333333333334 189.33333333333334 231.0 
293.6666666666667 400.3333333333333 321.0 383.3333333333333 335.0 355.3333333333333 300.0 341.6666666666667 265.6666666666667 334.0 316.3333333333333 280.3333333333333 319.3333333333333 232.66666666666666 317.3333333333333 202.0 314.0 174.0 283.6666666666667 277.6666666666667 276.0 226.0 268.0 193.66666666666666 261.0 164.66666666666666 257.3333333333333 288.6666666666667 245.0 242.66666666666666 239.0 211.66666666666666 233.66666666666666 184.33333333333334 232.0 309.3333333333333 213.33333333333334 275.6666666666667 199.66666666666666 254.0 188.33333333333334 231.66666666666666 
294.0 401.3333333333333 321.3333333333333 383.6666666666667 334.3333333333333 355.3333333333333 298.6666666666667 341.6666666666667 264.0 334.3333333333333 315.6666666666667 281.3333333333333 318.3333333333333 233.66666666666666 316.3333333333333 202.66666666666666 312.6666666666667 175.0 283.3333333333333 278.6666666666667 274.6666666666667 226.66666666666666 266.6666666666667 194.66666666666666 259.3333333333333 165.66666666666666 256.6666666666667 289.6666666666667 244.33333333333334 243.66666666666666 238.0 212.66666666666666 233.0 185.33333333333334 232.0 310.6666666666667 212.66666666666666 277.0 199.0 255.33333333333334 187.33333333333334 233.0 
294.3333333333333 402.0 321.6666666666667 383.6666666666667 334.0 354.3333333333333 296.6666666666667 340.6666666666667 261.3333333333333 334.3333333333333 315.3333333333333 281.6666666666667 317.6666666666667 234.0 315.0 203.0 311.0 175.66666666666666 282.6666666666667 279.0 273.6666666666667 227.33333333333334 265.3333333333333 195.0 257.6666666666667 166.33333333333334 256.3333333333333 290.3333333333333 244.0 244.33333333333334 237.33333333333334 213.33333333333334 232.0 186.33333333333334 232.0 311.3333333333333 212.33333333333334 278.0 198.0 256.3333333333333 186.0 234.33333333333334 
294.6666666666667 402.3333333333333 321.6666666666667 383.3333333333333 334.0 353.0 295.6666666666667 339.0 259.6666666666667 334.3333333333333 315.0 281.6666666666667 316.6666666666667 233.66666666666666 314.0 202.66666666666666 309.6666666666667 175.66666666666666 282.3333333333333 279.0 272.6666666666667 227.33333333333334 264.3333333333333 195.0 256.3333333333333 166.33333333333334 256.0 290.3333333333333 243.66666666666666 244.33333333333334 236.66666666666666 213.33333333333334 231.0 186.0 231.66666666666666 312.0 211.66666666666666 278.3333333333333 197.33333333333334 257.0 184.33333333333334 235.0 
294.3333333333333 402.3333333333333 321.3333333333333 382.6666666666667 333.3333333333333 351.0 294.3333333333333 337.3333333333333 257.6666666666667 333.6666666666667 314.3333333333333 281.3333333333333 315.6666666666667 233.0 313.0 202.33333333333334 308.3333333333333 175.0 281.3333333333333 278.6666666666667 272.0 227.33333333333334 263.3333333333333 194.66666666666666 255.33333333333334 166.0 255.33333333333334 290.3333333333333 242.66666666666666 244.33333333333334 236.0 213.66666666666666 230.0 186.0 231.0 312.0 211.0 278.6666666666667 196.66666666666666 257.0 183.0 235.33333333333334 
294.3333333333333 402.0 321.0 381.6666666666667 332.6666666666667 349.3333333333333 293.3333333333333 336.0 256.6666666666667 333.3333333333333 313.0 280.6666666666667 314.3333333333333 232.33333333333334 311.6666666666667 202.0 307.0 174.33333333333334 280.3333333333333 278.6666666666667 271.0 227.0 262.3333333333333 194.66666666666666 254.33333333333334 165.66666666666666 254.66666666666666 290.0 241.66666666666666 244.33333333333334 235.0 213.66666666666666 229.0 186.0 230.33333333333334 312.0 210.0 278.6666666666667 195.66666666666666 257.0 181.66666666666666 235.33333333333334 
293.6666666666667 401.6666666666667 320.0 381.0 331.6666666666667 347.6666666666667 292.3333333333333 335.0 255.66666666666666 332.6666666666667 311.3333333333333 280.3333333333333 312.6666666666667 232.0 310.3333333333333 202.0 305.0 174.0 279.0 278.3333333333333 270.0 227.0 261.0 194.66666666666666 253.0 165.66666666666666 253.33333333333334 290.0 240.66666666666666 245.0 234.0 214.66666666666666 228.0 187.33333333333334 229.66666666666666 311.6666666666667 209.0 279.0 194.33333333333334 257.3333333333333 180.33333333333334 235.66666666666666 
293.0 401.6666666666667 319.3333333333333 380.3333333333333 331.3333333333333 346.0 292.0 333.0 255.33333333333334 331.6666666666667 310.0 279.6666666666667 311.3333333333333 231.66666666666666 308.6666666666667 201.66666666666666 303.3333333333333 173.66666666666666 277.6666666666667 278.3333333333333 269.0 227.0 260.0 195.0 251.66666666666666 166.0 252.33333333333334 290.0 240.0 245.33333333333334 233.0 215.33333333333334 226.66666666666666 188.66666666666666 228.66666666666666 311.3333333333333 208.0 279.0 193.33333333333334 257.3333333333333 179.0 236.0 
291.6666666666667 401.6666666666667 318.6666666666667 379.3333333333333 330.6666666666667 344.0 292.3333333333333 330.0 255.66666666666666 329.3333333333333 309.0 279.0 309.6666666666667 231.0 307.0 200.66666666666666 301.0 173.0 276.3333333333333 277.6666666666667 267.6666666666667 227.0 258.6666666666667 195.0 250.0 166.33333333333334 250.66666666666666 289.6666666666667 238.66666666666666 245.0 232.0 215.33333333333334 225.33333333333334 189.33333333333334 227.33333333333334 311.0 206.66666666666666 278.6666666666667 192.33333333333334 257.3333333333333 178.0 236.0 
290.6666666666667 401.3333333333333 318.3333333333333 378.0 330.6666666666667 342.0 292.3333333333333 326.3333333333333 256.0 325.0 308.0 278.3333333333333 308.0 230.33333333333334 304.3333333333333 200.0 298.0 172.66666666666666 275.0 277.3333333333333 266.0 227.0 256.6666666666667 195.33333333333334 247.33333333333334 167.0 249.66666666666666 289.3333333333333 237.33333333333334 244.33333333333334 230.66666666666666 214.66666666666666 223.33333333333334 189.0 226.0 311.0 205.33333333333334 278.6666666666667 191.0 256.6666666666667 176.66666666666666 235.66666666666666 
290.3333333333333 400.6666666666667 318.3333333333333 376.3333333333333 331.0 340.0 293.3333333333333 322.6666666666667 257.6666666666667 319.6666666666667 307.0 277.6666666666667 306.0 230.0 301.6666666666667 199.66666666666666 294.3333333333333 172.33333333333334 274.0 276.6666666666667 264.0 227.0 254.33333333333334 195.33333333333334 244.66666666666666 167.66666666666666 248.66666666666666 288.6666666666667 235.66666666666666 243.66666666666666 229.0 213.66666666666666 221.66666666666666 188.0 225.0 311.0 204.0 278.3333333333333 189.33333333333334 256.3333333333333 175.33333333333334 235.33333333333334 
291.3333333333333 400.0 319.3333333333333 375.0 332.3333333333333 337.6666666666667 295.3333333333333 318.6666666666667 260.0 314.0 306.0 277.0 304.3333333333333 229.66666666666666 299.0 199.66666666666666 291.3333333333333 172.33333333333334 273.0 276.3333333333333 262.3333333333333 227.0 252.33333333333334 195.33333333333334 242.33333333333334 168.0 248.0 288.3333333333333 234.33333333333334 243.33333333333334 227.33333333333334 213.33333333333334 220.0 187.33333333333334 224.0 310.6666666666667 203.0 278.3333333333333 188.0 256.3333333333333 174.0 235.33333333333334 
291.6666666666667 400.3333333333333 320.0 374.0 333.3333333333333 335.6666666666667 299.0 314.6666666666667 264.6666666666667 308.6666666666667 305.0 276.6666666666667 303.0 229.33333333333334 297.3333333333333 199.0 289.0 171.66666666666666 272.0 276.0 261.0 226.66666666666666 250.66666666666666 195.0 240.66666666666666 167.66666666666666 246.66666666666666 288.0 232.66666666666666 243.0 225.66666666666666 213.33333333333334 218.66666666666666 187.33333333333334 223.0 310.3333333333333 202.0 278.0 187.0 256.6666666666667 173.33333333333334 235.66666666666666 
291.3333333333333 400.3333333333333 320.3333333333333 373.3333333333333 334.3333333333333 334.3333333333333 303.0 311.0 269.6666666666667 302.6666666666667 303.6666666666667 276.3333333333333 301.6666666666667 228.66666666666666 295.6666666666667 198.33333333333334 287.3333333333333 171.0 271.0 276.0 259.6666666666667 226.33333333333334 249.0 194.66666666666666 239.0 167.0 245.33333333333334 288.0 231.33333333333334 243.0 224.33333333333334 213.66666666666666 217.33333333333334 187.66666666666666 222.0 310.0 201.0 278.0 186.0 257.0 172.66666666666666 236.0 
290.3333333333333 400.3333333333333 320.0 373.0 335.0 333.6666666666667 306.6666666666667 308.3333333333333 274.6666666666667 296.6666666666667 302.3333333333333 276.3333333333333 300.3333333333333 228.33333333333334 294.3333333333333 198.0 285.6666666666667 170.33333333333334 270.0 276.3333333333333 258.0 226.0 247.0 194.33333333333334 237.0 166.33333333333334 244.33333333333334 288.3333333333333 230.0 243.33333333333334 222.66666666666666 214.0 215.66666666666666 188.0 221.0 310.3333333333333 200.0 278.3333333333333 185.33333333333334 257.0 172.33333333333334 236.0 
290.0 400.0 319.6666666666667 373.0 335.6666666666667 333.6666666666667 309.0 306.3333333333333 278.0 292.0 301.3333333333333 276.0 299.3333333333333 228.0 293.0 197.66666666666666 284.6666666666667 170.0 269.3333333333333 276.6666666666667 256.6666666666667 226.0 245.66666666666666 194.0 235.33333333333334 166.0 243.66666666666666 288.6666666666667 229.0 243.66666666666666 221.33333333333334 214.0 214.66666666666666 187.66666666666666 220.33333333333334 310.6666666666667 199.33333333333334 278.6666666666667 185.0 257.3333333333333 172.0 236.33333333333334 
289.6666666666667 399.6666666666667 319.3333333333333 373.0 336.3333333333333 333.3333333333333 310.6666666666667 305.0 280.3333333333333 289.3333333333333 300.6666666666667 276.0 298.6666666666667 228.0 292.0 197.66666666666666 283.6666666666667 170.0 268.6666666666667 277.0 255.66666666666666 226.0 244.33333333333334 194.0 234.0 166.33333333333334 243.33333333333334 288.6666666666667 228.0 243.66666666666666 220.0 213.66666666666666 213.33333333333334 187.33333333333334 220.0 311.0 198.66666666666666 279.0 184.66666666666666 257.6666666666667 172.0 236.66666666666666 
289.3333333333333 399.3333333333333 319.3333333333333 373.0 337.0 333.6666666666667 312.0 304.3333333333333 282.0 288.3333333333333 300.0 276.0 298.0 228.33333333333334 291.0 197.66666666666666 282.6666666666667 170.0 268.0 277.0 255.0 226.0 243.33333333333334 194.0 232.66666666666666 166.33333333333334 242.66666666666666 288.6666666666667 227.33333333333334 243.66666666666666 219.0 213.66666666666666 212.0 187.33333333333334 220.0 311.3333333333333 198.33333333333334 279.3333333333333 184.33333333333334 258.3333333333333 172.0 237.33333333333334 
289.0 399.3333333333333 319.3333333333333 373.3333333333333 337.6666666666667 334.0 314.0 304.3333333333333 284.6666666666667 287.6666666666667 299.3333333333333 276.3333333333333 297.0 228.66666666666666 290.3333333333333 198.0 281.6666666666667 170.0 267.3333333333333 277.3333333333333 254.33333333333334 226.33333333333334 242.33333333333334 194.33333333333334 231.66666666666666 166.66666666666666 242.33333333333334 288.6666666666667 227.0 243.66666666666666 218.0 213.66666666666666 211.0 187.33333333333334 219.66666666666666 311.6666666666667 198.0 279.6666666666667 184.0 258.6666666666667 172.0 237.66666666666666 
288.6666666666667 400.0 319.6666666666667 374.0 339.0 335.6666666666667 317.3333333333333 304.6666666666667 288.3333333333333 287.3333333333333 298.3333333333333 277.0 296.0 229.33333333333334 289.6666666666667 198.33333333333334 280.6666666666667 170.33333333333334 266.6666666666667 278.0 254.0 227.0 241.66666666666666 195.0 230.66666666666666 166.66666666666666 241.66666666666666 289.3333333333333 226.66666666666666 244.33333333333334 217.33333333333334 214.33333333333334 210.33333333333334 187.66666666666666 219.33333333333334 312.3333333333333 198.0 280.6666666666667 184.0 259.6666666666667 171.66666666666666 238.66666666666666 
289.0 400.3333333333333 320.6666666666667 374.6666666666667 341.6666666666667 337.0 322.6666666666667 305.0 295.0 286.3333333333333 297.6666666666667 277.3333333333333 295.0 230.0 288.6666666666667 199.33333333333334 279.6666666666667 171.0 266.0 278.3333333333333 253.33333333333334 227.66666666666666 240.66666666666666 195.66666666666666 229.66666666666666 167.0 241.0 290.0 225.66666666666666 245.0 216.33333333333334 215.0 209.66666666666666 188.0 218.66666666666666 312.6666666666667 197.66666666666666 281.3333333333333 183.33333333333334 260.6666666666667 170.66666666666666 240.0 
289.3333333333333 400.0 322.6666666666667 375.0 346.0 338.0 331.3333333333333 304.3333333333333 306.0 283.3333333333333 297.3333333333333 277.0 294.3333333333333 230.33333333333334 287.6666666666667 200.0 278.6666666666667 171.33333333333334 265.6666666666667 278.3333333333333 252.66666666666666 228.0 239.66666666666666 196.0 228.33333333333334 167.0 240.66666666666666 290.6666666666667 225.0 245.66666666666666 216.0 215.66666666666666 209.0 188.66666666666666 218.66666666666666 313.3333333333333 197.33333333333334 282.0 182.66666666666666 261.3333333333333 169.66666666666666 241.0 
290.0 399.3333333333333 324.6666666666667 375.3333333333333 349.6666666666667 339.3333333333333 340.6666666666667 306.0 322.0 281.0 297.6666666666667 276.0 294.3333333333333 230.0 287.3333333333333 200.0 278.6666666666667 171.33333333333334 265.6666666666667 277.6666666666667 252.0 227.66666666666666 239.0 195.66666666666666 227.66666666666666 166.66666666666666 240.66666666666666 290.6666666666667 224.66666666666666 246.0 215.33333333333334 216.0 208.33333333333334 189.0 218.66666666666666 313.3333333333333 197.0 282.3333333333333 181.66666666666666 261.6666666666667 168.66666666666666 241.33333333333334 
290.3333333333333 398.6666666666667 326.3333333333333 375.3333333333333 352.3333333333333 341.3333333333333 349.0 308.6666666666667 338.0 280.3333333333333 298.0 275.3333333333333 294.6666666666667 229.33333333333334 288.3333333333333 199.33333333333334 280.0 171.0 266.0 277.0 252.0 227.0 239.33333333333334 195.0 227.66666666666666 166.33333333333334 241.0 290.0 225.0 245.66666666666666 215.33333333333334 215.66666666666666 208.0 189.0 219.0 313.3333333333333 197.0 282.6666666666667 181.66666666666666 262.0 168.66666666666666 241.66666666666666 
289.6666666666667 397.6666666666667 327.0 375.0 353.6666666666667 343.3333333333333 355.0 312.3333333333333 351.0 282.6666666666667 298.0 274.6666666666667 295.6666666666667 228.33333333333334 290.3333333333333 198.33333333333334 282.6666666666667 170.33333333333334 266.0 276.0 252.66666666666666 226.0 240.33333333333334 194.0 229.0 165.66666666666666 241.0 289.0 225.0 245.0 214.66666666666666 215.33333333333334 207.0 189.0 219.33333333333334 312.3333333333333 197.0 282.3333333333333 181.66666666666666 262.0 168.66666666666666 241.66666666666666 
288.3333333333333 396.6666666666667 327.0 374.3333333333333 355.0 344.0 359.3333333333333 313.3333333333333 360.6666666666667 284.0 298.3333333333333 274.3333333333333 297.0 227.66666666666666 292.6666666666667 197.66666666666666 285.3333333333333 170.0 266.3333333333333 275.0 254.0 225.0 242.33333333333334 192.66666666666666 230.66666666666666 165.0 241.33333333333334 288.0 225.0 244.0 215.0 214.66666666666666 206.66666666666666 189.0 219.66666666666666 311.0 197.0 281.3333333333333 181.66666666666666 261.3333333333333 168.33333333333334 241.33333333333334 
286.6666666666667 395.6666666666667 326.6666666666667 374.0 356.0 344.0 363.3333333333333 313.3333333333333 369.3333333333333 284.6666666666667 298.6666666666667 274.3333333333333 299.0 227.33333333333334 295.0 197.0 288.3333333333333 169.33333333333334 267.0 274.3333333333333 255.66666666666666 224.0 244.33333333333334 191.66666666666666 233.33333333333334 164.0 242.0 287.3333333333333 225.33333333333334 243.0 215.33333333333334 214.0 207.0 188.33333333333334 220.0 309.6666666666667 196.66666666666666 280.0 181.33333333333334 259.6666666666667 167.66666666666666 239.66666666666666 
285.6666666666667 395.0 326.6666666666667 374.0 356.6666666666667 344.0 366.6666666666667 313.6666666666667 376.6666666666667 285.3333333333333 299.3333333333333 274.6666666666667 300.6666666666667 227.33333333333334 296.6666666666667 197.0 290.3333333333333 169.33333333333334 268.0 274.0 257.0 223.33333333333334 246.33333333333334 190.66666666666666 235.33333333333334 163.33333333333334 242.66666666666666 286.6666666666667 226.0 242.33333333333334 216.33333333333334 213.0 208.0 187.0 220.33333333333334 308.6666666666667 196.66666666666666 278.6666666666667 181.33333333333334 258.3333333333333 167.33333333333334 238.0 
285.6666666666667 394.3333333333333 327.3333333333333 374.0 357.6666666666667 344.3333333333333 369.3333333333333 314.6666666666667 381.6666666666667 286.6666666666667 300.3333333333333 275.0 302.0 227.33333333333334 298.3333333333333 197.0 292.6666666666667 169.0 269.0 274.0 258.0 223.0 247.66666666666666 190.66666666666666 237.33333333333334 163.0 243.66666666666666 286.3333333333333 227.0 241.66666666666666 217.66666666666666 212.33333333333334 209.33333333333334 185.33333333333334 221.0 308.0 197.0 277.3333333333333 181.66666666666666 257.0 167.66666666666666 236.66666666666666 
286.0 394.0 328.0 374.0 358.3333333333333 344.6666666666667 371.3333333333333 315.6666666666667 384.6666666666667 288.3333333333333 301.6666666666667 275.0 303.3333333333333 227.33333333333334 300.3333333333333 197.0 294.6666666666667 169.0 270.3333333333333 274.0 259.3333333333333 223.0 249.66666666666666 190.66666666666666 239.33333333333334 163.0 244.66666666666666 286.0 228.33333333333334 241.33333333333334 219.66666666666666 212.0 211.0 184.33333333333334 222.0 307.3333333333333 198.0 276.3333333333333 182.66666666666666 256.0 168.66666666666666 235.33333333333334 
287.0 394.0 329.0 374.0 359.6666666666667 345.0 372.6666666666667 315.6666666666667 387.0 289.0 303.0 275.0 305.0 227.66666666666666 302.3333333333333 197.0 297.0 169.0 271.6666666666667 274.0 260.6666666666667 223.0 251.33333333333334 191.0 241.33333333333334 163.0 246.0 285.6666666666667 230.0 241.0 221.66666666666666 212.0 213.0 184.0 223.0 307.0 199.0 276.0 183.66666666666666 255.33333333333334 170.0 234.33333333333334 
287.6666666666667 394.0 329.6666666666667 374.0 360.3333333333333 345.0 374.0 315.3333333333333 388.3333333333333 289.3333333333333 303.6666666666667 274.6666666666667 306.3333333333333 227.66666666666666 303.6666666666667 196.66666666666666 298.3333333333333 168.66666666666666 272.6666666666667 274.0 261.6666666666667 223.0 252.66666666666666 191.0 242.66666666666666 162.66666666666666 246.33333333333334 285.3333333333333 231.0 241.0 222.66666666666666 212.0 214.33333333333334 184.0 223.33333333333334 306.6666666666667 199.33333333333334 275.6666666666667 184.66666666666666 254.66666666666666 171.33333333333334 233.0 
288.0 394.0 330.0 374.0 361.0 345.0 374.6666666666667 315.3333333333333 389.3333333333333 289.0 304.0 274.3333333333333 307.0 227.33333333333334 304.0 196.33333333333334 299.0 168.33333333333334 273.0 273.6666666666667 262.0 223.0 253.0 190.66666666666666 243.0 162.0 246.66666666666666 285.0 231.33333333333334 241.0 223.0 211.66666666666666 215.0 183.66666666666666 223.33333333333334 306.3333333333333 199.33333333333334 275.3333333333333 185.0 254.33333333333334 172.0 232.33333333333334 
288.0 393.6666666666667 330.0 374.0 361.0 345.0 375.3333333333333 315.6666666666667 390.3333333333333 289.3333333333333 304.3333333333333 274.0 307.3333333333333 227.0 304.6666666666667 196.0 299.6666666666667 168.0 273.3333333333333 273.3333333333333 262.3333333333333 222.66666666666666 253.33333333333334 190.0 243.33333333333334 161.0 246.66666666666666 285.0 231.33333333333334 241.0 223.0 211.33333333333334 215.0 183.33333333333334 223.33333333333334 306.0 199.33333333333334 275.0 185.0 254.0 172.0 232.33333333333334 
288.0 393.3333333333333 330.3333333333333 374.0 361.0 345.3333333333333 376.0 316.3333333333333 391.6666666666667 290.0 305.0 274.3333333333333 308.0 227.0 305.6666666666667 196.0 300.6666666666667 168.0 273.6666666666667 273.0 262.6666666666667 222.66666666666666 253.66666666666666 189.66666666666666 243.66666666666666 160.33333333333334 247.33333333333334 285.0 231.66666666666666 241.0 223.33333333333334 211.0 215.33333333333334 183.0 223.66666666666666 306.0 199.66666666666666 275.0 185.0 254.33333333333334 172.0 232.66666666666666 
288.3333333333333 393.3333333333333 330.6666666666667 374.0 361.0 345.6666666666667 376.6666666666667 317.0 393.3333333333333 291.3333333333333 305.6666666666667 274.6666666666667 308.6666666666667 227.33333333333334 306.6666666666667 196.33333333333334 301.6666666666667 168.33333333333334 274.0 273.3333333333333 263.0 222.66666666666666 254.0 189.66666666666666 244.0 160.33333333333334 247.33333333333334 285.3333333333333 232.0 241.0 223.33333333333334 211.0 215.33333333333334 182.66666666666666 224.0 306.6666666666667 200.0 275.3333333333333 185.0 255.0 172.0 233.33333333333334 
288.6666666666667 393.6666666666667 331.0 374.3333333333333 361.0 346.0 377.3333333333333 317.6666666666667 394.6666666666667 292.3333333333333 306.0 275.0 308.6666666666667 227.66666666666666 307.0 196.66666666666666 302.0 168.66666666666666 274.0 274.0 263.0 223.33333333333334 254.0 190.33333333333334 244.0 161.0 247.33333333333334 286.0 232.0 241.33333333333334 223.66666666666666 211.33333333333334 215.66666666666666 183.0 223.66666666666666 307.3333333333333 199.66666666666666 276.0 184.66666666666666 255.66666666666666 171.66666666666666 233.66666666666666 
289.0 394.0 331.0 374.6666666666667 361.0 346.0 377.6666666666667 318.0 396.0 293.3333333333333 306.0 275.3333333333333 308.3333333333333 228.0 306.6666666666667 197.33333333333334 301.6666666666667 169.0 274.0 274.6666666666667 262.6666666666667 223.66666666666666 253.66666666666666 191.0 243.66666666666666 162.0 247.0 286.6666666666667 232.0 242.0 223.33333333333334 212.0 215.66666666666666 183.66666666666666 223.33333333333334 308.3333333333333 199.33333333333334 277.0 184.0 256.3333333333333 171.0 234.33333333333334 
289.3333333333333 394.3333333333333 331.0 375.3333333333333 361.0 346.3333333333333 378.0 318.6666666666667 396.3333333333333 293.6666666666667 306.0 276.0 308.0 228.33333333333334 306.3333333333333 197.66666666666666 301.3333333333333 169.33333333333334 274.0 275.3333333333333 262.3333333333333 224.33333333333334 253.33333333333334 192.0 243.33333333333334 163.0 247.0 287.6666666666667 232.0 243.0 223.33333333333334 213.0 215.66666666666666 185.0 223.0 309.0 198.66666666666666 278.0 183.33333333333334 257.0 170.33333333333334 235.0 
290.0 395.0 331.3333333333333 375.6666666666667 361.3333333333333 347.0 378.3333333333333 319.3333333333333 397.0 294.3333333333333 306.3333333333333 277.0 308.3333333333333 229.0 306.0 198.33333333333334 301.0 169.66666666666666 274.3333333333333 276.0 262.6666666666667 225.0 253.33333333333334 193.0 243.33333333333334 164.0 247.33333333333334 288.6666666666667 232.0 244.0 223.33333333333334 214.0 215.66666666666666 185.66666666666666 223.33333333333334 310.0 198.66666666666666 279.0 183.33333333333334 258.0 170.33333333333334 235.66666666666666 
291.3333333333333 396.0 332.0 376.3333333333333 362.0 348.0 379.0 320.3333333333333 397.6666666666667 295.0 307.0 277.6666666666667 309.0 230.0 306.3333333333333 199.0 301.3333333333333 170.33333333333334 275.0 277.0 263.6666666666667 226.0 254.0 194.0 244.0 165.0 248.0 290.0 232.66666666666666 245.0 224.0 215.0 216.0 186.66666666666666 224.33333333333334 311.0 199.0 280.0 184.0 259.0 171.0 236.66666666666666 
292.0 397.3333333333333 332.6666666666667 377.3333333333333 362.6666666666667 349.0 379.3333333333333 321.3333333333333 398.0 296.0 307.3333333333333 278.6666666666667 309.3333333333333 231.0 306.6666666666667 200.0 301.3333333333333 171.33333333333334 275.3333333333333 278.3333333333333 264.3333333333333 227.33333333333334 254.66666666666666 195.33333333333334 244.66666666666666 166.33333333333334 248.33333333333334 291.3333333333333 233.0 246.66666666666666 224.66666666666666 216.66666666666666 216.66666666666666 188.33333333333334 225.0 312.6666666666667 199.33333333333334 281.0 184.33333333333334 260.0 171.33333333333334 237.33333333333334 
291.6666666666667 398.6666666666667 332.3333333333333 378.6666666666667 362.3333333333333 350.3333333333333 378.6666666666667 322.6666666666667 396.6666666666667 297.3333333333333 306.3333333333333 280.0 308.0 232.33333333333334 305.6666666666667 201.33333333333334 300.0 172.33333333333334 274.3333333333333 280.0 263.0 229.33333333333334 253.66666666666666 197.33333333333334 243.66666666666666 168.33333333333334 247.33333333333334 293.0 231.66666666666666 249.0 223.0 219.33333333333334 215.0 191.33333333333334 224.33333333333334 314.6666666666667 198.66666666666666 283.0 183.66666666666666 262.0 170.66666666666666 240.0 
290.3333333333333 399.3333333333333 330.6666666666667 379.0 360.6666666666667 350.6666666666667 376.6666666666667 323.3333333333333 394.0 298.0 304.3333333333333 281.0 305.6666666666667 233.0 303.3333333333333 202.0 297.3333333333333 173.0 272.0 281.3333333333333 260.6666666666667 230.66666666666666 251.33333333333334 198.66666666666666 241.0 169.33333333333334 245.0 294.0 229.0 250.66666666666666 220.0 221.0 211.66666666666666 193.0 222.0 316.3333333333333 196.66666666666666 284.3333333333333 181.66666666666666 263.6666666666667 168.66666666666666 241.33333333333334 
289.6666666666667 397.3333333333333 329.3333333333333 377.0 358.6666666666667 348.6666666666667 374.6666666666667 321.3333333333333 392.3333333333333 296.6666666666667 302.6666666666667 279.6666666666667 303.6666666666667 232.0 301.0 201.0 295.0 171.66666666666666 270.0 280.0 258.3333333333333 229.33333333333334 248.66666666666666 197.0 238.33333333333334 167.66666666666666 243.33333333333334 292.6666666666667 226.66666666666666 249.33333333333334 217.0 219.66666666666666 208.66666666666666 191.66666666666666 220.33333333333334 315.3333333333333 195.33333333333334 284.0 180.33333333333334 263.6666666666667 167.33333333333334 242.0 
289.6666666666667 392.6666666666667 328.3333333333333 372.6666666666667 357.3333333333333 344.3333333333333 373.3333333333333 317.3333333333333 391.3333333333333 293.0 302.0 275.3333333333333 303.3333333333333 228.33333333333334 300.0 197.0 294.0 168.0 269.3333333333333 275.6666666666667 257.3333333333333 225.0 247.33333333333334 192.33333333333334 237.0 163.0 242.66666666666666 288.3333333333333 226.33333333333334 244.66666666666666 216.33333333333334 215.0 208.0 187.0 219.66666666666666 311.3333333333333 195.0 280.3333333333333 179.66666666666666 260.3333333333333 166.66666666666666 238.66666666666666 
289.3333333333333 387.0 328.0 367.6666666666667 357.0 339.6666666666667 373.0 312.6666666666667 390.3333333333333 288.3333333333333 302.0 270.3333333333333 303.3333333333333 223.66666666666666 300.0 192.33333333333334 293.6666666666667 163.33333333333334 269.3333333333333 270.0 257.0 219.66666666666666 247.0 186.66666666666666 237.0 157.33333333333334 243.0 283.0 226.33333333333334 239.0 216.66666666666666 209.33333333333334 208.33333333333334 181.33333333333334 220.33333333333334 305.6666666666667 195.66666666666666 275.0 180.0 255.0 167.0 234.0 
288.6666666666667 382.6666666666667 327.3333333333333 363.6666666666667 357.0 336.3333333333333 372.6666666666667 309.6666666666667 389.0 284.6666666666667 301.6666666666667 266.0 303.3333333333333 219.66666666666666 299.6666666666667 188.0 293.3333333333333 159.33333333333334 269.3333333333333 265.6666666666667 257.0 215.33333333333334 247.0 182.33333333333334 236.66666666666666 153.0 243.0 278.3333333333333 226.33333333333334 234.33333333333334 216.66666666666666 205.0 208.33333333333334 177.0 220.33333333333334 300.6666666666667 195.66666666666666 270.3333333333333 180.0 250.33333333333334 166.66666666666666 229.0 
287.6666666666667 380.3333333333333 326.6666666666667 361.6666666666667 356.6666666666667 334.6666666666667 372.3333333333333 308.0 387.6666666666667 282.3333333333333 301.3333333333333 264.0 302.6666666666667 217.33333333333334 299.0 186.0 292.6666666666667 157.33333333333334 269.0 263.3333333333333 257.0 213.0 246.66666666666666 180.33333333333334 236.33333333333334 151.0 243.0 275.6666666666667 226.0 232.0 216.66666666666666 202.66666666666666 208.33333333333334 175.0 220.33333333333334 297.6666666666667 195.33333333333334 267.3333333333333 180.0 247.66666666666666 166.66666666666666 226.0 
287.3333333333333 379.3333333333333 326.3333333333333 361.0 356.0 334.0 371.6666666666667 307.6666666666667 387.0 281.6666666666667 300.6666666666667 263.0 302.3333333333333 216.33333333333334 298.3333333333333 185.0 292.3333333333333 156.66666666666666 269.0 262.3333333333333 257.0 212.33333333333334 246.66666666666666 179.66666666666666 236.0 150.66666666666666 242.66666666666666 274.6666666666667 226.0 231.0 216.66666666666666 202.33333333333334 208.66666666666666 174.66666666666666 220.0 296.3333333333333 195.0 266.6666666666667 180.0 247.33333333333334 166.66666666666666 225.33333333333334 
286.3333333333333 378.6666666666667 325.3333333333333 360.6666666666667 354.6666666666667 334.0 370.6666666666667 307.6666666666667 385.3333333333333 281.6666666666667 300.0 262.6666666666667 301.3333333333333 216.0 297.6666666666667 185.0 291.6666666666667 156.66666666666666 268.3333333333333 262.0 256.3333333333333 212.33333333333334 246.0 180.0 235.66666666666666 151.0 242.0 274.3333333333333 225.66666666666666 231.0 216.66666666666666 202.66666666666666 208.33333333333334 175.0 219.66666666666666 295.6666666666667 194.66666666666666 266.3333333333333 179.66666666666666 247.33333333333334 166.66666666666666 225.66666666666666 
285.3333333333333 378.0 324.3333333333333 360.0 353.3333333333333 333.6666666666667 369.0 307.6666666666667 383.3333333333333 281.6666666666667 298.6666666666667 262.0 300.0 215.66666666666666 296.6666666666667 184.66666666666666 290.6666666666667 156.66666666666666 267.3333333333333 261.6666666666667 255.33333333333334 212.33333333333334 245.33333333333334 180.0 234.66666666666666 151.0 241.0 274.0 224.66666666666666 231.0 215.66666666666666 202.66666666666666 207.33333333333334 175.0 219.0 295.0 194.0 266.0 179.0 247.0 166.0 226.0 
284.0 377.3333333333333 323.0 359.3333333333333 352.0 333.3333333333333 367.3333333333333 307.3333333333333 381.6666666666667 281.3333333333333 297.6666666666667 261.6666666666667 298.6666666666667 215.33333333333334 295.3333333333333 184.66666666666666 289.3333333333333 156.66666666666666 266.0 261.3333333333333 254.0 211.66666666666666 244.0 179.66666666666666 233.33333333333334 151.0 240.0 273.3333333333333 223.66666666666666 230.66666666666666 214.66666666666666 202.33333333333334 206.0 175.0 218.0 294.3333333333333 193.33333333333334 265.0 178.33333333333334 246.0 165.0 225.66666666666666 
283.3333333333333 377.0 322.0 359.0 351.0 333.0 366.0 307.0 380.6666666666667 281.3333333333333 296.6666666666667 261.6666666666667 297.6666666666667 215.33333333333334 294.3333333333333 184.66666666666666 288.3333333333333 156.66666666666666 265.3333333333333 261.0 253.0 211.66666666666666 243.0 179.66666666666666 232.0 151.33333333333334 239.33333333333334 273.0 223.0 230.33333333333334 214.0 202.0 205.33333333333334 175.0 217.33333333333334 294.0 193.0 264.6666666666667 178.0 245.33333333333334 164.33333333333334 225.33333333333334 
283.0 377.3333333333333 321.3333333333333 359.3333333333333 350.0 333.6666666666667 365.3333333333333 308.0 381.0 282.6666666666667 296.3333333333333 262.3333333333333 297.3333333333333 215.66666666666666 293.6666666666667 185.33333333333334 287.6666666666667 157.33333333333334 264.6666666666667 261.3333333333333 252.33333333333334 212.0 242.33333333333334 180.0 231.33333333333334 152.0 238.66666666666666 273.3333333333333 222.66666666666666 230.33333333333334 213.66666666666666 202.33333333333334 205.0 175.33333333333334 216.66666666666666 294.3333333333333 193.0 265.0 177.66666666666666 245.66666666666666 164.0 225.33333333333334 
283.0 378.0 321.0 360.3333333333333 349.6666666666667 334.6666666666667 365.6666666666667 309.0 382.3333333333333 284.3333333333333 296.3333333333333 263.0 297.0 216.33333333333334 293.3333333333333 186.0 287.0 158.33333333333334 264.6666666666667 261.6666666666667 252.0 212.66666666666666 241.66666666666666 181.0 230.66666666666666 153.33333333333334 238.66666666666666 273.6666666666667 222.66666666666666 230.66666666666666 213.33333333333334 202.66666666666666 205.0 176.0 216.66666666666666 294.6666666666667 193.0 265.3333333333333 177.66666666666666 246.0 164.33333333333334 225.33333333333334 
283.6666666666667 379.0 322.0 361.3333333333333 351.0 335.0 368.0 309.0 385.6666666666667 285.0 297.3333333333333 263.3333333333333 297.3333333333333 216.66666666666666 293.3333333333333 187.0 286.6666666666667 159.33333333333334 265.3333333333333 262.0 252.33333333333334 213.0 241.66666666666666 182.0 230.0 154.66666666666666 239.33333333333334 274.0 223.33333333333334 231.0 213.66666666666666 203.0 205.33333333333334 176.66666666666666 217.33333333333334 294.6666666666667 193.66666666666666 265.3333333333333 178.33333333333334 246.0 165.0 225.0 
285.0 379.3333333333333 324.0 361.6666666666667 353.6666666666667 334.3333333333333 371.3333333333333 308.0 389.6666666666667 284.6666666666667 298.3333333333333 263.3333333333333 297.3333333333333 217.33333333333334 293.3333333333333 188.0 286.3333333333333 160.33333333333334 266.6666666666667 262.0 253.0 213.66666666666666 242.0 183.33333333333334 230.0 156.33333333333334 240.66666666666666 274.0 224.33333333333334 231.66666666666666 214.33333333333334 203.66666666666666 205.33333333333334 177.66666666666666 218.66666666666666 294.6666666666667 195.0 264.6666666666667 180.0 245.33333333333334 166.33333333333334 224.33333333333334 
286.3333333333333 380.0 326.0 361.6666666666667 356.0 333.6666666666667 374.6666666666667 307.3333333333333 393.6666666666667 284.3333333333333 299.3333333333333 263.0 298.0 217.66666666666666 293.6666666666667 188.66666666666666 286.3333333333333 161.0 268.0 262.3333333333333 253.66666666666666 214.66666666666666 242.66666666666666 185.0 230.0 158.0 242.0 274.0 225.0 232.33333333333334 215.0 205.0 205.0 179.0 220.0 294.6666666666667 196.66666666666666 264.6666666666667 181.66666666666666 245.0 168.0 224.33333333333334 
287.0 380.0 327.0 361.3333333333333 357.3333333333333 333.3333333333333 377.0 307.3333333333333 396.6666666666667 284.6666666666667 300.0 263.0 298.3333333333333 218.33333333333334 293.6666666666667 189.66666666666666 286.0 162.33333333333334 269.0 262.6666666666667 254.33333333333334 216.0 243.0 186.66666666666666 230.66666666666666 160.33333333333334 243.0 274.3333333333333 225.33333333333334 233.33333333333334 215.33333333333334 206.66666666666666 204.66666666666666 181.33333333333334 220.66666666666666 295.0 197.66666666666666 264.6666666666667 183.0 245.33333333333334 169.66666666666666 224.66666666666666 
287.3333333333333 380.0 327.3333333333333 361.0 358.0 333.0 378.3333333333333 307.0 398.6666666666667 285.0 300.6666666666667 263.3333333333333 299.0 219.33333333333334 294.0 191.33333333333334 285.6666666666667 164.66666666666666 269.3333333333333 263.3333333333333 254.66666666666666 217.33333333333334 242.66666666666666 189.0 230.0 163.33333333333334 243.33333333333334 275.0 225.33333333333334 234.33333333333334 215.0 209.33333333333334 204.0 185.0 221.0 295.0 198.33333333333334 265.0 184.0 245.66666666666666 171.0 225.33333333333334 
287.3333333333333 379.3333333333333 327.3333333333333 360.3333333333333 358.0 332.3333333333333 378.3333333333333 306.0 398.6666666666667 284.3333333333333 300.6666666666667 263.6666666666667 298.6666666666667 221.0 293.3333333333333 194.33333333333334 284.3333333333333 169.0 269.3333333333333 263.6666666666667 254.66666666666666 219.66666666666666 241.33333333333334 193.66666666666666 227.66666666666666 170.33333333333334 243.0 275.3333333333333 225.33333333333334 235.66666666666666 214.0 212.66666666666666 202.0 190.66666666666666 220.66666666666666 294.6666666666667 198.33333333333334 265.0 184.33333333333334 246.33333333333334 171.0 226.33333333333334 
287.3333333333333 378.6666666666667 327.0 359.3333333333333 357.0 331.3333333333333 377.0 305.0 397.3333333333333 283.3333333333333 300.0 264.0 298.0 223.0 291.6666666666667 199.0 281.6666666666667 176.66666666666666 268.6666666666667 264.0 255.0 222.33333333333334 240.66666666666666 200.66666666666666 225.33333333333334 181.66666666666666 242.33333333333334 275.3333333333333 225.33333333333334 237.0 212.33333333333334 217.0 199.0 198.0 220.0 294.0 198.33333333333334 265.0 184.33333333333334 246.66666666666666 170.66666666666666 228.0 
288.0 377.3333333333333 327.0 358.0 356.0 329.6666666666667 375.6666666666667 303.6666666666667 394.6666666666667 281.3333333333333 299.6666666666667 264.0 296.0 224.0 287.3333333333333 204.33333333333334 277.0 190.66666666666666 268.3333333333333 264.3333333333333 253.33333333333334 222.66666666666666 238.0 207.0 223.66666666666666 198.66666666666666 242.33333333333334 275.0 224.33333333333334 237.33333333333334 210.0 221.0 197.33333333333334 209.33333333333334 220.66666666666666 293.6666666666667 198.33333333333334 266.0 183.33333333333334 248.33333333333334 169.66666666666666 232.33333333333334 
289.3333333333333 375.3333333333333 327.6666666666667 356.6666666666667 356.0 328.0 374.6666666666667 302.3333333333333 392.0 279.6666666666667 299.0 264.0 293.3333333333333 224.33333333333334 283.3333333333333 209.66666666666666 274.0 206.0 268.0 264.6666666666667 252.33333333333334 223.33333333333334 237.33333333333334 213.0 225.66666666666666 215.0 242.66666666666666 275.3333333333333 223.66666666666666 240.0 209.0 227.66666666666666 198.66666666666666 224.66666666666666 222.0 293.6666666666667 199.0 268.0 183.33333333333334 251.66666666666666 170.66666666666666 239.66666666666666 
288.6666666666667 371.6666666666667 327.3333333333333 355.6666666666667 356.0 326.6666666666667 374.0 301.0 389.0 277.3333333333333 300.3333333333333 263.3333333333333 291.3333333333333 221.33333333333334 279.6666666666667 215.33333333333334 273.3333333333333 224.66666666666666 269.0 264.6666666666667 251.66666666666666 220.33333333333334 237.33333333333334 220.66666666666666 232.66666666666666 234.66666666666666 243.66666666666666 274.3333333333333 224.33333333333334 237.33333333333334 211.0 235.33333333333334 207.33333333333334 244.66666666666666 223.33333333333334 291.3333333333333 202.0 264.0 188.33333333333334 255.0 182.0 253.0 
287.3333333333333 369.0 325.3333333333333 355.6666666666667 354.0 326.6666666666667 371.6666666666667 301.0 385.6666666666667 276.3333333333333 302.0 261.0 289.6666666666667 221.0 278.0 229.66666666666666 275.6666666666667 248.0 270.0 263.3333333333333 252.66666666666666 222.33333333333334 242.66666666666666 240.66666666666666 245.33333333333334 260.0 243.66666666666666 272.6666666666667 225.33333333333334 238.0 215.66666666666666 251.0 217.66666666666666 267.0 222.66666666666666 287.3333333333333 203.0 260.3333333333333 193.66666666666666 263.3333333333333 193.66666666666666 270.0 
286.3333333333333 368.3333333333333 324.3333333333333 355.6666666666667 352.3333333333333 326.3333333333333 369.6666666666667 300.3333333333333 381.6666666666667 274.6666666666667 304.0 261.6666666666667 289.0 222.0 278.0 244.0 278.3333333333333 270.0 271.0 265.3333333333333 253.0 224.66666666666666 246.66666666666666 258.3333333333333 254.66666666666666 283.0 243.66666666666666 274.3333333333333 225.33333333333334 238.33333333333334 220.0 265.0 227.66666666666666 286.6666666666667 222.0 287.3333333333333 202.66666666666666 260.0 199.0 274.6666666666667 206.66666666666666 289.3333333333333 
287.3333333333333 370.0 324.3333333333333 355.3333333333333 351.0 325.3333333333333 368.3333333333333 299.0 377.3333333333333 273.3333333333333 304.3333333333333 262.0 287.3333333333333 227.0 280.3333333333333 260.3333333333333 283.0 288.6666666666667 270.6666666666667 267.3333333333333 252.0 231.33333333333334 251.66666666666666 275.0 262.3333333333333 300.0 243.0 276.6666666666667 222.66666666666666 245.0 224.0 280.0 235.0 301.3333333333333 221.33333333333334 289.0 199.66666666666666 266.0 201.66666666666666 287.6666666666667 213.0 303.6666666666667 
288.3333333333333 371.0 325.0 354.0 351.6666666666667 323.6666666666667 368.3333333333333 296.3333333333333 373.3333333333333 270.6666666666667 303.0 263.6666666666667 286.3333333333333 230.0 284.0 267.0 287.6666666666667 295.0 270.0 270.0 251.33333333333334 235.66666666666666 255.33333333333334 279.6666666666667 266.0 304.3333333333333 242.66666666666666 279.6666666666667 221.33333333333334 249.66666666666666 228.33333333333334 286.0 241.66666666666666 307.0 220.66666666666666 291.6666666666667 198.33333333333334 270.3333333333333 205.33333333333334 293.3333333333333 219.66666666666666 309.0 
288.0 370.0 323.6666666666667 352.0 351.0 321.6666666666667 368.0 293.6666666666667 370.3333333333333 268.3333333333333 301.6666666666667 261.6666666666667 285.3333333333333 231.33333333333334 286.3333333333333 271.6666666666667 291.3333333333333 297.3333333333333 269.3333333333333 268.6666666666667 251.33333333333334 237.66666666666666 260.0 283.6666666666667 272.0 305.0 242.33333333333334 278.0 221.33333333333334 251.0 233.0 288.6666666666667 247.66666666666666 306.6666666666667 220.0 289.6666666666667 199.0 269.6666666666667 209.66666666666666 293.6666666666667 224.33333333333334 307.6666666666667 
287.6666666666667 367.6666666666667 323.0 349.3333333333333 351.3333333333333 319.3333333333333 368.0 290.6666666666667 369.6666666666667 265.0 301.6666666666667 259.0 286.3333333333333 229.66666666666666 288.0 269.6666666666667 293.3333333333333 293.3333333333333 270.3333333333333 265.6666666666667 253.66666666666666 237.33333333333334 263.6666666666667 282.3333333333333 275.6666666666667 300.6666666666667 243.33333333333334 275.0 224.66666666666666 249.33333333333334 237.0 285.6666666666667 251.0 301.0 221.0 286.6666666666667 202.0 267.0 213.33333333333334 290.6666666666667 227.0 302.6666666666667 
287.0 363.6666666666667 323.6666666666667 344.6666666666667 353.3333333333333 314.0 370.6666666666667 284.6666666666667 372.6666666666667 259.0 304.6666666666667 253.33333333333334 290.0 223.66666666666666 290.6666666666667 261.6666666666667 296.3333333333333 284.3333333333333 274.0 259.0 259.0 231.66666666666666 267.0 275.3333333333333 278.3333333333333 291.3333333333333 247.0 268.0 231.0 243.33333333333334 241.33333333333334 278.6666666666667 253.66666666666666 292.0 224.66666666666666 280.0 208.33333333333334 261.0 219.0 285.0 231.33333333333334 296.6666666666667 
288.3333333333333 356.0 326.6666666666667 336.0 357.6666666666667 304.6666666666667 374.3333333333333 273.6666666666667 377.3333333333333 247.0 311.0 243.66666666666666 297.3333333333333 212.33333333333334 296.6666666666667 248.66666666666666 302.0 272.0 280.3333333333333 248.0 267.0 220.33333333333334 272.3333333333333 262.0 282.3333333333333 277.6666666666667 253.33333333333334 256.6666666666667 239.66666666666666 232.33333333333334 247.66666666666666 266.6666666666667 258.0 279.3333333333333 230.33333333333334 268.3333333333333 216.66666666666666 249.66666666666666 226.0 273.3333333333333 237.0 285.3333333333333 
291.0 343.0 331.0 323.0 362.6666666666667 290.6666666666667 378.6666666666667 258.3333333333333 382.6666666666667 231.0 317.3333333333333 230.33333333333334 305.3333333333333 197.66666666666666 303.3333333333333 232.0 308.0 256.3333333333333 287.0 233.66666666666666 274.3333333333333 204.33333333333334 278.3333333333333 244.66666666666666 287.3333333333333 262.0 260.0 242.33333333333334 248.0 216.66666666666666 254.33333333333334 250.66666666666666 263.0 265.3333333333333 236.33333333333334 254.0 224.66666666666666 233.33333333333334 232.66666666666666 256.3333333333333 242.0 270.0 
295.0 328.6666666666667 335.6666666666667 309.0 366.3333333333333 276.3333333333333 381.3333333333333 243.33333333333334 386.6666666666667 216.0 322.6666666666667 216.66666666666666 311.3333333333333 183.0 309.3333333333333 216.66666666666666 313.6666666666667 241.66666666666666 292.0 220.0 279.3333333333333 188.66666666666666 284.6666666666667 229.0 293.3333333333333 248.0 265.0 229.0 253.33333333333334 201.0 260.6666666666667 235.0 269.0 251.66666666666666 241.0 241.0 229.66666666666666 218.33333333333334 237.66666666666666 240.0 246.33333333333334 254.0 
298.0 318.0 339.0 299.3333333333333 369.0 266.6666666666667 384.3333333333333 234.0 390.0 206.66666666666666 325.3333333333333 207.0 314.0 172.33333333333334 312.3333333333333 205.0 317.0 230.0 295.0 211.33333333333334 282.0 178.66666666666666 289.0 219.33333333333334 298.0 239.33333333333334 268.3333333333333 220.66666666666666 256.0 190.0 265.3333333333333 224.66666666666666 274.3333333333333 243.33333333333334 244.33333333333334 233.33333333333334 232.0 208.33333333333334 241.33333333333334 229.33333333333334 250.66666666666666 243.66666666666666 
299.3333333333333 314.3333333333333 340.6666666666667 296.3333333333333 370.6666666666667 263.6666666666667 386.3333333333333 231.0 392.3333333333333 203.66666666666666 327.0 203.33333333333334 315.0 166.33333333333334 313.3333333333333 197.66666666666666 317.6666666666667 223.33333333333334 296.3333333333333 208.33333333333334 283.3333333333333 173.66666666666666 290.3333333333333 214.33333333333334 299.3333333333333 235.0 269.6666666666667 217.66666666666666 256.3333333333333 185.0 266.6666666666667 220.0 276.3333333333333 240.0 245.66666666666666 230.66666666666666 232.0 205.0 242.0 225.66666666666666 252.33333333333334 240.0 
298.3333333333333 316.3333333333333 340.3333333333333 299.0 371.0 267.0 387.0 234.0 392.0 205.66666666666666 327.0 205.33333333333334 315.6666666666667 165.66666666666666 312.0 193.66666666666666 314.6666666666667 219.33333333333334 296.3333333333333 210.0 283.3333333333333 173.0 288.0 211.0 297.0 233.33333333333334 269.6666666666667 218.66666666666666 255.33333333333334 183.0 264.0 216.66666666666666 274.0 238.66666666666666 245.66666666666666 231.33333333333334 230.66666666666666 204.33333333333334 239.33333333333334 224.0 250.33333333333334 239.0 
296.6666666666667 321.3333333333333 338.6666666666667 305.0 370.0 273.0 386.0 240.33333333333334 391.0 212.0 324.6666666666667 210.66666666666666 315.3333333333333 169.66666666666666 310.0 188.0 311.3333333333333 211.0 294.0 213.66666666666666 280.6666666666667 172.66666666666666 282.6666666666667 203.33333333333334 291.6666666666667 227.33333333333334 267.3333333333333 221.66666666666666 252.33333333333334 182.66666666666666 257.6666666666667 209.33333333333334 267.6666666666667 232.33333333333334 243.33333333333334 234.66666666666666 227.33333333333334 205.33333333333334 232.0 219.33333333333334 241.66666666666666 234.33333333333334 
295.0 327.6666666666667 336.6666666666667 310.6666666666667 367.6666666666667 279.6666666666667 383.3333333333333 248.33333333333334 389.6666666666667 221.0 320.0 216.33333333333334 313.0 176.33333333333334 308.0 181.0 308.0 195.66666666666666 290.0 217.33333333333334 276.0 174.33333333333334 275.6666666666667 190.0 282.0 208.66666666666666 264.0 225.33333333333334 247.66666666666666 186.0 246.33333333333334 194.66666666666666 251.0 206.66666666666666 240.66666666666666 239.66666666666666 224.33333333333334 211.0 223.33333333333334 213.33333333333334 228.0 219.66666666666666 
293.3333333333333 332.3333333333333 334.3333333333333 315.0 365.3333333333333 284.6666666666667 381.0 255.0 390.6666666666667 229.0 315.3333333333333 220.0 311.3333333333333 182.0 306.6666666666667 172.33333333333334 303.6666666666667 173.33333333333334 285.6666666666667 219.66666666666666 272.3333333333333 177.66666666666666 268.6666666666667 175.66666666666666 268.6666666666667 181.0 260.3333333333333 228.0 244.33333333333334 190.66666666666666 237.66666666666666 183.0 235.33333333333334 181.33333333333334 237.66666666666666 244.33333333333334 221.66666666666666 216.33333333333334 216.0 207.33333333333334 214.33333333333334 203.33333333333334 
291.6666666666667 334.6666666666667 333.0 316.3333333333333 363.3333333333333 287.3333333333333 379.0 259.3333333333333 392.0 234.66666666666666 312.0 221.0 309.6666666666667 183.66666666666666 305.6666666666667 165.33333333333334 300.0 153.0 282.3333333333333 220.0 269.6666666666667 179.0 263.3333333333333 162.66666666666666 257.3333333333333 152.66666666666666 257.3333333333333 229.33333333333334 241.66666666666666 194.0 230.66666666666666 174.0 221.66666666666666 158.0 235.66666666666666 247.33333333333334 219.66666666666666 220.33333333333334 210.33333333333334 204.0 203.0 189.33333333333334 
290.3333333333333 335.3333333333333 332.0 317.0 362.3333333333333 289.0 378.6666666666667 261.3333333333333 394.0 237.33333333333334 310.3333333333333 220.66666666666666 309.6666666666667 181.66666666666666 305.3333333333333 159.0 298.3333333333333 137.66666666666666 280.3333333333333 219.66666666666666 268.6666666666667 178.0 260.3333333333333 154.33333333333334 251.33333333333334 133.33333333333334 255.33333333333334 229.33333333333334 241.0 193.0 230.66666666666666 171.0 220.66666666666666 150.66666666666666 233.66666666666666 248.0 217.33333333333334 219.33333333333334 207.0 201.0 197.33333333333334 183.0 
290.3333333333333 335.6666666666667 332.0 317.0 362.0 289.3333333333333 379.0 262.0 395.6666666666667 238.66666666666666 309.3333333333333 220.0 309.3333333333333 178.33333333333334 306.0 153.33333333333334 300.6666666666667 128.66666666666666 279.3333333333333 219.0 267.3333333333333 173.66666666666666 259.3333333333333 146.33333333333334 250.66666666666666 121.66666666666667 254.0 229.33333333333334 239.33333333333334 190.33333333333334 229.66666666666666 166.33333333333334 220.66666666666666 143.66666666666666 232.66666666666666 248.66666666666666 215.0 218.33333333333334 203.66666666666666 199.0 193.33333333333334 179.66666666666666 
290.6666666666667 336.0 331.6666666666667 316.6666666666667 361.6666666666667 289.0 379.3333333333333 261.6666666666667 397.0 238.66666666666666 308.3333333333333 219.0 309.0 175.33333333333334 306.0 148.66666666666666 301.6666666666667 122.66666666666667 278.6666666666667 218.33333333333334 266.6666666666667 171.0 258.6666666666667 141.33333333333334 250.0 115.0 253.33333333333334 229.0 238.33333333333334 188.33333333333334 229.33333333333334 163.0 221.0 139.33333333333334 231.66666666666666 248.66666666666666 213.0 218.0 201.33333333333334 198.0 190.33333333333334 178.0 
290.6666666666667 336.0 331.3333333333333 316.3333333333333 361.0 288.0 379.3333333333333 261.0 397.3333333333333 238.0 307.3333333333333 218.0 307.6666666666667 173.0 304.6666666666667 145.0 300.6666666666667 118.33333333333333 277.6666666666667 217.66666666666666 266.0 168.66666666666666 258.0 137.66666666666666 249.33333333333334 111.0 252.33333333333334 228.66666666666666 237.0 186.66666666666666 228.33333333333334 160.33333333333334 220.66666666666666 136.0 230.66666666666666 248.66666666666666 211.33333333333334 217.66666666666666 199.33333333333334 197.66666666666666 188.33333333333334 177.33333333333334 
290.0 335.6666666666667 330.6666666666667 315.6666666666667 360.3333333333333 287.3333333333333 379.0 260.3333333333333 397.0 237.33333333333334 305.6666666666667 217.33333333333334 305.6666666666667 171.33333333333334 302.6666666666667 142.33333333333334 298.6666666666667 115.33333333333333 276.3333333333333 217.33333333333334 265.0 167.33333333333334 257.0 135.66666666666666 248.66666666666666 108.66666666666667 251.33333333333334 228.33333333333334 236.0 185.33333333333334 227.66666666666666 157.66666666666666 220.66666666666666 133.0 229.33333333333334 248.33333333333334 209.66666666666666 217.33333333333334 197.66666666666666 197.0 186.66666666666666 176.66666666666666 
289.0 335.3333333333333 330.3333333333333 315.3333333333333 360.3333333333333 287.3333333333333 379.6666666666667 261.0 397.3333333333333 239.0 305.0 216.33333333333334 305.3333333333333 169.66666666666666 302.6666666666667 140.33333333333334 298.6666666666667 113.0 275.3333333333333 216.33333333333334 264.3333333333333 166.0 256.3333333333333 133.66666666666666 248.66666666666666 106.66666666666667 250.33333333333334 227.33333333333334 235.66666666666666 183.66666666666666 228.0 155.0 221.66666666666666 130.0 228.33333333333334 247.33333333333334 209.0 216.33333333333334 197.0 195.66666666666666 187.0 175.0 
288.3333333333333 334.6666666666667 329.6666666666667 315.0 360.3333333333333 288.0 379.3333333333333 263.0 395.3333333333333 241.66666666666666 304.3333333333333 215.33333333333334 305.6666666666667 168.33333333333334 303.6666666666667 138.66666666666666 300.0 111.0 274.6666666666667 215.33333333333334 264.0 164.66666666666666 256.0 132.0 248.66666666666666 105.0 250.0 226.33333333333334 236.0 182.0 228.66666666666666 153.0 223.0 127.66666666666667 228.0 246.66666666666666 209.0 215.0 197.0 194.0 187.66666666666666 173.33333333333334 
288.0 334.0 329.0 314.3333333333333 359.6666666666667 288.3333333333333 378.0 264.6666666666667 391.3333333333333 244.66666666666666 304.3333333333333 213.66666666666666 306.3333333333333 166.33333333333334 304.6666666666667 136.66666666666666 301.3333333333333 109.0 274.6666666666667 213.66666666666666 264.0 163.33333333333334 256.0 130.0 249.0 103.0 250.0 225.0 236.66666666666666 180.66666666666666 229.66666666666666 151.33333333333334 224.66666666666666 126.0 228.0 245.66666666666666 209.33333333333334 213.66666666666666 197.33333333333334 192.33333333333334 188.0 171.33333333333334 
288.3333333333333 333.0 328.0 313.6666666666667 358.3333333333333 288.6666666666667 375.6666666666667 265.3333333333333 382.6666666666667 246.0 304.6666666666667 212.33333333333334 306.0 164.66666666666666 304.3333333333333 134.66666666666666 301.0 107.0 274.6666666666667 212.33333333333334 264.0 161.66666666666666 256.0 128.0 249.0 101.0 250.0 224.0 237.0 179.33333333333334 230.33333333333334 149.66666666666666 225.66666666666666 124.33333333333333 228.0 245.0 209.33333333333334 213.0 197.33333333333334 191.33333333333334 187.66666666666666 170.33333333333334 
289.3333333333333 332.0 327.6666666666667 312.6666666666667 357.0 289.0 372.0 266.3333333333333 371.3333333333333 249.66666666666666 305.6666666666667 211.0 306.6666666666667 163.33333333333334 304.3333333333333 133.0 300.6666666666667 105.66666666666667 275.3333333333333 211.0 264.3333333333333 160.33333333333334 256.3333333333333 126.66666666666667 249.33333333333334 99.33333333333333 250.33333333333334 223.33333333333334 237.33333333333334 178.66666666666666 231.0 148.66666666666666 226.33333333333334 123.33333333333333 228.66666666666666 244.66666666666666 209.66666666666666 213.0 197.33333333333334 191.0 187.33333333333334 170.0 
291.0 332.0 328.0 313.0 357.0 288.6666666666667 364.3333333333333 266.3333333333333 351.3333333333333 254.33333333333334 308.0 210.0 308.0 162.33333333333334 305.3333333333333 132.0 301.0 104.66666666666667 276.6666666666667 210.33333333333334 265.6666666666667 159.0 257.6666666666667 125.33333333333333 250.33333333333334 97.66666666666667 251.33333333333334 222.66666666666666 238.33333333333334 177.33333333333334 232.0 147.33333333333334 227.0 121.33333333333333 229.33333333333334 244.66666666666666 210.0 212.66666666666666 197.66666666666666 190.66666666666666 188.0 169.0 
292.0 332.6666666666667 327.3333333333333 314.0 355.3333333333333 289.3333333333333 350.6666666666667 269.3333333333333 328.3333333333333 261.3333333333333 310.0 209.0 310.0 161.0 307.0 130.33333333333334 302.3333333333333 103.33333333333333 278.0 209.33333333333334 267.6666666666667 158.0 259.3333333333333 124.66666666666667 252.0 96.66666666666667 252.66666666666666 222.0 239.33333333333334 176.0 232.66666666666666 146.0 228.0 119.33333333333333 230.33333333333334 244.66666666666666 210.33333333333334 211.66666666666666 198.0 189.66666666666666 188.66666666666666 167.66666666666666 
293.3333333333333 333.6666666666667 326.3333333333333 314.6666666666667 351.0 288.0 332.6666666666667 270.3333333333333 303.0 266.0 312.0 208.33333333333334 311.6666666666667 159.33333333333334 308.3333333333333 128.66666666666666 303.3333333333333 101.66666666666667 279.3333333333333 209.0 269.3333333333333 157.0 261.0 123.66666666666667 253.33333333333334 95.66666666666667 253.66666666666666 221.33333333333334 240.33333333333334 174.66666666666666 233.33333333333334 144.33333333333334 228.66666666666666 117.66666666666667 230.66666666666666 244.33333333333334 210.33333333333334 210.66666666666666 198.33333333333334 189.0 189.0 167.0 
294.3333333333333 334.3333333333333 324.3333333333333 314.6666666666667 345.0 287.6666666666667 318.0 273.0 286.3333333333333 269.3333333333333 312.3333333333333 208.0 312.0 158.33333333333334 308.6666666666667 127.33333333333333 303.3333333333333 100.33333333333333 279.6666666666667 208.33333333333334 270.3333333333333 156.0 262.0 122.66666666666667 254.66666666666666 94.66666666666667 254.33333333333334 221.0 241.0 174.0 234.0 143.33333333333334 229.33333333333334 117.0 231.0 243.66666666666666 211.0 210.0 198.66666666666666 188.33333333333334 188.66666666666666 166.66666666666666 
296.3333333333333 335.0 324.0 314.0 340.3333333333333 285.3333333333333 308.3333333333333 272.6666666666667 275.6666666666667 269.6666666666667 313.0 207.66666666666666 312.3333333333333 158.0 309.0 127.0 303.3333333333333 100.0 280.6666666666667 208.33333333333334 270.6666666666667 155.66666666666666 262.6666666666667 122.33333333333333 255.0 94.33333333333333 255.0 221.0 242.33333333333334 174.33333333333334 235.66666666666666 143.66666666666666 230.33333333333334 117.66666666666667 231.66666666666666 243.66666666666666 212.66666666666666 210.33333333333334 200.0 188.33333333333334 189.33333333333334 166.66666666666666 
297.6666666666667 335.6666666666667 324.0 314.0 338.3333333333333 284.3333333333333 304.3333333333333 272.6666666666667 271.3333333333333 269.6666666666667 313.6666666666667 208.0 312.6666666666667 158.33333333333334 309.6666666666667 127.0 303.6666666666667 100.0 281.3333333333333 208.33333333333334 271.6666666666667 155.66666666666666 263.6666666666667 122.0 256.3333333333333 94.0 256.0 221.33333333333334 243.66666666666666 174.66666666666666 237.33333333333334 144.33333333333334 231.66666666666666 118.33333333333333 233.0 243.66666666666666 214.33333333333334 210.66666666666666 201.33333333333334 188.33333333333334 190.33333333333334 166.0 
299.0 336.0 324.6666666666667 314.0 337.3333333333333 283.3333333333333 302.0 272.6666666666667 269.0 269.3333333333333 314.6666666666667 208.33333333333334 313.6666666666667 158.66666666666666 310.6666666666667 127.33333333333333 304.6666666666667 100.33333333333333 282.0 208.66666666666666 272.3333333333333 156.0 264.3333333333333 122.66666666666667 257.0 94.33333333333333 257.0 221.66666666666666 244.66666666666666 175.0 238.33333333333334 145.0 232.33333333333334 119.0 234.33333333333334 244.33333333333334 215.66666666666666 211.0 203.0 188.66666666666666 192.0 166.0 
299.3333333333333 336.0 324.6666666666667 314.0 336.6666666666667 282.6666666666667 301.0 272.0 268.3333333333333 269.0 314.0 209.33333333333334 312.6666666666667 159.33333333333334 309.3333333333333 128.0 303.3333333333333 101.0 281.6666666666667 209.33333333333334 272.3333333333333 156.33333333333334 264.3333333333333 122.66666666666667 257.6666666666667 94.33333333333333 257.0 222.0 244.33333333333334 175.0 237.66666666666666 145.0 231.66666666666666 119.0 234.66666666666666 244.66666666666666 215.66666666666666 211.33333333333334 203.0 189.0 192.0 166.33333333333334 
299.0 335.6666666666667 324.0 313.6666666666667 336.0 282.3333333333333 301.3333333333333 272.0 269.0 268.3333333333333 312.3333333333333 209.33333333333334 310.3333333333333 159.66666666666666 306.3333333333333 128.66666666666666 300.3333333333333 101.66666666666667 280.3333333333333 209.66666666666666 270.6666666666667 156.66666666666666 262.6666666666667 123.33333333333333 255.66666666666666 95.0 256.0 222.33333333333334 242.66666666666666 175.33333333333334 235.66666666666666 145.0 229.66666666666666 119.0 233.66666666666666 245.0 214.66666666666666 211.66666666666666 201.66666666666666 189.33333333333334 190.33333333333334 166.66666666666666 
298.3333333333333 335.3333333333333 323.0 313.3333333333333 335.0 282.0 300.6666666666667 271.6666666666667 268.6666666666667 268.3333333333333 310.3333333333333 209.66666666666666 307.6666666666667 160.0 303.0 129.0 297.0 102.0 279.0 210.33333333333334 268.6666666666667 157.33333333333334 260.6666666666667 124.0 253.33333333333334 95.66666666666667 254.66666666666666 222.66666666666666 241.0 176.0 233.66666666666666 145.66666666666666 227.66666666666666 119.66666666666667 232.66666666666666 245.33333333333334 213.66666666666666 212.33333333333334 200.0 190.0 188.33333333333334 167.33333333333334 
297.6666666666667 334.6666666666667 322.3333333333333 312.6666666666667 334.0 282.0 299.6666666666667 272.0 267.3333333333333 268.6666666666667 309.3333333333333 209.66666666666666 306.3333333333333 160.33333333333334 301.6666666666667 129.33333333333334 295.3333333333333 102.0 278.0 210.33333333333334 267.3333333333333 157.66666666666666 259.3333333333333 124.33333333333333 251.33333333333334 96.0 253.66666666666666 223.0 240.0 176.66666666666666 232.33333333333334 146.33333333333334 226.0 120.33333333333333 231.66666666666666 245.66666666666666 212.66666666666666 212.66666666666666 198.66666666666666 190.66666666666666 187.0 168.0 
297.3333333333333 334.3333333333333 321.6666666666667 312.3333333333333 333.3333333333333 281.6666666666667 298.0 272.0 265.3333333333333 269.3333333333333 309.0 210.0 306.0 160.66666666666666 301.6666666666667 129.66666666666666 295.3333333333333 102.0 277.6666666666667 210.33333333333334 266.6666666666667 158.0 258.6666666666667 124.66666666666667 250.66666666666666 96.33333333333333 253.0 223.0 239.33333333333334 177.0 231.33333333333334 147.0 224.66666666666666 121.0 231.0 246.0 212.0 213.0 198.0 191.0 186.33333333333334 168.66666666666666 
297.0 334.0 321.6666666666667 311.6666666666667 333.0 281.0 297.3333333333333 271.6666666666667 264.6666666666667 269.3333333333333 308.6666666666667 209.66666666666666 305.6666666666667 160.66666666666666 301.6666666666667 129.66666666666666 295.3333333333333 102.0 277.0 210.0 266.0 158.0 257.6666666666667 124.66666666666667 249.66666666666666 96.33333333333333 252.33333333333334 223.0 238.33333333333334 177.33333333333334 230.33333333333334 147.33333333333334 223.0 121.33333333333333 230.33333333333334 246.0 211.0 213.0 197.0 191.33333333333334 185.0 169.0 
296.6666666666667 333.6666666666667 321.3333333333333 311.3333333333333 333.0 280.3333333333333 297.3333333333333 271.3333333333333 265.3333333333333 269.0 308.3333333333333 209.33333333333334 305.3333333333333 160.33333333333334 301.0 129.33333333333334 295.0 102.0 276.3333333333333 209.66666666666666 265.3333333333333 157.66666666666666 256.6666666666667 124.66666666666667 248.66666666666666 96.0 252.0 223.0 237.33333333333334 177.33333333333334 229.0 147.33333333333334 221.33333333333334 121.33333333333333 230.0 246.0 210.33333333333334 213.0 196.0 191.33333333333334 183.33333333333334 169.0 
296.3333333333333 333.0 321.3333333333333 310.6666666666667 333.0 279.6666666666667 298.0 270.6666666666667 266.3333333333333 267.6666666666667 307.6666666666667 208.66666666666666 304.6666666666667 159.66666666666666 300.3333333333333 128.66666666666666 294.3333333333333 101.66666666666667 276.0 209.33333333333334 264.6666666666667 157.0 256.0 124.0 247.66666666666666 95.33333333333333 251.66666666666666 222.66666666666666 237.0 177.0 228.33333333333334 147.33333333333334 220.66666666666666 121.33333333333333 229.66666666666666 245.33333333333334 209.66666666666666 212.33333333333334 195.33333333333334 191.0 182.33333333333334 168.33333333333334 
295.6666666666667 332.0 320.6666666666667 310.0 332.3333333333333 279.3333333333333 297.6666666666667 270.0 266.3333333333333 266.6666666666667 307.0 208.33333333333334 304.3333333333333 159.33333333333334 300.0 128.33333333333334 294.0 101.33333333333333 275.6666666666667 208.66666666666666 264.3333333333333 156.33333333333334 256.0 123.33333333333333 247.66666666666666 94.33333333333333 251.33333333333334 222.0 236.66666666666666 176.33333333333334 227.66666666666666 146.66666666666666 220.0 120.66666666666667 229.33333333333334 244.33333333333334 209.33333333333334 211.66666666666666 194.66666666666666 190.0 181.66666666666666 167.66666666666666 
295.0 331.6666666666667 319.6666666666667 309.6666666666667 331.0 279.0 296.3333333333333 269.3333333333333 264.6666666666667 265.6666666666667 306.0 208.0 303.3333333333333 159.0 299.3333333333333 128.33333333333334 293.3333333333333 101.0 275.0 208.66666666666666 263.6666666666667 156.33333333333334 255.66666666666666 123.0 247.0 94.0 250.33333333333334 221.33333333333334 236.0 175.66666666666666 227.33333333333334 146.0 219.66666666666666 120.0 228.66666666666666 243.66666666666666 208.66666666666666 211.0 194.0 189.66666666666666 181.0 167.33333333333334 
294.0 331.6666666666667 318.6666666666667 309.3333333333333 329.3333333333333 279.0 294.0 269.0 262.3333333333333 265.6666666666667 304.6666666666667 208.0 302.3333333333333 159.0 298.0 128.66666666666666 292.0 101.0 273.6666666666667 208.33333333333334 262.6666666666667 156.66666666666666 254.33333333333334 123.33333333333333 246.0 94.0 249.0 221.0 234.66666666666666 175.66666666666666 226.0 145.33333333333334 218.0 119.33333333333333 227.66666666666666 243.66666666666666 207.66666666666666 211.33333333333334 193.0 189.66666666666666 180.0 167.66666666666666 
293.3333333333333 331.6666666666667 318.0 309.3333333333333 328.0 279.0 292.3333333333333 269.0 260.3333333333333 265.6666666666667 303.6666666666667 208.0 301.3333333333333 159.33333333333334 297.0 129.0 290.6666666666667 101.33333333333333 272.3333333333333 208.66666666666666 261.6666666666667 157.0 253.0 123.66666666666667 244.33333333333334 94.33333333333333 247.66666666666666 221.0 233.33333333333334 175.66666666666666 224.33333333333334 145.66666666666666 216.33333333333334 119.33333333333333 226.33333333333334 244.0 206.33333333333334 211.66666666666666 191.66666666666666 190.33333333333334 178.66666666666666 168.0 
293.0 331.0 317.6666666666667 309.0 327.3333333333333 278.6666666666667 291.3333333333333 268.6666666666667 259.3333333333333 265.6666666666667 303.0 208.0 301.0 159.33333333333334 296.6666666666667 128.66666666666666 290.3333333333333 101.33333333333333 271.3333333333333 208.33333333333334 261.0 156.33333333333334 252.0 123.33333333333333 243.33333333333334 94.0 247.0 220.66666666666666 232.33333333333334 175.66666666666666 223.0 145.66666666666666 214.66666666666666 119.0 225.33333333333334 243.66666666666666 205.33333333333334 212.0 191.0 190.33333333333334 178.33333333333334 168.0 
292.6666666666667 330.3333333333333 317.3333333333333 308.6666666666667 326.6666666666667 278.0 291.0 268.3333333333333 259.0 265.0 302.6666666666667 207.66666666666666 300.6666666666667 159.0 296.6666666666667 128.33333333333334 290.3333333333333 101.33333333333333 270.6666666666667 208.0 260.6666666666667 155.33333333333334 251.66666666666666 122.66666666666667 242.66666666666666 93.33333333333333 246.66666666666666 220.33333333333334 232.0 175.33333333333334 222.33333333333334 145.66666666666666 213.66666666666666 119.0 225.0 243.33333333333334 205.0 211.66666666666666 190.66666666666666 190.33333333333334 178.0 168.0 
292.6666666666667 329.6666666666667 317.0 308.0 326.3333333333333 277.0 291.0 267.6666666666667 259.0 264.3333333333333 302.3333333333333 207.33333333333334 300.3333333333333 158.33333333333334 296.3333333333333 127.66666666666667 290.0 100.66666666666667 270.3333333333333 207.33333333333334 260.3333333333333 154.33333333333334 251.33333333333334 122.0 242.33333333333334 93.0 246.33333333333334 220.0 231.66666666666666 174.66666666666666 222.0 144.66666666666666 213.0 118.33333333333333 224.66666666666666 242.66666666666666 204.66666666666666 211.33333333333334 190.66666666666666 190.0 178.33333333333334 168.0 
292.6666666666667 329.3333333333333 317.0 307.3333333333333 326.0 276.0 290.0 267.0 258.0 264.3333333333333 302.0 207.0 300.0 158.0 296.0 127.33333333333333 289.3333333333333 100.33333333333333 270.0 207.0 260.0 154.0 251.0 121.66666666666667 242.0 92.66666666666667 246.0 220.0 231.33333333333334 174.33333333333334 221.33333333333334 144.33333333333334 212.33333333333334 118.33333333333333 224.66666666666666 242.66666666666666 204.66666666666666 211.0 190.66666666666666 190.0 178.0 168.0 
293.0 329.3333333333333 317.3333333333333 307.3333333333333 326.0 276.0 289.6666666666667 266.6666666666667 257.3333333333333 264.6666666666667 302.0 207.33333333333334 300.0 158.33333333333334 296.0 127.0 289.3333333333333 100.0 270.3333333333333 207.33333333333334 260.0 154.0 251.0 121.33333333333333 242.0 92.33333333333333 246.33333333333334 220.33333333333334 231.33333333333334 174.0 221.33333333333334 144.0 212.33333333333334 117.66666666666667 224.66666666666666 243.0 204.66666666666666 211.33333333333334 190.66666666666666 190.0 178.33333333333334 168.0 
293.0 329.6666666666667 317.3333333333333 308.0 326.0 276.6666666666667 289.3333333333333 267.0 257.0 265.3333333333333 302.0 207.66666666666666 300.3333333333333 158.66666666666666 296.0 127.33333333333333 289.6666666666667 100.33333333333333 270.6666666666667 208.0 260.3333333333333 154.33333333333334 251.0 121.33333333333333 242.0 92.33333333333333 246.66666666666666 220.66666666666666 231.66666666666666 174.33333333333334 221.66666666666666 144.33333333333334 212.66666666666666 118.0 225.0 244.0 205.0 212.0 191.0 190.33333333333334 178.66666666666666 168.0 
292.6666666666667 330.3333333333333 317.0 309.0 326.0 278.3333333333333 290.6666666666667 268.0 258.3333333333333 265.6666666666667 301.6666666666667 208.33333333333334 300.3333333333333 159.33333333333334 295.6666666666667 128.0 289.6666666666667 101.0 270.6666666666667 208.66666666666666 260.3333333333333 155.0 251.0 122.0 242.0 93.0 246.66666666666666 221.33333333333334 231.66666666666666 175.0 221.66666666666666 145.0 213.0 118.66666666666667 224.66666666666666 244.66666666666666 204.66666666666666 212.66666666666666 190.33333333333334 191.0 178.33333333333334 168.33333333333334 
292.3333333333333 331.0 316.6666666666667 309.6666666666667 326.0 279.0 291.0 269.0 259.0 266.3333333333333 301.3333333333333 209.0 300.0 160.0 295.0 129.0 289.0 102.0 270.0 209.33333333333334 260.0 156.0 250.66666666666666 123.0 241.66666666666666 94.0 246.0 222.0 231.0 176.0 221.0 146.0 212.33333333333334 120.0 224.33333333333334 245.33333333333334 204.0 213.33333333333334 189.33333333333334 191.66666666666666 177.0 168.66666666666666 
292.3333333333333 331.6666666666667 316.6666666666667 310.0 326.0 279.3333333333333 291.3333333333333 270.0 259.3333333333333 267.0 301.0 209.66666666666666 299.0 161.0 294.3333333333333 130.0 288.0 103.0 269.3333333333333 209.66666666666666 259.3333333333333 157.0 250.33333333333334 123.66666666666667 241.0 94.66666666666667 245.33333333333334 222.66666666666666 230.33333333333334 177.0 220.33333333333334 147.0 211.66666666666666 120.66666666666667 224.0 245.66666666666666 203.33333333333334 213.66666666666666 188.33333333333334 192.33333333333334 175.66666666666666 169.33333333333334 
292.6666666666667 332.0 317.0 310.3333333333333 326.0 279.6666666666667 290.6666666666667 270.6666666666667 258.6666666666667 268.0 301.0 210.66666666666666 298.3333333333333 162.33333333333334 293.6666666666667 132.0 287.0 105.0 269.0 210.33333333333334 259.0 157.66666666666666 250.0 124.33333333333333 240.33333333333334 95.33333333333333 245.0 223.33333333333334 229.66666666666666 177.66666666666666 219.66666666666666 147.66666666666666 210.66666666666666 121.33333333333333 223.66666666666666 246.33333333333334 203.0 214.33333333333334 188.0 192.66666666666666 175.0 170.0 
292.6666666666667 332.3333333333333 317.0 311.0 326.0 280.3333333333333 290.6666666666667 271.3333333333333 258.3333333333333 268.6666666666667 301.0 211.66666666666666 298.0 164.33333333333334 293.0 134.66666666666666 286.0 108.0 269.0 211.0 259.0 158.33333333333334 250.0 125.0 240.33333333333334 96.0 245.0 223.66666666666666 229.66666666666666 178.0 219.66666666666666 148.33333333333334 210.33333333333334 121.66666666666667 223.33333333333334 246.66666666666666 203.0 214.66666666666666 188.0 193.0 175.0 170.66666666666666 
292.0 332.6666666666667 316.6666666666667 311.6666666666667 325.6666666666667 281.0 290.0 271.3333333333333 257.3333333333333 269.0 301.0 213.33333333333334 298.0 167.33333333333334 292.0 139.0 284.3333333333333 113.66666666666667 269.0 212.0 259.0 159.0 250.0 126.33333333333333 240.0 97.0 245.0 224.0 229.66666666666666 178.0 219.66666666666666 148.66666666666666 210.0 122.33333333333333 223.0 247.0 203.0 214.66666666666666 188.0 193.0 174.33333333333334 170.66666666666666 
291.6666666666667 332.6666666666667 316.3333333333333 311.6666666666667 325.6666666666667 281.0 290.0 271.3333333333333 257.0 269.3333333333333 300.6666666666667 214.66666666666666 298.0 170.66666666666666 291.3333333333333 144.0 283.0 120.33333333333333 269.0 212.66666666666666 258.6666666666667 160.0 250.0 127.33333333333333 239.66666666666666 97.66666666666667 245.0 224.0 230.0 178.33333333333334 220.0 149.0 210.0 122.33333333333333 223.0 246.66666666666666 203.0 214.33333333333334 188.0 193.0 173.66666666666666 170.33333333333334 
291.6666666666667 332.3333333333333 316.3333333333333 311.6666666666667 325.6666666666667 281.0 289.6666666666667 271.0 256.6666666666667 269.3333333333333 300.6666666666667 216.0 298.0 174.33333333333334 291.3333333333333 150.33333333333334 281.6666666666667 129.66666666666666 269.3333333333333 213.0 258.6666666666667 160.66666666666666 250.0 128.0 239.0 98.0 245.0 224.33333333333334 230.0 179.0 219.66666666666666 149.33333333333334 209.66666666666666 122.0 223.33333333333334 246.66666666666666 203.0 214.33333333333334 188.0 193.0 173.33333333333334 170.0 
292.0 332.3333333333333 316.3333333333333 312.3333333333333 326.0 281.6666666666667 290.3333333333333 271.0 257.6666666666667 269.3333333333333 300.6666666666667 217.66666666666666 298.0 178.66666666666666 290.3333333333333 157.66666666666666 279.3333333333333 140.33333333333334 269.6666666666667 214.0 258.6666666666667 161.66666666666666 249.66666666666666 128.33333333333334 239.0 98.33333333333333 245.33333333333334 225.0 230.0 179.66666666666666 219.66666666666666 149.66666666666666 209.66666666666666 122.0 223.66666666666666 247.0 203.0 215.0 188.33333333333334 193.33333333333334 173.66666666666666 170.0 
292.0 333.0 316.0 313.3333333333333 325.3333333333333 282.0 289.6666666666667 271.0 257.0 269.3333333333333 301.0 219.0 297.6666666666667 182.0 288.3333333333333 165.0 275.3333333333333 153.0 269.6666666666667 215.33333333333334 259.0 162.66666666666666 249.33333333333334 129.33333333333334 238.66666666666666 99.33333333333333 245.33333333333334 225.66666666666666 229.66666666666666 180.33333333333334 219.33333333333334 150.33333333333334 209.33333333333334 122.33333333333333 224.0 247.66666666666666 203.0 215.66666666666666 188.66666666666666 194.0 174.0 170.33333333333334 
292.0 333.6666666666667 315.0 314.3333333333333 325.0 282.6666666666667 289.6666666666667 271.0 257.3333333333333 269.0 301.0 220.66666666666666 297.6666666666667 186.0 286.3333333333333 172.33333333333334 271.3333333333333 164.33333333333334 269.3333333333333 216.66666666666666 259.0 164.0 249.0 130.66666666666666 238.33333333333334 100.66666666666667 245.33333333333334 226.0 229.33333333333334 180.66666666666666 219.0 151.0 208.66666666666666 123.0 224.0 248.0 202.66666666666666 216.33333333333334 188.66666666666666 194.66666666666666 173.66666666666666 171.33333333333334 
291.6666666666667 334.3333333333333 314.3333333333333 314.3333333333333 324.3333333333333 282.0 289.0 270.6666666666667 256.3333333333333 268.6666666666667 300.6666666666667 221.66666666666666 297.6666666666667 188.66666666666666 285.6666666666667 178.66666666666666 269.0 174.0 269.0 217.33333333333334 259.0 165.0 249.0 131.66666666666666 237.66666666666666 101.66666666666667 245.0 226.33333333333334 229.33333333333334 181.0 218.66666666666666 151.33333333333334 208.0 123.0 224.0 248.0 202.66666666666666 216.66666666666666 188.33333333333334 195.33333333333334 173.66666666666666 172.33333333333334 
291.6666666666667 334.6666666666667 314.0 314.0 324.0 281.3333333333333 288.6666666666667 270.0 255.66666666666666 268.0 300.0 222.33333333333334 298.6666666666667 192.0 286.6666666666667 184.33333333333334 269.0 181.33333333333334 269.0 217.33333333333334 259.0 165.66666666666666 249.0 132.33333333333334 237.33333333333334 102.33333333333333 245.0 226.66666666666666 229.33333333333334 181.0 218.33333333333334 151.33333333333334 207.33333333333334 123.33333333333333 224.0 248.0 202.33333333333334 217.0 188.0 195.66666666666666 173.33333333333334 173.0 
291.3333333333333 335.0 313.6666666666667 313.3333333333333 323.0 280.3333333333333 287.3333333333333 269.0 254.0 268.0 299.3333333333333 222.66666666666666 299.3333333333333 194.0 287.0 189.0 268.6666666666667 188.33333333333334 269.0 217.66666666666666 259.3333333333333 166.0 249.0 132.66666666666666 237.0 103.0 245.0 227.0 229.33333333333334 180.66666666666666 218.33333333333334 151.0 207.0 123.33333333333333 224.0 248.0 202.33333333333334 216.66666666666666 187.66666666666666 195.66666666666666 173.33333333333334 173.0 
291.3333333333333 335.0 313.0 313.0 322.0 280.0 286.3333333333333 268.3333333333333 252.66666666666666 268.0 299.3333333333333 222.0 299.6666666666667 195.33333333333334 286.6666666666667 194.0 268.3333333333333 196.66666666666666 269.3333333333333 217.66666666666666 259.6666666666667 166.33333333333334 249.0 133.66666666666666 237.0 104.0 245.33333333333334 227.0 229.33333333333334 180.66666666666666 218.0 151.0 206.66666666666666 123.66666666666667 224.0 248.0 202.0 216.33333333333334 187.66666666666666 195.33333333333334 173.33333333333334 173.0 
291.3333333333333 335.3333333333333 312.3333333333333 313.3333333333333 321.3333333333333 280.0 286.0 268.0 252.66666666666666 268.0 299.6666666666667 222.33333333333334 299.3333333333333 197.33333333333334 285.6666666666667 200.0 267.0 206.0 269.6666666666667 218.33333333333334 260.3333333333333 167.66666666666666 249.33333333333334 135.0 237.33333333333334 106.0 245.66666666666666 227.33333333333334 229.66666666666666 181.0 218.33333333333334 151.66666666666666 207.0 124.33333333333333 224.0 248.33333333333334 202.0 216.33333333333334 187.66666666666666 195.33333333333334 173.66666666666666 173.33333333333334 
291.3333333333333 336.0 312.0 313.6666666666667 320.6666666666667 280.0 285.6666666666667 267.6666666666667 252.0 268.3333333333333 300.3333333333333 222.66666666666666 298.6666666666667 199.33333333333334 284.6666666666667 206.66666666666666 266.0 216.0 270.3333333333333 219.0 260.6666666666667 169.33333333333334 250.0 137.0 238.0 108.0 246.0 228.0 229.66666666666666 182.0 218.66666666666666 153.0 208.0 125.66666666666667 224.0 248.66666666666666 202.0 216.66666666666666 188.0 195.66666666666666 174.0 173.66666666666666 
292.0 335.6666666666667 312.6666666666667 313.3333333333333 320.0 279.3333333333333 285.0 266.6666666666667 252.0 267.3333333333333 300.3333333333333 223.66666666666666 299.0 202.0 285.3333333333333 212.33333333333334 266.6666666666667 223.33333333333334 270.6666666666667 219.33333333333334 261.0 170.33333333333334 250.66666666666666 138.33333333333334 238.66666666666666 110.0 246.0 228.33333333333334 229.66666666666666 182.66666666666666 219.33333333333334 154.33333333333334 209.33333333333334 127.0 224.0 248.66666666666666 202.0 216.66666666666666 188.0 195.66666666666666 174.33333333333334 173.66666666666666 
291.6666666666667 334.6666666666667 313.0 312.3333333333333 319.3333333333333 279.0 284.0 266.0 251.66666666666666 266.0 300.3333333333333 223.66666666666666 299.0 203.66666666666666 286.0 216.66666666666666 267.6666666666667 229.66666666666666 271.0 219.0 261.3333333333333 170.33333333333334 250.66666666666666 139.33333333333334 238.66666666666666 110.66666666666667 246.0 227.66666666666666 229.33333333333334 182.66666666666666 219.33333333333334 154.66666666666666 210.0 127.33333333333333 223.66666666666666 247.66666666666666 202.0 215.66666666666666 188.33333333333334 195.0 174.66666666666666 173.0 
291.6666666666667 333.3333333333333 313.3333333333333 311.3333333333333 319.0 279.0 284.0 265.3333333333333 252.66666666666666 263.6666666666667 300.0 223.33333333333334 299.3333333333333 204.66666666666666 287.0 219.33333333333334 269.3333333333333 233.66666666666666 271.0 218.0 261.0 170.0 250.0 139.66666666666666 238.0 111.33333333333333 245.66666666666666 226.66666666666666 229.33333333333334 182.0 219.66666666666666 154.33333333333334 210.66666666666666 127.33333333333333 223.33333333333334 246.33333333333334 201.33333333333334 214.66666666666666 188.0 194.33333333333334 174.33333333333334 172.33333333333334 
290.6666666666667 333.0 312.6666666666667 311.3333333333333 318.6666666666667 279.6666666666667 284.0 265.3333333333333 253.0 262.3333333333333 300.3333333333333 223.0 299.0 205.33333333333334 287.0 221.33333333333334 269.6666666666667 237.33333333333334 270.6666666666667 217.33333333333334 260.3333333333333 170.0 249.0 140.33333333333334 237.0 112.0 245.33333333333334 226.0 228.66666666666666 181.33333333333334 219.33333333333334 154.0 210.33333333333334 127.33333333333333 222.66666666666666 245.33333333333334 200.66666666666666 214.0 187.33333333333334 194.0 173.66666666666666 172.33333333333334 
290.0 333.0 312.0 311.6666666666667 318.6666666666667 279.6666666666667 284.3333333333333 265.0 253.33333333333334 261.6666666666667 300.6666666666667 223.0 298.6666666666667 205.66666666666666 286.3333333333333 223.33333333333334 269.6666666666667 240.66666666666666 270.0 217.0 259.0 170.33333333333334 248.0 141.33333333333334 236.33333333333334 113.66666666666667 244.66666666666666 226.0 228.0 181.33333333333334 219.0 154.33333333333334 210.0 127.66666666666667 222.0 245.33333333333334 199.66666666666666 214.0 186.0 194.0 172.66666666666666 172.66666666666666 
289.6666666666667 332.6666666666667 311.3333333333333 311.6666666666667 318.3333333333333 279.0 284.0 264.6666666666667 253.0 261.6666666666667 300.6666666666667 223.0 298.0 206.0 285.6666666666667 225.0 269.6666666666667 243.33333333333334 269.3333333333333 217.0 258.0 171.0 246.66666666666666 142.66666666666666 235.33333333333334 115.66666666666667 244.33333333333334 226.0 227.33333333333334 181.66666666666666 218.33333333333334 154.66666666666666 209.33333333333334 128.33333333333334 221.33333333333334 245.33333333333334 199.33333333333334 214.0 185.33333333333334 194.0 172.0 173.0 
289.6666666666667 332.0 311.0 311.0 318.3333333333333 278.3333333333333 284.0 264.3333333333333 253.0 261.6666666666667 300.3333333333333 222.66666666666666 297.0 205.66666666666666 284.6666666666667 225.66666666666666 269.3333333333333 244.66666666666666 269.0 217.0 257.3333333333333 171.33333333333334 245.66666666666666 143.33333333333334 234.33333333333334 116.66666666666667 244.0 225.66666666666666 226.66666666666666 181.66666666666666 217.66666666666666 155.0 208.33333333333334 128.66666666666666 221.0 245.0 199.0 213.66666666666666 185.0 193.66666666666666 171.66666666666666 172.33333333333334 
290.0 331.3333333333333 311.3333333333333 310.0 318.0 277.0 284.0 263.3333333333333 253.0 261.3333333333333 299.6666666666667 222.33333333333334 296.0 205.33333333333334 284.3333333333333 226.33333333333334 269.6666666666667 246.0 268.6666666666667 216.66666666666666 256.6666666666667 171.33333333333334 244.66666666666666 143.66666666666666 233.33333333333334 117.33333333333333 243.66666666666666 225.33333333333334 226.33333333333334 181.33333333333334 217.0 154.66666666666666 207.66666666666666 128.66666666666666 221.0 244.33333333333334 199.0 213.0 185.0 193.0 171.33333333333334 171.66666666666666 
290.0 331.3333333333333 311.3333333333333 309.3333333333333 317.6666666666667 275.3333333333333 284.3333333333333 261.6666666666667 254.66666666666666 261.0 299.6666666666667 221.66666666666666 294.6666666666667 205.66666666666666 283.3333333333333 228.33333333333334 269.6666666666667 249.0 268.6666666666667 216.33333333333334 256.3333333333333 171.33333333333334 244.0 144.0 232.66666666666666 117.66666666666667 243.33333333333334 224.66666666666666 226.0 180.66666666666666 216.0 154.0 206.33333333333334 128.0 220.66666666666666 244.0 199.0 212.33333333333334 184.66666666666666 192.0 171.33333333333334 170.66666666666666 
290.3333333333333 331.0 311.3333333333333 308.6666666666667 317.3333333333333 272.6666666666667 284.6666666666667 259.6666666666667 256.3333333333333 261.3333333333333 299.6666666666667 221.33333333333334 293.3333333333333 207.0 282.6666666666667 231.33333333333334 270.0 253.0 268.6666666666667 216.0 256.0 172.0 243.0 145.33333333333334 232.0 119.33333333333333 243.33333333333334 224.66666666666666 225.66666666666666 180.33333333333334 214.66666666666666 153.33333333333334 205.33333333333334 127.0 220.66666666666666 244.0 198.66666666666666 212.0 184.0 191.33333333333334 170.66666666666666 170.0 
290.3333333333333 330.6666666666667 311.0 308.3333333333333 317.3333333333333 271.3333333333333 285.0 258.6666666666667 257.6666666666667 262.0 300.3333333333333 221.0 291.6666666666667 209.0 281.3333333333333 234.33333333333334 270.0 256.0 269.3333333333333 216.33333333333334 256.0 173.0 242.0 146.66666666666666 231.0 120.66666666666667 243.66666666666666 224.66666666666666 225.66666666666666 180.0 214.0 153.0 204.66666666666666 126.33333333333333 220.66666666666666 244.33333333333334 198.33333333333334 212.0 183.33333333333334 191.33333333333334 170.0 169.66666666666666 
290.3333333333333 330.0 311.0 308.0 317.6666666666667 270.6666666666667 285.3333333333333 259.0 257.6666666666667 263.0 301.0 221.33333333333334 290.6666666666667 210.66666666666666 280.3333333333333 236.33333333333334 270.0 257.3333333333333 269.6666666666667 216.66666666666666 255.66666666666666 174.0 241.66666666666666 147.66666666666666 230.66666666666666 121.66666666666667 244.0 225.0 225.66666666666666 180.33333333333334 213.66666666666666 153.33333333333334 205.0 126.66666666666667 221.0 244.33333333333334 198.0 212.0 183.0 191.66666666666666 169.66666666666666 169.66666666666666 
290.3333333333333 330.0 311.3333333333333 308.0 318.3333333333333 271.3333333333333 286.0 259.3333333333333 258.3333333333333 262.6666666666667 302.0 221.66666666666666 290.6666666666667 211.66666666666666 280.0 237.33333333333334 270.6666666666667 257.6666666666667 270.3333333333333 216.66666666666666 256.0 174.66666666666666 242.0 148.0 231.0 122.0 244.33333333333334 225.0 226.0 180.66666666666666 214.33333333333334 153.66666666666666 206.0 127.33333333333333 221.33333333333334 244.33333333333334 198.33333333333334 212.0 183.33333333333334 192.0 170.0 170.0 
290.6666666666667 330.0 312.0 308.0 318.6666666666667 271.3333333333333 286.6666666666667 259.3333333333333 259.6666666666667 262.0 302.6666666666667 221.66666666666666 291.0 212.0 280.3333333333333 237.66666666666666 271.0 258.0 271.0 216.33333333333334 256.3333333333333 175.0 242.66666666666666 148.0 232.0 122.0 245.0 224.66666666666666 226.33333333333334 180.66666666666666 215.0 154.0 207.0 128.0 221.66666666666666 243.66666666666666 199.0 211.66666666666666 184.0 191.66666666666666 171.0 170.0 
290.6666666666667 329.6666666666667 312.6666666666667 308.0 319.3333333333333 271.3333333333333 288.3333333333333 258.3333333333333 261.3333333333333 260.3333333333333 303.3333333333333 221.0 291.6666666666667 211.66666666666666 281.0 237.33333333333334 271.6666666666667 257.6666666666667 272.0 215.66666666666666 257.3333333333333 174.66666666666666 243.33333333333334 147.66666666666666 233.0 121.66666666666667 245.66666666666666 224.0 227.0 180.0 215.66666666666666 153.33333333333334 207.33333333333334 127.33333333333333 222.33333333333334 243.0 199.66666666666666 211.0 185.0 191.0 172.0 169.0 
291.3333333333333 327.0 313.6666666666667 304.3333333333333 320.0 267.3333333333333 289.6666666666667 254.0 262.3333333333333 256.6666666666667 303.0 217.66666666666666 293.6666666666667 207.33333333333334 283.3333333333333 232.66666666666666 273.3333333333333 253.66666666666666 272.6666666666667 213.0 258.6666666666667 171.33333333333334 245.33333333333334 144.66666666666666 235.33333333333334 119.33333333333333 246.66666666666666 221.0 229.0 177.0 217.33333333333334 150.33333333333334 209.0 124.66666666666667 223.66666666666666 240.33333333333334 201.0 208.0 186.33333333333334 187.66666666666666 173.0 166.0 
292.0 320.3333333333333 314.6666666666667 297.3333333333333 322.0 261.0 293.0 247.0 265.3333333333333 249.66666666666666 304.0 211.33333333333334 298.0 199.0 288.0 223.0 278.0 244.33333333333334 274.3333333333333 206.66666666666666 261.3333333333333 164.0 248.33333333333334 137.66666666666666 238.33333333333334 113.33333333333333 248.66666666666666 214.66666666666666 232.0 170.33333333333334 221.0 143.33333333333334 213.0 118.33333333333333 225.66666666666666 234.0 203.33333333333334 201.66666666666666 189.0 181.33333333333334 175.66666666666666 160.0 
294.3333333333333 311.0 317.0 287.0 324.6666666666667 250.66666666666666 295.0 236.33333333333334 267.0 240.33333333333334 305.6666666666667 202.66666666666666 303.0 188.0 293.3333333333333 211.0 282.6666666666667 232.66666666666666 276.6666666666667 198.0 265.3333333333333 154.0 252.33333333333334 127.66666666666667 242.66666666666666 104.0 252.0 205.66666666666666 236.66666666666666 160.66666666666666 226.0 133.33333333333334 218.33333333333334 109.0 228.66666666666666 224.66666666666666 206.66666666666666 192.0 192.33333333333334 171.33333333333334 178.66666666666666 151.33333333333334 
297.3333333333333 302.0 320.0 279.0 327.6666666666667 241.33333333333334 296.0 227.0 268.0 231.33333333333334 308.6666666666667 194.66666666666666 306.0 179.0 296.0 201.66666666666666 285.3333333333333 222.66666666666666 279.6666666666667 189.33333333333334 268.6666666666667 145.0 255.33333333333334 118.0 245.66666666666666 93.66666666666667 255.33333333333334 197.0 240.0 151.66666666666666 230.0 124.0 222.0 99.66666666666667 231.66666666666666 215.33333333333334 210.0 183.0 195.66666666666666 162.66666666666666 182.0 142.33333333333334 
300.0 296.6666666666667 322.6666666666667 274.3333333333333 328.6666666666667 235.33333333333334 295.0 220.66666666666666 266.6666666666667 225.33333333333334 310.3333333333333 190.33333333333334 307.0 174.33333333333334 297.0 197.66666666666666 286.3333333333333 218.66666666666666 281.6666666666667 184.33333333333334 271.0 140.0 258.0 112.0 248.33333333333334 86.66666666666667 257.3333333333333 192.0 242.0 146.66666666666666 231.66666666666666 118.66666666666667 223.66666666666666 93.33333333333333 234.0 209.66666666666666 212.33333333333334 177.66666666666666 198.0 157.0 184.33333333333334 136.0 
301.6666666666667 294.6666666666667 324.3333333333333 273.3333333333333 329.0 233.66666666666666 294.3333333333333 219.33333333333334 267.0 222.33333333333334 311.3333333333333 189.0 306.3333333333333 173.0 297.0 197.0 287.0 218.33333333333334 282.6666666666667 182.33333333333334 271.3333333333333 138.33333333333334 259.0 110.0 249.33333333333334 83.66666666666667 258.0 190.0 242.0 145.33333333333334 232.0 117.33333333333333 224.66666666666666 91.33333333333333 234.66666666666666 207.66666666666666 213.33333333333334 176.0 199.0 155.66666666666666 185.66666666666666 133.66666666666666 
301.3333333333333 295.0 324.0 274.3333333333333 327.6666666666667 235.33333333333334 294.0 221.33333333333334 267.3333333333333 222.66666666666666 311.0 190.0 305.3333333333333 174.0 297.0 198.66666666666666 288.0 221.0 282.3333333333333 183.0 271.0 139.33333333333334 259.0 111.0 249.66666666666666 84.33333333333333 257.3333333333333 190.33333333333334 241.66666666666666 145.66666666666666 232.0 118.0 225.33333333333334 91.66666666666667 234.0 208.0 213.0 176.33333333333334 199.0 156.0 186.0 134.0 
301.3333333333333 295.6666666666667 324.3333333333333 275.3333333333333 328.3333333333333 235.66666666666666 294.6666666666667 222.33333333333334 267.6666666666667 223.66666666666666 311.3333333333333 190.33333333333334 304.0 174.66666666666666 295.6666666666667 199.66666666666666 287.3333333333333 222.33333333333334 282.0 183.33333333333334 270.3333333333333 140.0 258.0 112.33333333333333 248.66666666666666 85.33333333333333 257.0 190.33333333333334 241.33333333333334 145.66666666666666 231.66666666666666 118.33333333333333 225.0 92.66666666666667 233.33333333333334 208.0 212.33333333333334 175.66666666666666 197.66666666666666 155.66666666666666 184.0 133.66666666666666 
301.0 295.6666666666667 324.3333333333333 275.6666666666667 328.3333333333333 236.0 294.3333333333333 222.66666666666666 266.6666666666667 224.0 311.3333333333333 190.33333333333334 304.3333333333333 174.33333333333334 295.6666666666667 199.33333333333334 287.3333333333333 222.0 281.6666666666667 183.33333333333334 270.3333333333333 140.0 257.6666666666667 112.66666666666667 248.0 85.66666666666667 256.6666666666667 190.33333333333334 241.33333333333334 145.33333333333334 231.66666666666666 118.33333333333333 224.33333333333334 92.66666666666667 233.0 207.66666666666666 212.33333333333334 175.33333333333334 197.66666666666666 155.33333333333334 184.0 133.33333333333334 
301.3333333333333 295.0 325.3333333333333 275.0 330.3333333333333 234.66666666666666 295.3333333333333 221.33333333333334 266.6666666666667 223.66666666666666 312.3333333333333 189.33333333333334 305.0 173.0 296.0 198.33333333333334 287.3333333333333 220.66666666666666 282.3333333333333 182.33333333333334 271.0 139.0 257.6666666666667 111.66666666666667 247.66666666666666 85.0 257.3333333333333 189.66666666666666 241.66666666666666 144.66666666666666 231.66666666666666 117.66666666666667 224.0 92.0 233.66666666666666 206.66666666666666 213.0 174.33333333333334 198.0 154.0 184.0 132.33333333333334 
302.0 293.6666666666667 325.6666666666667 273.6666666666667 330.3333333333333 234.0 295.0 220.66666666666666 266.3333333333333 222.66666666666666 312.0 188.0 306.3333333333333 171.33333333333334 297.3333333333333 196.66666666666666 288.3333333333333 219.0 282.3333333333333 181.33333333333334 271.6666666666667 137.66666666666666 258.3333333333333 110.33333333333333 248.66666666666666 84.0 257.3333333333333 189.0 242.0 144.0 232.0 116.66666666666667 224.33333333333334 90.66666666666667 234.0 206.33333333333334 213.0 174.0 198.66666666666666 153.66666666666666 185.33333333333334 132.0 
302.3333333333333 292.3333333333333 325.6666666666667 272.3333333333333 330.3333333333333 232.33333333333334 295.6666666666667 219.33333333333334 267.3333333333333 221.66666666666666 312.0 186.33333333333334 306.3333333333333 170.0 297.3333333333333 195.33333333333334 288.3333333333333 218.0 282.6666666666667 180.0 271.6666666666667 136.66666666666666 258.3333333333333 109.0 248.66666666666666 83.0 257.3333333333333 188.0 242.0 143.0 231.66666666666666 115.66666666666667 224.33333333333334 89.66666666666667 234.33333333333334 205.66666666666666 213.0 173.33333333333334 198.33333333333334 152.66666666666666 184.66666666666666 131.0 
302.0 291.0 325.0 271.0 329.0 232.33333333333334 296.0 218.66666666666666 268.3333333333333 220.0 311.0 184.66666666666666 306.0 168.66666666666666 297.3333333333333 194.0 288.3333333333333 217.33333333333334 282.0 179.0 271.0 135.66666666666666 258.0 107.66666666666667 248.66666666666666 81.66666666666667 256.6666666666667 187.0 241.66666666666666 142.0 231.33333333333334 114.33333333333333 224.0 88.33333333333333 233.66666666666666 205.0 212.33333333333334 172.66666666666666 198.0 152.0 184.66666666666666 130.33333333333334 
301.0 290.0 324.0 270.6666666666667 328.3333333333333 232.66666666666666 297.3333333333333 218.0 271.0 217.66666666666666 311.3333333333333 183.66666666666666 305.3333333333333 167.66666666666666 296.3333333333333 193.33333333333334 287.3333333333333 216.66666666666666 282.0 178.0 270.3333333333333 134.66666666666666 257.0 106.66666666666667 247.0 80.66666666666667 256.3333333333333 185.66666666666666 241.33333333333334 141.0 230.66666666666666 113.66666666666667 223.33333333333334 87.66666666666667 233.0 204.0 212.33333333333334 172.0 197.66666666666666 151.33333333333334 184.66666666666666 130.0 
300.3333333333333 289.3333333333333 323.3333333333333 270.3333333333333 328.0 233.0 297.6666666666667 218.0 271.6666666666667 216.0 311.0 183.33333333333334 304.6666666666667 167.33333333333334 295.3333333333333 193.33333333333334 286.3333333333333 216.66666666666666 281.3333333333333 177.33333333333334 269.6666666666667 134.0 256.3333333333333 106.0 246.33333333333334 80.33333333333333 256.0 185.0 240.66666666666666 140.66666666666666 230.0 113.0 222.33333333333334 87.0 232.66666666666666 203.33333333333334 211.66666666666666 171.33333333333334 197.33333333333334 151.0 184.66666666666666 130.0 
300.3333333333333 289.3333333333333 323.3333333333333 270.6666666666667 328.3333333333333 233.33333333333334 297.6666666666667 218.33333333333334 272.0 215.66666666666666 311.6666666666667 183.66666666666666 304.3333333333333 168.0 294.6666666666667 194.0 285.6666666666667 217.33333333333334 281.6666666666667 177.33333333333334 269.3333333333333 134.0 256.0 106.33333333333333 245.66666666666666 80.66666666666667 256.0 185.0 240.33333333333334 141.0 229.33333333333334 113.33333333333333 222.0 87.33333333333333 232.66666666666666 203.33333333333334 211.66666666666666 171.66666666666666 197.0 151.66666666666666 184.66666666666666 130.33333333333334 
301.0 289.6666666666667 324.0 270.6666666666667 329.0 233.33333333333334 297.6666666666667 219.0 271.6666666666667 216.66666666666666 311.6666666666667 184.33333333333334 304.3333333333333 168.66666666666666 295.0 195.0 286.0 218.33333333333334 281.6666666666667 178.0 269.3333333333333 134.66666666666666 256.0 107.0 246.0 81.33333333333333 256.0 186.0 240.33333333333334 142.0 229.33333333333334 114.0 221.66666666666666 87.66666666666667 233.0 204.33333333333334 211.66666666666666 172.66666666666666 197.33333333333334 152.33333333333334 184.66666666666666 131.0 
302.0 290.6666666666667 324.6666666666667 271.3333333333333 330.0 234.33333333333334 298.6666666666667 220.0 272.6666666666667 217.66666666666666 312.3333333333333 184.66666666666666 304.6666666666667 169.33333333333334 296.0 196.0 287.6666666666667 219.33333333333334 282.3333333333333 178.66666666666666 269.6666666666667 135.33333333333334 256.3333333333333 108.33333333333333 246.33333333333334 82.33333333333333 256.3333333333333 186.66666666666666 240.66666666666666 142.66666666666666 229.66666666666666 115.0 222.0 88.33333333333333 233.0 205.66666666666666 212.33333333333334 174.0 198.0 153.33333333333334 185.33333333333334 131.66666666666666 
302.3333333333333 291.6666666666667 325.0 272.3333333333333 330.6666666666667 235.33333333333334 300.3333333333333 220.66666666666666 274.0 218.33333333333334 312.3333333333333 185.33333333333334 305.0 169.66666666666666 296.6666666666667 196.66666666666666 288.6666666666667 219.66666666666666 282.6666666666667 179.33333333333334 270.3333333333333 136.0 257.0 109.33333333333333 247.33333333333334 83.33333333333333 256.6666666666667 187.33333333333334 241.0 143.33333333333334 230.33333333333334 115.66666666666667 222.66666666666666 89.0 233.0 206.33333333333334 212.33333333333334 174.33333333333334 198.33333333333334 153.66666666666666 185.33333333333334 132.0 
302.3333333333333 293.0 325.0 274.0 331.0 237.0 301.3333333333333 221.66666666666666 274.6666666666667 218.66666666666666 312.3333333333333 186.0 305.0 170.33333333333334 296.6666666666667 197.33333333333334 288.6666666666667 220.66666666666666 283.0 180.0 270.6666666666667 137.0 257.6666666666667 110.0 248.0 84.0 257.0 188.0 241.0 144.0 230.33333333333334 116.33333333333333 222.66666666666666 90.0 233.0 206.66666666666666 212.33333333333334 174.66666666666666 198.33333333333334 154.0 185.33333333333334 132.33333333333334 
301.6666666666667 293.6666666666667 324.6666666666667 275.6666666666667 330.6666666666667 238.33333333333334 301.6666666666667 222.0 274.3333333333333 219.0 311.6666666666667 187.0 304.6666666666667 171.0 296.3333333333333 198.0 287.6666666666667 221.33333333333334 282.6666666666667 180.66666666666666 270.6666666666667 138.0 257.6666666666667 110.66666666666667 248.0 84.66666666666667 256.6666666666667 188.66666666666666 240.66666666666666 144.66666666666666 230.0 116.66666666666667 222.66666666666666 91.0 233.0 206.66666666666666 211.66666666666666 174.66666666666666 197.66666666666666 154.33333333333334 184.66666666666666 132.66666666666666 
301.0 294.3333333333333 323.6666666666667 276.6666666666667 329.6666666666667 239.33333333333334 301.0 223.0 274.0 219.33333333333334 311.3333333333333 188.0 304.0 171.66666666666666 295.3333333333333 198.66666666666666 286.3333333333333 222.33333333333334 282.0 181.33333333333334 270.0 139.0 256.6666666666667 111.66666666666667 246.66666666666666 85.33333333333333 256.0 189.33333333333334 240.0 145.33333333333334 228.66666666666666 117.66666666666667 220.66666666666666 92.0 232.66666666666666 207.0 211.33333333333334 175.0 197.0 154.33333333333334 184.0 133.0 
300.3333333333333 294.6666666666667 322.3333333333333 277.0 328.3333333333333 239.66666666666666 300.0 223.33333333333334 273.3333333333333 219.66666666666666 310.6666666666667 189.0 303.0 172.33333333333334 294.3333333333333 199.0 285.3333333333333 222.66666666666666 281.3333333333333 182.0 269.3333333333333 140.0 255.66666666666666 113.0 245.33333333333334 86.66666666666667 255.33333333333334 189.66666666666666 239.0 145.66666666666666 227.33333333333334 118.33333333333333 219.0 93.33333333333333 232.33333333333334 207.0 210.66666666666666 175.0 196.0 154.33333333333334 183.33333333333334 133.0 
300.0 295.3333333333333 321.0 277.3333333333333 327.6666666666667 240.66666666666666 300.3333333333333 224.66666666666666 274.6666666666667 220.33333333333334 310.3333333333333 190.0 302.3333333333333 173.0 293.0 199.33333333333334 284.3333333333333 223.33333333333334 280.6666666666667 183.0 268.6666666666667 141.33333333333334 254.0 115.33333333333333 243.0 90.0 254.66666666666666 190.33333333333334 238.33333333333334 146.66666666666666 226.0 120.0 216.66666666666666 95.33333333333333 231.33333333333334 207.66666666666666 210.33333333333334 175.33333333333334 195.0 154.33333333333334 182.33333333333334 133.0 
300.0 296.0 320.0 278.0 327.3333333333333 241.33333333333334 301.0 225.33333333333334 275.6666666666667 221.0 310.0 191.0 301.6666666666667 174.0 292.3333333333333 200.33333333333334 283.6666666666667 224.0 280.3333333333333 184.0 268.0 143.0 252.66666666666666 118.33333333333333 240.66666666666666 94.33333333333333 254.33333333333334 191.0 238.0 147.66666666666666 225.33333333333334 121.66666666666667 215.66666666666666 97.66666666666667 230.66666666666666 208.33333333333334 209.66666666666666 176.0 194.33333333333334 155.33333333333334 181.33333333333334 133.66666666666666 
299.6666666666667 297.0 319.3333333333333 279.3333333333333 327.6666666666667 243.0 303.0 226.66666666666666 279.0 222.0 310.0 192.33333333333334 301.6666666666667 175.33333333333334 292.3333333333333 202.0 283.6666666666667 225.33333333333334 280.0 185.33333333333334 267.3333333333333 145.0 250.66666666666666 121.66666666666667 237.66666666666666 99.33333333333333 254.0 192.33333333333334 238.0 149.0 224.66666666666666 124.0 214.33333333333334 100.0 230.33333333333334 209.66666666666666 209.66666666666666 177.0 194.0 156.66666666666666 180.33333333333334 134.66666666666666 
299.0 297.6666666666667 318.6666666666667 281.0 328.0 245.66666666666666 305.3333333333333 228.66666666666666 282.6666666666667 222.66666666666666 310.6666666666667 193.66666666666666 302.0 176.66666666666666 292.3333333333333 203.66666666666666 283.0 227.33333333333334 280.3333333333333 186.66666666666666 267.3333333333333 147.0 249.66666666666666 124.66666666666667 235.66666666666666 103.33333333333333 254.0 193.33333333333334 238.33333333333334 150.0 224.66666666666666 125.66666666666667 213.66666666666666 102.0 230.33333333333334 210.33333333333334 209.33333333333334 177.66666666666666 194.0 157.66666666666666 180.33333333333334 136.0 
298.3333333333333 298.0 318.6666666666667 282.3333333333333 329.0 248.66666666666666 308.6666666666667 231.0 287.3333333333333 222.66666666666666 311.0 195.0 302.6666666666667 178.0 292.6666666666667 204.66666666666666 283.0 228.66666666666666 280.6666666666667 188.0 267.3333333333333 148.33333333333334 249.33333333333334 126.33333333333333 234.33333333333334 105.66666666666667 254.0 194.33333333333334 238.33333333333334 150.66666666666666 224.66666666666666 126.66666666666667 213.0 103.33333333333333 230.0 211.0 209.33333333333334 178.33333333333334 194.0 158.33333333333334 180.66666666666666 137.0 
298.0 298.0 318.6666666666667 282.6666666666667 329.3333333333333 250.0 310.3333333333333 232.33333333333334 289.0 222.66666666666666 311.0 195.66666666666666 303.0 178.33333333333334 292.3333333333333 205.0 282.0 229.66666666666666 280.6666666666667 188.66666666666666 267.3333333333333 149.0 249.66666666666666 127.33333333333333 234.33333333333334 106.66666666666667 254.0 194.66666666666666 238.33333333333334 151.33333333333334 225.0 127.0 213.33333333333334 104.0 229.33333333333334 211.33333333333334 209.0 179.0 194.0 159.0 181.0 138.0 
297.6666666666667 298.0 318.6666666666667 283.0 329.6666666666667 250.66666666666666 311.6666666666667 233.0 291.0 223.0 310.3333333333333 195.66666666666666 302.6666666666667 178.33333333333334 292.3333333333333 205.33333333333334 282.0 230.0 280.0 188.66666666666666 266.6666666666667 148.66666666666666 249.66666666666666 126.66666666666667 234.66666666666666 105.66666666666667 253.66666666666666 194.33333333333334 237.66666666666666 151.33333333333334 224.66666666666666 127.0 213.0 103.66666666666667 228.66666666666666 211.0 209.0 179.33333333333334 194.0 159.0 181.0 138.0 
297.0 297.6666666666667 318.0 283.0 329.6666666666667 251.33333333333334 313.0 233.66666666666666 293.0 223.33333333333334 309.6666666666667 195.33333333333334 302.0 178.0 291.6666666666667 205.66666666666666 281.3333333333333 231.0 279.3333333333333 188.0 266.0 148.33333333333334 249.33333333333334 125.66666666666667 235.0 104.0 253.0 193.66666666666666 237.33333333333334 151.0 224.0 126.66666666666667 213.0 103.0 228.33333333333334 210.66666666666666 208.66666666666666 179.0 193.66666666666666 158.66666666666666 180.66666666666666 137.66666666666666 
296.0 297.6666666666667 317.0 283.3333333333333 329.0 252.66666666666666 314.0 234.66666666666666 295.3333333333333 223.66666666666666 308.6666666666667 195.0 301.0 178.0 291.0 206.33333333333334 281.0 232.0 278.3333333333333 187.66666666666666 265.0 148.0 248.66666666666666 124.66666666666667 234.66666666666666 102.33333333333333 252.0 193.33333333333334 236.66666666666666 150.66666666666666 223.33333333333334 126.33333333333333 212.66666666666666 102.33333333333333 227.66666666666666 210.33333333333334 208.0 178.66666666666666 193.0 158.0 180.33333333333334 137.33333333333334 
295.0 297.3333333333333 315.6666666666667 282.6666666666667 327.6666666666667 252.66666666666666 313.3333333333333 235.0 295.0 224.0 307.6666666666667 194.66666666666666 300.0 178.33333333333334 290.0 206.66666666666666 280.0 232.66666666666666 277.6666666666667 187.33333333333334 264.0 148.0 248.0 124.0 233.66666666666666 101.0 251.0 193.66666666666666 235.66666666666666 150.66666666666666 222.33333333333334 126.0 212.0 102.33333333333333 227.0 210.66666666666666 207.0 178.66666666666666 192.0 158.33333333333334 179.33333333333334 137.33333333333334 
294.3333333333333 297.0 314.6666666666667 282.0 326.0 252.0 311.6666666666667 235.0 294.0 224.33333333333334 306.6666666666667 194.33333333333334 298.6666666666667 178.0 289.0 206.66666666666666 279.0 232.66666666666666 276.6666666666667 187.33333333333334 263.0 147.66666666666666 246.66666666666666 124.0 232.33333333333334 101.0 250.33333333333334 193.66666666666666 234.33333333333334 151.0 221.0 126.0 210.33333333333334 102.66666666666667 226.33333333333334 210.66666666666666 206.0 178.66666666666666 191.33333333333334 158.33333333333334 178.66666666666666 137.33333333333334 
293.6666666666667 296.0 313.6666666666667 281.3333333333333 325.0 251.0 310.6666666666667 234.66666666666666 293.0 225.0 305.6666666666667 194.0 297.3333333333333 177.66666666666666 288.0 206.33333333333334 278.3333333333333 232.33333333333334 276.0 187.0 262.0 147.33333333333334 245.33333333333334 124.33333333333333 230.66666666666666 101.66666666666667 249.66666666666666 193.0 233.33333333333334 150.66666666666666 219.33333333333334 126.33333333333333 208.33333333333334 103.33333333333333 225.66666666666666 210.0 205.33333333333334 178.33333333333334 190.66666666666666 158.33333333333334 178.0 137.33333333333334 
293.6666666666667 295.3333333333333 313.3333333333333 280.6666666666667 324.3333333333333 250.0 309.6666666666667 234.33333333333334 292.6666666666667 225.0 304.6666666666667 193.66666666666666 296.3333333333333 176.66666666666666 287.3333333333333 205.66666666666666 278.0 231.66666666666666 275.3333333333333 186.66666666666666 261.6666666666667 147.33333333333334 244.33333333333334 125.66666666666667 229.0 104.0 249.33333333333334 192.33333333333334 233.0 150.0 218.66666666666666 126.33333333333333 207.33333333333334 103.66666666666667 225.33333333333334 209.0 205.0 177.66666666666666 190.66666666666666 157.66666666666666 178.0 137.0 
293.6666666666667 295.3333333333333 313.3333333333333 280.0 324.0 248.66666666666666 308.0 234.0 291.0 226.33333333333334 304.0 193.33333333333334 295.6666666666667 176.66666666666666 287.0 206.0 277.6666666666667 232.33333333333334 274.6666666666667 186.33333333333334 261.3333333333333 149.0 243.66666666666666 129.33333333333334 227.66666666666666 110.0 249.0 192.0 232.66666666666666 150.33333333333334 218.33333333333334 127.33333333333333 206.33333333333334 104.66666666666667 225.33333333333334 208.33333333333334 205.0 177.33333333333334 190.66666666666666 157.66666666666666 178.33333333333334 137.33333333333334 
293.3333333333333 295.6666666666667 313.3333333333333 280.3333333333333 323.6666666666667 249.0 307.3333333333333 234.33333333333334 291.3333333333333 226.33333333333334 304.6666666666667 193.66666666666666 295.6666666666667 177.66666666666666 287.0 207.33333333333334 277.3333333333333 234.0 275.3333333333333 186.66666666666666 261.6666666666667 153.0 244.33333333333334 136.66666666666666 229.0 120.33333333333333 249.33333333333334 192.33333333333334 232.33333333333334 152.33333333333334 218.33333333333334 129.33333333333334 206.33333333333334 106.33333333333333 225.66666666666666 208.0 204.66666666666666 177.0 190.66666666666666 157.66666666666666 178.33333333333334 137.0 
292.0 295.3333333333333 312.3333333333333 280.6666666666667 322.3333333333333 250.33333333333334 308.0 235.33333333333334 292.6666666666667 225.66666666666666 305.3333333333333 194.33333333333334 296.0 180.0 286.6666666666667 210.66666666666666 276.3333333333333 238.33333333333334 275.6666666666667 188.33333333333334 261.0 158.66666666666666 246.33333333333334 149.66666666666666 234.33333333333334 140.33333333333334 249.33333333333334 193.33333333333334 231.0 154.33333333333334 217.33333333333334 131.0 206.0 107.33333333333333 225.33333333333334 207.66666666666666 204.0 177.0 190.66666666666666 158.0 179.33333333333334 137.33333333333334 
291.3333333333333 294.6666666666667 311.0 280.6666666666667 320.6666666666667 251.33333333333334 308.6666666666667 235.66666666666666 294.0 224.66666666666666 306.3333333333333 194.66666666666666 295.6666666666667 182.33333333333334 286.0 214.0 275.6666666666667 242.0 276.6666666666667 190.66666666666666 261.0 163.0 250.33333333333334 161.66666666666666 242.33333333333334 160.0 249.33333333333334 194.66666666666666 230.33333333333334 156.0 217.0 132.0 206.66666666666666 108.0 225.0 207.66666666666666 203.33333333333334 176.33333333333334 190.66666666666666 157.33333333333334 180.0 136.66666666666666 
291.3333333333333 293.6666666666667 310.3333333333333 279.0 319.3333333333333 250.33333333333334 308.6666666666667 235.0 293.6666666666667 224.33333333333334 306.0 194.0 294.6666666666667 183.66666666666666 284.3333333333333 216.0 275.3333333333333 243.66666666666666 276.3333333333333 192.0 260.6666666666667 165.0 254.0 174.66666666666666 250.33333333333334 183.0 248.33333333333334 195.66666666666666 229.33333333333334 155.66666666666666 216.66666666666666 132.33333333333334 207.0 109.33333333333333 224.0 207.33333333333334 202.33333333333334 175.0 191.0 156.0 181.33333333333334 135.33333333333334 
292.0 293.3333333333333 311.0 277.3333333333333 318.6666666666667 247.66666666666666 306.6666666666667 232.66666666666666 290.6666666666667 224.0 306.0 193.0 293.3333333333333 183.33333333333334 283.3333333333333 215.66666666666666 276.0 242.66666666666666 276.6666666666667 192.0 261.3333333333333 165.0 257.3333333333333 183.66666666666666 256.3333333333333 199.0 248.0 196.0 229.66666666666666 156.0 216.66666666666666 134.0 207.0 112.0 223.66666666666666 207.0 202.33333333333334 173.0 191.66666666666666 153.66666666666666 182.33333333333334 133.0 
292.0 293.0 312.0 276.3333333333333 318.0 246.0 304.6666666666667 231.0 288.0 222.33333333333334 306.0 193.33333333333334 295.6666666666667 180.0 288.6666666666667 206.0 284.3333333333333 228.0 276.6666666666667 192.0 262.6666666666667 165.66666666666666 260.3333333333333 194.33333333333334 261.3333333333333 216.33333333333334 247.66666666666666 196.33333333333334 229.66666666666666 156.0 216.66666666666666 135.33333333333334 207.0 114.66666666666667 223.0 206.33333333333334 203.0 172.0 193.33333333333334 152.66666666666666 184.66666666666666 131.0 
292.0 292.6666666666667 313.0 275.3333333333333 318.0 243.33333333333334 301.6666666666667 228.66666666666666 283.6666666666667 222.0 306.0 192.66666666666666 296.3333333333333 177.66666666666666 290.3333333333333 203.33333333333334 286.3333333333333 225.0 276.3333333333333 191.66666666666666 262.6666666666667 165.66666666666666 261.3333333333333 198.66666666666666 263.6666666666667 223.33333333333334 247.33333333333334 196.33333333333334 229.33333333333334 156.66666666666666 215.66666666666666 135.66666666666666 205.66666666666666 114.33333333333333 222.66666666666666 206.33333333333334 204.0 171.66666666666666 195.0 152.0 186.66666666666666 130.0 
292.0 292.3333333333333 313.3333333333333 274.6666666666667 316.6666666666667 241.66666666666666 297.6666666666667 226.33333333333334 278.3333333333333 218.66666666666666 305.6666666666667 192.33333333333334 297.3333333333333 176.33333333333334 292.0 201.0 288.6666666666667 221.66666666666666 276.0 191.33333333333334 262.3333333333333 165.66666666666666 261.3333333333333 199.66666666666666 264.6666666666667 225.66666666666666 247.0 196.0 228.33333333333334 156.66666666666666 215.0 135.0 205.0 113.33333333333333 222.33333333333334 206.0 204.66666666666666 171.33333333333334 196.33333333333334 151.66666666666666 188.33333333333334 129.33333333333334 
292.0 291.6666666666667 313.3333333333333 273.3333333333333 316.3333333333333 239.0 294.6666666666667 223.33333333333334 274.3333333333333 216.33333333333334 304.6666666666667 190.33333333333334 294.6666666666667 177.33333333333334 285.6666666666667 208.0 280.6666666666667 233.0 275.0 190.33333333333334 260.6666666666667 164.33333333333334 259.6666666666667 196.33333333333334 264.0 220.66666666666666 246.66666666666666 195.33333333333334 227.33333333333334 156.0 213.33333333333334 134.0 203.0 111.33333333333333 222.33333333333334 206.0 204.66666666666666 171.0 196.66666666666666 151.33333333333334 188.33333333333334 129.0 
292.0 291.3333333333333 313.0 272.6666666666667 315.0 237.33333333333334 292.6666666666667 220.33333333333334 272.0 210.66666666666666 304.0 189.66666666666666 293.6666666666667 176.66666666666666 283.6666666666667 207.33333333333334 278.3333333333333 232.0 274.6666666666667 190.0 260.0 163.33333333333334 259.3333333333333 193.0 264.3333333333333 216.33333333333334 247.0 195.0 226.66666666666666 155.0 212.33333333333334 132.66666666666666 201.33333333333334 109.66666666666667 223.0 205.33333333333334 205.0 170.66666666666666 197.0 151.0 188.33333333333334 128.66666666666666 
291.6666666666667 291.0 312.6666666666667 272.0 314.3333333333333 236.0 292.3333333333333 218.33333333333334 272.3333333333333 207.66666666666666 303.3333333333333 189.0 292.3333333333333 175.66666666666666 281.0 206.66666666666666 274.6666666666667 231.66666666666666 274.0 189.66666666666666 259.0 162.33333333333334 258.6666666666667 191.0 264.3333333333333 213.0 246.66666666666666 194.66666666666666 226.0 154.66666666666666 210.66666666666666 132.0 199.33333333333334 108.33333333333333 223.33333333333334 205.33333333333334 205.0 170.66666666666666 196.66666666666666 151.0 187.66666666666666 128.66666666666666 
291.0 291.0 311.6666666666667 272.0 313.6666666666667 236.66666666666666 294.3333333333333 218.33333333333334 276.0 205.66666666666666 303.3333333333333 189.0 291.6666666666667 175.0 279.6666666666667 205.66666666666666 273.3333333333333 230.33333333333334 274.0 189.66666666666666 258.3333333333333 162.33333333333334 258.3333333333333 191.0 264.3333333333333 212.66666666666666 246.66666666666666 194.66666666666666 225.33333333333334 155.0 209.33333333333334 132.33333333333334 197.66666666666666 108.66666666666667 223.66666666666666 205.33333333333334 205.0 171.0 196.33333333333334 151.0 187.0 128.66666666666666 
290.3333333333333 291.0 311.0 272.3333333333333 313.0 238.0 295.0 219.66666666666666 278.0 206.66666666666666 303.3333333333333 188.66666666666666 291.0 175.33333333333334 278.3333333333333 206.33333333333334 271.3333333333333 231.33333333333334 273.6666666666667 189.33333333333334 257.0 163.66666666666666 257.0 192.66666666666666 262.6666666666667 213.66666666666666 246.33333333333334 194.66666666666666 224.0 156.33333333333334 207.66666666666666 134.0 196.0 110.66666666666667 223.33333333333334 205.66666666666666 204.66666666666666 171.0 196.0 150.66666666666666 186.33333333333334 128.33333333333334 
289.3333333333333 291.0 310.0 273.0 313.3333333333333 239.33333333333334 295.6666666666667 221.66666666666666 278.0 209.66666666666666 302.6666666666667 188.33333333333334 289.6666666666667 175.66666666666666 276.6666666666667 207.33333333333334 269.3333333333333 231.66666666666666 272.6666666666667 189.66666666666666 255.33333333333334 165.66666666666666 255.0 195.33333333333334 260.3333333333333 216.0 245.66666666666666 195.33333333333334 222.33333333333334 157.66666666666666 205.66666666666666 136.0 193.66666666666666 113.33333333333333 222.66666666666666 206.0 203.66666666666666 171.33333333333334 195.33333333333334 150.66666666666666 185.66666666666666 128.0 
288.6666666666667 291.0 309.6666666666667 273.3333333333333 312.6666666666667 239.0 292.0 221.33333333333334 271.3333333333333 211.0 301.3333333333333 187.66666666666666 288.0 176.0 275.0 208.0 267.0 232.0 271.6666666666667 189.33333333333334 253.66666666666666 167.33333333333334 252.66666666666666 197.33333333333334 257.6666666666667 218.66666666666666 244.33333333333334 195.33333333333334 220.33333333333334 158.66666666666666 203.66666666666666 137.0 191.0 115.0 221.66666666666666 205.66666666666666 202.66666666666666 171.0 194.66666666666666 150.0 185.0 128.0 
287.3333333333333 290.6666666666667 309.0 273.6666666666667 312.0 238.66666666666666 288.0 221.33333333333334 264.6666666666667 212.33333333333334 300.0 186.66666666666666 286.3333333333333 176.33333333333334 273.3333333333333 208.33333333333334 265.3333333333333 232.33333333333334 270.3333333333333 189.0 252.33333333333334 168.0 251.0 198.66666666666666 255.66666666666666 220.33333333333334 242.66666666666666 195.0 218.66666666666666 159.0 202.33333333333334 137.66666666666666 189.33333333333334 116.33333333333333 220.33333333333334 205.0 201.66666666666666 170.33333333333334 193.66666666666666 150.0 184.0 128.0 
287.0 290.6666666666667 309.3333333333333 273.3333333333333 311.6666666666667 237.66666666666666 285.6666666666667 220.66666666666666 261.3333333333333 213.33333333333334 300.0 185.66666666666666 285.0 177.0 272.0 209.33333333333334 264.0 234.0 270.0 188.33333333333334 251.66666666666666 168.33333333333334 250.66666666666666 198.66666666666666 255.0 220.66666666666666 242.0 194.33333333333334 218.0 159.0 202.0 137.66666666666666 189.0 116.66666666666667 220.0 204.33333333333334 201.33333333333334 169.66666666666666 193.33333333333334 149.66666666666666 183.33333333333334 128.33333333333334 
286.3333333333333 290.6666666666667 309.0 274.0 311.0 239.66666666666666 286.3333333333333 223.0 263.3333333333333 216.0 300.6666666666667 185.66666666666666 284.3333333333333 179.0 272.0 212.0 264.0 237.33333333333334 270.0 188.33333333333334 251.33333333333334 169.33333333333334 250.33333333333334 198.33333333333334 254.0 218.66666666666666 242.0 194.33333333333334 217.66666666666666 159.33333333333334 202.66666666666666 138.66666666666666 190.66666666666666 117.66666666666667 219.66666666666666 204.0 201.0 169.0 193.0 149.0 183.66666666666666 127.33333333333333 
286.6666666666667 291.0 309.3333333333333 274.3333333333333 311.0 241.66666666666666 289.3333333333333 225.33333333333334 268.6666666666667 218.0 302.3333333333333 187.0 285.0 180.33333333333334 272.6666666666667 213.66666666666666 264.6666666666667 239.0 271.6666666666667 188.66666666666666 252.0 170.0 251.33333333333334 200.33333333333334 255.33333333333334 221.66666666666666 243.33333333333334 194.66666666666666 218.66666666666666 160.0 203.33333333333334 139.33333333333334 191.33333333333334 118.33333333333333 220.66666666666666 204.33333333333334 201.66666666666666 169.33333333333334 194.0 149.0 184.66666666666666 127.66666666666667 
287.3333333333333 291.0 309.6666666666667 275.0 311.3333333333333 244.33333333333334 293.0 228.0 274.3333333333333 220.0 304.3333333333333 188.33333333333334 286.6666666666667 181.33333333333334 274.0 214.33333333333334 266.3333333333333 239.66666666666666 273.6666666666667 189.0 254.0 170.33333333333334 252.33333333333334 203.0 256.3333333333333 225.66666666666666 245.0 195.0 220.33333333333334 160.33333333333334 204.66666666666666 140.0 191.66666666666666 118.66666666666667 221.66666666666666 204.66666666666666 203.0 169.66666666666666 195.33333333333334 149.33333333333334 186.0 128.0 
288.3333333333333 291.0 310.6666666666667 275.0 313.3333333333333 244.66666666666666 297.0 228.66666666666666 279.3333333333333 219.66666666666666 306.0 189.0 288.6666666666667 180.66666666666666 275.3333333333333 213.0 268.3333333333333 238.0 275.6666666666667 189.0 255.66666666666666 170.0 254.0 205.33333333333334 258.0 230.0 246.66666666666666 195.0 222.33333333333334 160.33333333333334 205.66666666666666 140.0 191.66666666666666 118.33333333333333 223.33333333333334 205.0 204.66666666666666 170.0 197.0 149.66666666666666 187.33333333333334 128.33333333333334 
289.3333333333333 290.6666666666667 311.3333333333333 274.6666666666667 315.0 245.0 300.3333333333333 228.66666666666666 283.3333333333333 218.66666666666666 307.3333333333333 189.0 290.6666666666667 180.33333333333334 277.3333333333333 212.66666666666666 270.6666666666667 237.66666666666666 277.0 189.0 257.6666666666667 169.33333333333334 255.66666666666666 204.0 259.0 228.33333333333334 248.33333333333334 195.0 224.33333333333334 159.66666666666666 207.66666666666666 139.33333333333334 193.66666666666666 117.0 224.66666666666666 204.66666666666666 206.33333333333334 169.66666666666666 198.66666666666666 149.0 189.66666666666666 127.33333333333333 
290.0 288.3333333333333 312.0 272.6666666666667 315.6666666666667 243.33333333333334 301.3333333333333 226.0 285.0 214.66666666666666 308.6666666666667 188.33333333333334 292.6666666666667 180.33333333333334 280.3333333333333 212.66666666666666 273.6666666666667 237.33333333333334 278.6666666666667 188.33333333333334 258.6666666666667 168.0 256.6666666666667 198.33333333333334 259.6666666666667 219.0 250.33333333333334 193.66666666666666 226.33333333333334 157.66666666666666 210.33333333333334 136.0 198.0 113.0 227.0 203.0 208.66666666666666 167.33333333333334 202.0 146.0 195.0 124.0 
291.3333333333333 285.3333333333333 314.3333333333333 269.6666666666667 317.6666666666667 238.0 301.0 219.33333333333334 283.6666666666667 210.33333333333334 310.6666666666667 186.66666666666666 296.6666666666667 177.66666666666666 284.0 208.33333333333334 276.3333333333333 232.0 281.6666666666667 186.33333333333334 262.6666666666667 164.0 259.3333333333333 191.33333333333334 262.6666666666667 211.0 254.0 191.0 230.33333333333334 153.66666666666666 214.33333333333334 130.66666666666666 203.0 108.0 230.66666666666666 200.66666666666666 212.66666666666666 164.66666666666666 206.66666666666666 143.33333333333334 200.66666666666666 122.33333333333333 
293.0 284.0 317.0 266.3333333333333 321.0 231.0 300.6666666666667 210.33333333333334 280.3333333333333 203.33333333333334 313.0 185.66666666666666 301.6666666666667 173.66666666666666 288.3333333333333 201.33333333333334 280.3333333333333 223.66666666666666 285.0 184.66666666666666 269.0 157.66666666666666 264.0 182.0 266.6666666666667 201.33333333333334 257.6666666666667 188.66666666666666 237.0 149.0 221.0 124.0 210.33333333333334 101.0 234.33333333333334 198.66666666666666 217.0 163.33333333333334 210.66666666666666 142.33333333333334 204.66666666666666 121.66666666666667 
295.0 285.6666666666667 320.6666666666667 265.0 326.0 225.66666666666666 302.0 203.33333333333334 278.6666666666667 198.33333333333334 314.6666666666667 185.66666666666666 307.0 168.66666666666666 292.6666666666667 193.33333333333334 284.6666666666667 214.33333333333334 287.6666666666667 184.0 276.0 151.66666666666666 270.3333333333333 175.0 272.3333333333333 196.0 260.6666666666667 188.0 243.0 146.0 227.0 120.0 216.33333333333334 97.0 237.0 198.33333333333334 220.0 164.0 213.0 143.33333333333334 206.0 123.0 
296.3333333333333 288.6666666666667 322.3333333333333 265.3333333333333 327.6666666666667 224.66666666666666 301.0 201.33333333333334 275.6666666666667 194.0 316.0 186.66666666666666 310.6666666666667 167.0 296.0 190.33333333333334 288.3333333333333 210.66666666666666 288.6666666666667 185.0 280.0 148.66666666666666 274.0 171.33333333333334 275.0 193.0 261.6666666666667 188.66666666666666 246.33333333333334 145.0 231.0 118.0 220.66666666666666 93.66666666666667 237.66666666666666 198.66666666666666 221.0 165.0 213.66666666666666 144.33333333333334 206.33333333333334 123.66666666666667 
297.3333333333333 290.3333333333333 323.6666666666667 266.3333333333333 328.0 225.66666666666666 301.0 202.33333333333334 275.6666666666667 193.0 317.0 187.33333333333334 312.3333333333333 166.66666666666666 298.0 189.66666666666666 290.0 209.66666666666666 289.3333333333333 185.66666666666666 281.0 149.0 275.3333333333333 171.66666666666666 276.3333333333333 193.0 262.3333333333333 189.0 246.33333333333334 145.33333333333334 231.66666666666666 118.66666666666667 221.66666666666666 93.66666666666667 238.33333333333334 199.33333333333334 221.0 165.33333333333334 214.0 144.66666666666666 207.0 124.33333333333333 
297.6666666666667 291.0 323.6666666666667 267.0 327.0 226.66666666666666 299.0 204.0 273.3333333333333 193.33333333333334 317.3333333333333 187.66666666666666 312.6666666666667 167.33333333333334 298.0 190.33333333333334 290.0 210.0 289.6666666666667 186.33333333333334 280.6666666666667 150.0 275.0 174.33333333333334 276.3333333333333 196.66666666666666 262.6666666666667 189.33333333333334 245.66666666666666 145.66666666666666 231.33333333333334 119.33333333333333 221.33333333333334 94.0 238.33333333333334 200.0 221.0 166.0 213.66666666666666 145.33333333333334 206.66666666666666 125.0 
298.0 291.3333333333333 323.6666666666667 267.6666666666667 327.0 227.33333333333334 299.3333333333333 205.0 273.6666666666667 195.33333333333334 317.3333333333333 187.33333333333334 311.0 168.0 296.3333333333333 191.66666666666666 289.0 211.33333333333334 289.3333333333333 186.0 279.6666666666667 151.0 274.3333333333333 176.66666666666666 276.3333333333333 199.33333333333334 262.3333333333333 189.33333333333334 244.66666666666666 146.33333333333334 230.33333333333334 120.66666666666667 220.0 95.33333333333333 238.0 200.33333333333334 220.33333333333334 166.33333333333334 212.66666666666666 146.33333333333334 205.33333333333334 125.33333333333333 
298.0 291.6666666666667 323.3333333333333 268.6666666666667 326.6666666666667 227.66666666666666 297.6666666666667 206.0 271.3333333333333 198.33333333333334 316.3333333333333 187.33333333333334 309.0 169.0 294.0 193.0 287.6666666666667 213.0 288.3333333333333 186.33333333333334 277.3333333333333 152.0 272.3333333333333 180.0 275.3333333333333 204.33333333333334 261.0 190.0 242.66666666666666 147.0 228.0 121.66666666666667 217.33333333333334 96.66666666666667 236.66666666666666 201.0 219.0 166.66666666666666 211.0 146.66666666666666 203.33333333333334 125.33333333333333 
298.0 292.3333333333333 322.6666666666667 269.6666666666667 326.3333333333333 228.0 296.6666666666667 207.0 270.0 200.66666666666666 315.3333333333333 187.0 307.0 169.66666666666666 292.3333333333333 194.66666666666666 286.3333333333333 215.33333333333334 287.0 186.33333333333334 275.0 153.0 270.3333333333333 182.33333333333334 274.3333333333333 207.66666666666666 259.6666666666667 190.66666666666666 240.66666666666666 148.0 225.33333333333334 123.0 214.66666666666666 98.0 235.66666666666666 201.66666666666666 217.33333333333334 167.0 209.33333333333334 147.0 201.33333333333334 125.33333333333333 
297.6666666666667 292.6666666666667 322.3333333333333 270.0 326.0 228.0 295.6666666666667 207.66666666666666 268.6666666666667 202.0 314.3333333333333 187.0 306.0 170.0 291.6666666666667 195.66666666666666 285.3333333333333 216.33333333333334 286.3333333333333 186.66666666666666 273.3333333333333 153.66666666666666 269.3333333333333 183.66666666666666 273.6666666666667 209.33333333333334 259.0 191.66666666666666 239.33333333333334 148.66666666666666 223.33333333333334 123.66666666666667 212.66666666666666 98.66666666666667 235.0 202.66666666666666 216.33333333333334 167.33333333333334 208.33333333333334 147.0 200.33333333333334 125.0 
297.3333333333333 293.0 321.6666666666667 270.3333333333333 325.6666666666667 228.33333333333334 295.0 208.33333333333334 268.0 202.0 313.6666666666667 186.66666666666666 305.3333333333333 170.33333333333334 291.0 196.66666666666666 284.6666666666667 217.66666666666666 285.6666666666667 186.66666666666666 272.6666666666667 154.33333333333334 268.6666666666667 184.33333333333334 273.0 210.0 258.6666666666667 192.0 238.66666666666666 149.33333333333334 222.33333333333334 124.33333333333333 211.66666666666666 99.33333333333333 234.66666666666666 203.33333333333334 215.66666666666666 167.66666666666666 207.66666666666666 147.0 200.0 124.66666666666667 
297.0 293.3333333333333 321.3333333333333 270.6666666666667 325.0 229.0 295.6666666666667 209.0 269.6666666666667 202.0 313.0 187.0 305.0 170.66666666666666 290.6666666666667 197.66666666666666 284.0 219.0 285.0 186.66666666666666 272.0 154.66666666666666 268.3333333333333 185.0 272.6666666666667 210.66666666666666 257.6666666666667 192.33333333333334 237.66666666666666 150.0 221.66666666666666 124.66666666666667 211.0 99.66666666666667 234.0 203.66666666666666 214.66666666666666 167.66666666666666 207.0 147.0 200.0 124.33333333333333 
297.3333333333333 294.3333333333333 321.3333333333333 271.3333333333333 324.6666666666667 230.0 297.3333333333333 210.33333333333334 272.3333333333333 203.0 313.0 188.0 304.6666666666667 172.0 290.6666666666667 198.66666666666666 284.3333333333333 221.0 284.6666666666667 187.66666666666666 271.0 156.0 268.0 186.0 272.6666666666667 212.0 257.0 193.33333333333334 236.33333333333334 151.66666666666666 220.66666666666666 126.33333333333333 210.0 101.66666666666667 233.33333333333334 204.66666666666666 213.66666666666666 168.66666666666666 206.0 147.33333333333334 199.0 125.0 
297.6666666666667 295.6666666666667 321.6666666666667 272.3333333333333 325.0 231.33333333333334 299.6666666666667 211.66666666666666 275.6666666666667 205.33333333333334 312.6666666666667 189.0 304.3333333333333 173.33333333333334 291.0 200.66666666666666 284.6666666666667 223.33333333333334 284.0 188.66666666666666 269.6666666666667 157.33333333333334 267.6666666666667 187.66666666666666 272.6666666666667 213.66666666666666 256.0 194.66666666666666 234.66666666666666 153.66666666666666 219.33333333333334 128.66666666666666 208.66666666666666 104.33333333333333 232.66666666666666 206.33333333333334 212.66666666666666 170.33333333333334 205.0 149.0 198.0 127.0 
298.0 297.0 322.0 273.6666666666667 325.6666666666667 232.66666666666666 301.0 213.0 277.0 208.0 312.3333333333333 190.0 304.0 175.0 291.0 202.0 285.3333333333333 224.66666666666666 283.6666666666667 190.0 269.3333333333333 159.0 267.3333333333333 188.66666666666666 272.0 214.0 256.0 196.0 234.33333333333334 155.66666666666666 218.66666666666666 131.66666666666666 207.66666666666666 108.0 232.33333333333334 208.33333333333334 212.33333333333334 172.66666666666666 204.33333333333334 151.66666666666666 196.66666666666666 130.0 
298.0 297.6666666666667 321.6666666666667 274.6666666666667 325.6666666666667 234.0 301.0 214.0 276.6666666666667 210.0 311.3333333333333 191.0 303.6666666666667 175.66666666666666 291.0 203.33333333333334 285.3333333333333 225.66666666666666 283.0 191.0 269.0 159.66666666666666 266.6666666666667 189.66666666666666 271.3333333333333 214.66666666666666 255.33333333333334 197.0 234.33333333333334 156.66666666666666 218.66666666666666 133.66666666666666 207.66666666666666 110.33333333333333 232.0 209.66666666666666 212.0 174.33333333333334 203.66666666666666 154.0 196.0 132.66666666666666 
297.6666666666667 298.0 321.3333333333333 275.0 325.3333333333333 234.33333333333334 300.0 214.66666666666666 275.3333333333333 210.33333333333334 311.0 191.66666666666666 303.3333333333333 176.33333333333334 290.6666666666667 203.66666666666666 285.3333333333333 225.66666666666666 283.0 191.66666666666666 269.6666666666667 160.33333333333334 266.6666666666667 189.66666666666666 271.0 214.0 255.66666666666666 197.66666666666666 235.0 157.0 219.0 134.66666666666666 207.66666666666666 112.0 232.0 210.0 212.0 175.0 203.33333333333334 155.0 195.33333333333334 133.66666666666666 
297.3333333333333 298.3333333333333 320.6666666666667 275.6666666666667 325.0 235.0 300.0 215.33333333333334 275.0 210.66666666666666 311.0 192.0 302.6666666666667 176.66666666666666 290.0 204.33333333333334 284.0 226.33333333333334 282.6666666666667 192.0 269.3333333333333 160.66666666666666 266.0 190.33333333333334 270.6666666666667 214.66666666666666 255.0 197.66666666666666 234.66666666666666 157.33333333333334 218.66666666666666 135.0 207.33333333333334 112.33333333333333 231.66666666666666 210.0 211.66666666666666 175.33333333333334 203.0 155.33333333333334 195.0 134.33333333333334 
296.3333333333333 298.3333333333333 320.0 276.3333333333333 325.0 236.0 301.3333333333333 216.33333333333334 276.6666666666667 211.33333333333334 310.6666666666667 192.0 302.0 177.0 289.0 204.66666666666666 283.0 226.33333333333334 282.0 192.0 269.0 161.33333333333334 265.3333333333333 190.66666666666666 269.6666666666667 214.66666666666666 254.33333333333334 197.66666666666666 234.0 157.66666666666666 218.0 135.66666666666666 206.33333333333334 113.0 231.0 210.0 211.0 175.66666666666666 202.66666666666666 156.0 194.33333333333334 135.0 
296.0 298.3333333333333 319.6666666666667 276.6666666666667 325.0 237.0 303.6666666666667 217.0 279.6666666666667 212.33333333333334 310.0 192.33333333333334 301.3333333333333 177.0 288.3333333333333 204.66666666666666 282.0 226.33333333333334 281.3333333333333 192.33333333333334 268.0 161.66666666666666 264.3333333333333 191.0 268.6666666666667 215.33333333333334 253.33333333333334 198.0 233.33333333333334 158.0 217.33333333333334 136.0 205.66666666666666 113.33333333333333 230.33333333333334 210.0 210.33333333333334 176.0 202.33333333333334 156.33333333333334 193.66666666666666 135.33333333333334 
295.6666666666667 297.6666666666667 319.6666666666667 276.0 324.6666666666667 236.66666666666666 303.6666666666667 217.0 280.0 212.0 309.6666666666667 192.33333333333334 301.0 176.66666666666666 288.0 204.0 282.3333333333333 225.66666666666666 281.0 192.33333333333334 267.3333333333333 161.66666666666666 264.0 191.0 268.3333333333333 215.66666666666666 253.33333333333334 198.33333333333334 233.0 158.0 217.0 136.33333333333334 204.66666666666666 114.0 230.0 210.0 210.33333333333334 176.0 202.0 156.66666666666666 192.66666666666666 135.66666666666666 
296.0 297.3333333333333 320.0 275.3333333333333 324.3333333333333 236.0 303.0 216.33333333333334 279.6666666666667 211.0 309.6666666666667 192.33333333333334 301.3333333333333 176.66666666666666 288.3333333333333 203.33333333333334 282.6666666666667 225.33333333333334 281.0 192.33333333333334 267.0 161.33333333333334 264.0 190.66666666666666 268.6666666666667 216.0 253.66666666666666 198.0 233.0 158.0 216.66666666666666 135.66666666666666 204.33333333333334 113.66666666666667 230.0 209.66666666666666 210.66666666666666 176.0 201.66666666666666 156.33333333333334 192.33333333333334 135.33333333333334 
296.0 297.3333333333333 319.3333333333333 275.3333333333333 324.0 236.66666666666666 303.3333333333333 217.0 280.3333333333333 210.66666666666666 310.0 192.0 301.3333333333333 177.0 288.0 203.33333333333334 282.3333333333333 225.33333333333334 281.0 192.0 266.6666666666667 161.66666666666666 263.6666666666667 191.0 268.3333333333333 216.33333333333334 253.66666666666666 197.66666666666666 233.0 158.33333333333334 216.33333333333334 136.33333333333334 203.66666666666666 114.66666666666667 230.0 209.66666666666666 210.66666666666666 176.0 201.0 156.66666666666666 191.33333333333334 135.66666666666666 
295.3333333333333 297.6666666666667 318.0 276.6666666666667 323.6666666666667 239.66666666666666 305.6666666666667 219.33333333333334 284.3333333333333 212.0 310.0 192.33333333333334 301.0 178.0 287.3333333333333 204.33333333333334 281.0 226.33333333333334 281.0 192.33333333333334 266.3333333333333 162.66666666666666 263.0 191.66666666666666 267.0 216.66666666666666 253.33333333333334 197.66666666666666 232.66666666666666 159.0 215.66666666666666 137.0 203.0 115.66666666666667 229.66666666666666 209.66666666666666 210.0 176.33333333333334 200.33333333333334 156.66666666666666 190.66666666666666 136.0 
295.0 298.3333333333333 317.0 277.6666666666667 323.3333333333333 241.33333333333334 306.6666666666667 221.0 286.0 214.0 309.3333333333333 193.0 300.0 178.66666666666666 286.3333333333333 205.33333333333334 279.6666666666667 227.33333333333334 280.6666666666667 193.0 265.6666666666667 163.66666666666666 262.0 193.0 265.6666666666667 218.0 252.66666666666666 198.66666666666666 232.0 160.0 215.0 138.33333333333334 202.0 117.0 229.33333333333334 210.66666666666666 209.33333333333334 176.66666666666666 199.66666666666666 157.33333333333334 189.66666666666666 137.0 
294.6666666666667 299.0 316.3333333333333 279.0 322.6666666666667 243.0 307.6666666666667 222.66666666666666 288.0 215.33333333333334 308.6666666666667 193.66666666666666 299.0 179.33333333333334 285.3333333333333 206.33333333333334 278.6666666666667 228.33333333333334 280.0 193.66666666666666 265.0 164.66666666666666 261.3333333333333 194.33333333333334 265.0 219.0 252.0 199.33333333333334 231.0 161.0 213.66666666666666 139.0 200.66666666666666 117.0 228.66666666666666 211.33333333333334 208.66666666666666 177.33333333333334 199.0 157.66666666666666 189.33333333333334 137.66666666666666 
295.0 299.6666666666667 316.6666666666667 279.0 322.6666666666667 242.33333333333334 307.0 222.33333333333334 286.6666666666667 216.33333333333334 308.0 194.33333333333334 298.3333333333333 179.66666666666666 285.0 206.66666666666666 278.6666666666667 228.66666666666666 279.6666666666667 194.33333333333334 264.3333333333333 165.33333333333334 261.0 195.33333333333334 265.3333333333333 220.0 251.66666666666666 200.33333333333334 230.33333333333334 161.66666666666666 213.0 139.33333333333334 199.66666666666666 117.0 228.66666666666666 212.33333333333334 208.33333333333334 177.66666666666666 198.33333333333334 158.0 188.66666666666666 138.0 
295.0 300.0 316.6666666666667 279.3333333333333 322.3333333333333 242.33333333333334 306.6666666666667 222.66666666666666 286.3333333333333 216.66666666666666 308.0 194.33333333333334 297.6666666666667 180.0 284.3333333333333 207.0 278.6666666666667 229.33333333333334 279.3333333333333 194.66666666666666 263.6666666666667 166.0 261.0 196.0 265.6666666666667 220.33333333333334 251.66666666666666 200.66666666666666 230.0 162.0 212.33333333333334 139.33333333333334 198.66666666666666 117.0 228.66666666666666 212.66666666666666 208.0 178.0 198.0 158.0 188.33333333333334 137.66666666666666 
294.6666666666667 299.6666666666667 317.0 279.0 322.3333333333333 241.66666666666666 305.6666666666667 222.33333333333334 285.0 217.0 307.6666666666667 194.33333333333334 297.3333333333333 180.33333333333334 284.0 207.33333333333334 278.3333333333333 229.66666666666666 279.0 194.66666666666666 263.3333333333333 166.0 260.6666666666667 196.33333333333334 265.6666666666667 220.66666666666666 251.66666666666666 200.66666666666666 229.66666666666666 162.0 212.0 139.33333333333334 198.33333333333334 117.0 228.66666666666666 212.66666666666666 207.66666666666666 178.0 198.0 158.0 188.0 137.66666666666666 
294.6666666666667 299.6666666666667 317.3333333333333 278.6666666666667 321.6666666666667 241.0 304.6666666666667 222.0 284.0 216.66666666666666 307.6666666666667 194.33333333333334 297.3333333333333 180.66666666666666 283.6666666666667 207.66666666666666 278.3333333333333 230.0 278.6666666666667 194.66666666666666 263.0 166.0 260.6666666666667 196.33333333333334 265.6666666666667 221.0 251.66666666666666 200.66666666666666 229.33333333333334 162.33333333333334 211.33333333333334 139.66666666666666 198.0 117.33333333333333 228.66666666666666 212.33333333333334 207.66666666666666 178.0 198.0 158.0 188.0 137.33333333333334 
295.0 299.3333333333333 317.3333333333333 278.6666666666667 321.6666666666667 241.33333333333334 304.6666666666667 222.0 284.3333333333333 216.33333333333334 308.0 194.33333333333334 297.6666666666667 181.0 284.0 208.0 278.3333333333333 230.0 279.0 194.66666666666666 263.3333333333333 166.0 260.6666666666667 196.33333333333334 265.3333333333333 220.66666666666666 251.66666666666666 200.66666666666666 229.33333333333334 162.66666666666666 211.33333333333334 140.33333333333334 198.0 118.0 228.66666666666666 212.0 208.0 178.0 198.0 158.0 187.66666666666666 137.66666666666666 
295.3333333333333 299.3333333333333 317.0 278.6666666666667 321.6666666666667 241.33333333333334 305.3333333333333 221.66666666666666 285.0 215.66666666666666 308.6666666666667 194.33333333333334 298.0 180.66666666666666 284.6666666666667 207.33333333333334 279.0 229.66666666666666 279.6666666666667 194.66666666666666 263.6666666666667 165.66666666666666 261.0 195.66666666666666 265.3333333333333 219.66666666666666 252.0 200.66666666666666 230.0 162.66666666666666 212.0 140.33333333333334 198.33333333333334 118.0 229.0 212.0 208.33333333333334 178.0 198.0 158.0 187.33333333333334 137.33333333333334 
295.3333333333333 298.6666666666667 316.6666666666667 278.3333333333333 322.0 241.33333333333334 305.6666666666667 221.33333333333334 285.0 215.0 309.0 194.0 297.6666666666667 180.0 284.6666666666667 206.66666666666666 278.6666666666667 229.0 279.6666666666667 194.33333333333334 263.6666666666667 165.66666666666666 261.0 195.33333333333334 265.0 219.0 252.0 200.0 230.0 162.33333333333334 212.33333333333334 140.0 198.33333333333334 117.66666666666667 228.66666666666666 211.66666666666666 208.33333333333334 177.33333333333334 197.66666666666666 157.33333333333334 186.66666666666666 136.66666666666666 
295.0 298.0 316.6666666666667 277.3333333333333 322.0 240.33333333333334 305.3333333333333 220.66666666666666 284.3333333333333 214.0 309.0 194.33333333333334 298.0 179.33333333333334 284.6666666666667 205.66666666666666 278.6666666666667 228.0 279.6666666666667 194.0 264.0 165.33333333333334 261.3333333333333 194.33333333333334 265.0 217.66666666666666 252.33333333333334 199.33333333333334 230.33333333333334 162.0 212.66666666666666 139.66666666666666 198.66666666666666 117.66666666666667 228.66666666666666 211.0 208.33333333333334 176.66666666666666 197.66666666666666 156.66666666666666 186.66666666666666 136.0 
295.3333333333333 297.0 317.0 276.0 322.0 239.0 304.0 219.66666666666666 282.3333333333333 213.66666666666666 309.6666666666667 194.33333333333334 299.0 179.0 285.3333333333333 205.66666666666666 279.3333333333333 228.0 280.3333333333333 194.0 265.0 165.33333333333334 262.0 193.0 265.0 216.0 253.0 199.0 231.0 161.66666666666666 213.33333333333334 139.66666666666666 199.0 118.66666666666667 229.33333333333334 210.33333333333334 209.0 176.0 198.0 156.0 187.0 135.66666666666666 
295.6666666666667 296.3333333333333 317.0 275.6666666666667 322.3333333333333 238.66666666666666 304.6666666666667 219.66666666666666 282.6666666666667 213.66666666666666 310.3333333333333 194.0 300.0 179.33333333333334 286.0 206.0 280.0 228.33333333333334 281.3333333333333 193.66666666666666 266.0 165.0 262.3333333333333 192.33333333333334 265.0 215.0 253.66666666666666 199.0 232.33333333333334 161.33333333333334 214.33333333333334 140.0 200.0 119.33333333333333 230.0 210.0 209.33333333333334 176.0 198.33333333333334 156.0 187.33333333333334 135.66666666666666 
295.6666666666667 297.0 316.6666666666667 277.0 322.0 240.33333333333334 305.3333333333333 221.0 283.6666666666667 214.0 310.6666666666667 194.0 300.3333333333333 180.0 285.6666666666667 206.66666666666666 279.3333333333333 229.33333333333334 281.6666666666667 193.66666666666666 266.0 165.66666666666666 261.6666666666667 193.0 264.0 216.0 253.66666666666666 199.33333333333334 232.66666666666666 161.33333333333334 214.66666666666666 140.33333333333334 200.33333333333334 119.66666666666667 230.0 210.33333333333334 209.0 176.33333333333334 198.0 156.33333333333334 187.0 136.0 
295.3333333333333 298.3333333333333 316.3333333333333 278.3333333333333 321.6666666666667 241.66666666666666 305.3333333333333 222.33333333333334 284.0 214.33333333333334 310.3333333333333 194.66666666666666 299.6666666666667 181.0 284.6666666666667 207.33333333333334 278.0 230.0 281.0 194.0 265.0 166.66666666666666 260.3333333333333 194.66666666666666 263.0 218.33333333333334 253.0 200.0 231.66666666666666 162.33333333333334 213.66666666666666 141.33333333333334 199.66666666666666 120.33333333333333 229.0 211.0 208.33333333333334 177.0 197.33333333333334 157.0 186.0 136.66666666666666 
295.3333333333333 299.6666666666667 316.6666666666667 279.0 321.3333333333333 242.0 303.6666666666667 222.66666666666666 282.0 215.0 310.3333333333333 195.33333333333334 299.6666666666667 182.0 284.6666666666667 208.33333333333334 277.6666666666667 231.33333333333334 281.0 195.0 264.3333333333333 168.0 260.0 196.0 262.6666666666667 220.0 253.0 200.66666666666666 231.0 163.66666666666666 213.0 142.33333333333334 198.66666666666666 121.66666666666667 229.0 211.66666666666666 208.33333333333334 177.66666666666666 197.33333333333334 158.0 185.66666666666666 137.66666666666666 
296.3333333333333 299.3333333333333 317.6666666666667 278.3333333333333 322.0 240.66666666666666 302.6666666666667 222.0 280.3333333333333 216.33333333333334 311.0 195.33333333333334 300.0 182.33333333333334 286.0 209.33333333333334 279.3333333333333 232.33333333333334 281.6666666666667 195.33333333333334 265.0 168.33333333333334 261.3333333333333 196.33333333333334 264.0 219.66666666666666 253.66666666666666 201.0 231.33333333333334 164.33333333333334 213.66666666666666 142.66666666666666 199.33333333333334 122.0 230.0 212.33333333333334 209.0 178.33333333333334 198.0 159.0 186.33333333333334 138.33333333333334 
297.3333333333333 298.6666666666667 318.6666666666667 277.6666666666667 323.3333333333333 240.0 304.0 221.33333333333334 282.0 216.66666666666666 312.0 195.0 301.0 182.33333333333334 287.6666666666667 209.66666666666666 281.3333333333333 232.66666666666666 283.0 195.33333333333334 266.0 168.33333333333334 263.3333333333333 196.0 265.6666666666667 219.0 255.0 201.0 232.66666666666666 164.33333333333334 215.0 142.33333333333334 200.66666666666666 121.66666666666667 231.33333333333334 212.33333333333334 209.66666666666666 178.33333333333334 198.66666666666666 159.33333333333334 187.33333333333334 138.33333333333334 
298.0 298.3333333333333 319.0 278.0 324.0 240.66666666666666 305.3333333333333 222.0 284.3333333333333 216.33333333333334 312.6666666666667 195.0 301.3333333333333 182.33333333333334 288.3333333333333 209.66666666666666 282.3333333333333 232.33333333333334 283.6666666666667 195.0 266.6666666666667 168.33333333333334 264.3333333333333 196.0 266.3333333333333 218.66666666666666 255.33333333333334 201.0 233.66666666666666 164.0 216.0 142.33333333333334 201.66666666666666 121.33333333333333 232.0 212.33333333333334 210.0 178.33333333333334 199.0 159.0 187.66666666666666 138.33333333333334 
297.6666666666667 299.0 319.0 279.3333333333333 324.3333333333333 242.66666666666666 307.3333333333333 223.33333333333334 287.3333333333333 216.66666666666666 313.3333333333333 195.33333333333334 301.6666666666667 183.0 288.0 210.33333333333334 281.6666666666667 233.0 284.0 195.33333333333334 266.3333333333333 169.0 264.0 197.0 266.3333333333333 220.0 255.33333333333334 201.33333333333334 233.66666666666666 164.33333333333334 215.66666666666666 143.0 201.33333333333334 121.33333333333333 231.66666666666666 212.33333333333334 210.0 178.33333333333334 199.0 158.66666666666666 187.33333333333334 138.0 
297.3333333333333 300.3333333333333 319.0 281.0 323.3333333333333 244.33333333333334 305.3333333333333 225.0 285.0 217.66666666666666 313.3333333333333 196.0 301.3333333333333 184.0 287.3333333333333 211.66666666666666 280.6666666666667 234.33333333333334 283.6666666666667 196.0 265.6666666666667 170.33333333333334 263.3333333333333 199.0 266.0 222.0 254.66666666666666 202.0 232.66666666666666 165.33333333333334 215.0 143.66666666666666 201.0 121.33333333333333 231.33333333333334 213.0 209.66666666666666 179.0 199.0 159.0 187.33333333333334 138.33333333333334 
297.0 301.0 319.0 281.3333333333333 323.0 244.66666666666666 304.6666666666667 225.66666666666666 284.3333333333333 219.33333333333334 313.0 196.66666666666666 301.3333333333333 184.33333333333334 287.3333333333333 212.66666666666666 280.3333333333333 236.0 283.0 197.0 265.6666666666667 171.33333333333334 263.3333333333333 200.66666666666666 266.3333333333333 223.66666666666666 254.33333333333334 202.66666666666666 232.0 166.33333333333334 214.33333333333334 144.33333333333334 200.66666666666666 121.66666666666667 230.66666666666666 214.0 209.33333333333334 180.0 199.0 160.0 187.33333333333334 139.0 
297.3333333333333 301.3333333333333 319.0 281.0 323.0 244.0 304.0 225.33333333333334 283.6666666666667 219.66666666666666 312.6666666666667 196.66666666666666 301.3333333333333 184.33333333333334 287.6666666666667 213.0 280.6666666666667 236.66666666666666 282.6666666666667 197.0 265.6666666666667 172.0 263.6666666666667 201.0 266.6666666666667 224.0 254.0 203.0 231.66666666666666 167.0 214.33333333333334 144.66666666666666 200.33333333333334 122.33333333333333 230.66666666666666 214.33333333333334 209.0 180.66666666666666 199.0 160.66666666666666 187.33333333333334 139.66666666666666 
298.0 301.0 319.3333333333333 280.6666666666667 323.6666666666667 243.33333333333334 305.3333333333333 225.0 285.0 220.0 312.6666666666667 196.33333333333334 301.6666666666667 184.0 288.3333333333333 213.0 281.3333333333333 236.66666666666666 282.6666666666667 197.0 266.3333333333333 171.66666666666666 264.3333333333333 200.66666666666666 267.3333333333333 223.66666666666666 254.33333333333334 203.0 232.0 167.0 214.66666666666666 145.0 200.0 122.66666666666667 231.0 214.33333333333334 209.0 180.66666666666666 199.0 160.66666666666666 187.0 140.0 
299.0 301.3333333333333 319.6666666666667 281.3333333333333 324.0 243.66666666666666 306.6666666666667 225.33333333333334 286.6666666666667 220.0 313.3333333333333 196.33333333333334 302.3333333333333 184.33333333333334 289.0 213.0 282.0 236.66666666666666 283.3333333333333 196.66666666666666 266.6666666666667 171.66666666666666 264.6666666666667 200.0 267.6666666666667 223.0 254.66666666666666 203.0 232.33333333333334 167.33333333333334 215.0 145.33333333333334 200.0 123.0 231.66666666666666 214.33333333333334 209.33333333333334 180.66666666666666 199.0 160.66666666666666 187.33333333333334 140.0 
299.6666666666667 301.6666666666667 320.3333333333333 281.6666666666667 324.0 244.0 306.6666666666667 226.0 286.6666666666667 220.33333333333334 313.6666666666667 196.66666666666666 302.6666666666667 184.66666666666666 289.6666666666667 213.33333333333334 282.6666666666667 237.0 283.6666666666667 197.33333333333334 267.0 172.0 265.3333333333333 200.66666666666666 268.3333333333333 224.0 255.0 203.33333333333334 232.66666666666666 168.0 215.0 145.66666666666666 200.33333333333334 123.0 232.0 215.0 210.0 181.0 199.33333333333334 161.0 187.66666666666666 140.33333333333334 
299.3333333333333 302.3333333333333 320.3333333333333 282.3333333333333 324.3333333333333 245.33333333333334 308.3333333333333 227.0 289.6666666666667 220.66666666666666 313.6666666666667 197.33333333333334 302.3333333333333 185.33333333333334 289.3333333333333 214.0 282.3333333333333 238.0 283.6666666666667 197.66666666666666 266.6666666666667 172.66666666666666 265.0 201.66666666666666 268.0 225.0 254.66666666666666 203.66666666666666 232.66666666666666 168.66666666666666 215.0 146.0 200.33333333333334 123.33333333333333 231.66666666666666 215.66666666666666 210.33333333333334 181.66666666666666 199.66666666666666 162.0 188.0 141.0 
298.0 303.0 319.3333333333333 283.6666666666667 324.0 247.66666666666666 309.0 228.66666666666666 291.6666666666667 221.66666666666666 313.0 198.0 301.0 186.33333333333334 287.3333333333333 215.33333333333334 280.3333333333333 239.0 283.0 198.33333333333334 265.3333333333333 174.0 263.3333333333333 203.66666666666666 266.3333333333333 227.0 254.0 204.33333333333334 232.0 169.33333333333334 214.66666666666666 146.66666666666666 200.33333333333334 124.0 231.0 216.33333333333334 210.33333333333334 182.33333333333334 200.0 162.66666666666666 188.33333333333334 142.0 
296.3333333333333 304.3333333333333 318.0 285.0 323.6666666666667 249.66666666666666 309.3333333333333 230.33333333333334 292.6666666666667 223.33333333333334 311.6666666666667 199.33333333333334 299.0 188.0 285.3333333333333 217.0 278.3333333333333 240.33333333333334 281.6666666666667 199.33333333333334 263.3333333333333 175.66666666666666 260.6666666666667 205.33333333333334 263.6666666666667 228.66666666666666 253.0 205.66666666666666 230.66666666666666 170.66666666666666 213.66666666666666 148.66666666666666 199.33333333333334 126.66666666666667 229.66666666666666 217.66666666666666 209.66666666666666 183.66666666666666 200.0 163.66666666666666 188.66666666666666 143.33333333333334 
295.3333333333333 305.6666666666667 316.6666666666667 286.6666666666667 322.6666666666667 251.66666666666666 308.0 232.33333333333334 291.3333333333333 225.33333333333334 310.3333333333333 200.66666666666666 297.6666666666667 190.0 283.6666666666667 218.66666666666666 276.6666666666667 241.66666666666666 280.3333333333333 200.66666666666666 261.3333333333333 178.0 258.3333333333333 206.66666666666666 261.3333333333333 230.0 252.0 207.33333333333334 229.66666666666666 172.33333333333334 212.66666666666666 151.33333333333334 199.0 130.33333333333334 228.66666666666666 219.33333333333334 209.33333333333334 185.33333333333334 199.66666666666666 164.66666666666666 188.66666666666666 144.33333333333334 
294.6666666666667 306.3333333333333 316.0 287.0 321.6666666666667 252.33333333333334 307.3333333333333 233.33333333333334 290.3333333333333 226.66666666666666 309.3333333333333 201.33333333333334 296.6666666666667 191.33333333333334 283.0 220.0 276.0 243.33333333333334 279.3333333333333 201.66666666666666 260.0 179.33333333333334 257.0 207.0 260.0 230.0 251.33333333333334 208.66666666666666 228.66666666666666 174.0 212.0 154.0 198.33333333333334 133.66666666666666 228.0 221.0 209.0 187.0 199.66666666666666 166.33333333333334 188.66666666666666 145.66666666666666 
294.6666666666667 306.0 315.3333333333333 287.3333333333333 320.6666666666667 252.66666666666666 306.3333333333333 233.66666666666666 288.6666666666667 226.66666666666666 308.6666666666667 201.66666666666666 296.3333333333333 191.33333333333334 282.3333333333333 220.0 275.3333333333333 243.33333333333334 279.0 202.33333333333334 260.0 179.66666666666666 257.0 207.0 260.0 229.33333333333334 251.0 209.0 228.66666666666666 174.66666666666666 212.0 154.66666666666666 198.0 134.66666666666666 228.0 221.66666666666666 209.0 187.66666666666666 199.0 167.33333333333334 188.0 146.33333333333334 
294.6666666666667 305.3333333333333 315.0 286.6666666666667 320.0 252.0 305.6666666666667 233.0 287.6666666666667 225.33333333333334 308.6666666666667 201.33333333333334 296.0 190.66666666666666 282.0 219.66666666666666 275.3333333333333 243.0 279.0 202.33333333333334 260.3333333333333 179.0 257.3333333333333 207.0 260.3333333333333 229.0 251.0 208.66666666666666 228.66666666666666 174.66666666666666 212.0 154.33333333333334 197.66666666666666 134.33333333333334 228.0 221.33333333333334 209.0 187.33333333333334 199.0 167.33333333333334 188.0 146.66666666666666 
295.0 305.0 315.0 286.6666666666667 320.0 251.33333333333334 305.6666666666667 232.33333333333334 288.0 224.0 308.6666666666667 201.33333333333334 296.0 190.0 282.0 219.0 275.6666666666667 242.33333333333334 279.0 202.33333333333334 261.0 178.33333333333334 258.0 207.33333333333334 261.3333333333333 229.33333333333334 251.0 208.33333333333334 229.0 174.33333333333334 212.0 153.66666666666666 197.66666666666666 133.33333333333334 228.33333333333334 220.66666666666666 209.0 187.0 199.0 167.0 187.66666666666666 146.33333333333334 
294.6666666666667 305.0 315.0 286.3333333333333 320.0 251.33333333333334 306.0 232.33333333333334 289.0 223.0 309.0 201.0 296.0 190.0 282.0 219.0 276.0 242.66666666666666 279.0 202.0 261.0 178.0 258.0 207.66666666666666 261.6666666666667 229.66666666666666 251.0 208.33333333333334 229.0 174.0 212.0 153.66666666666666 198.0 133.0 228.66666666666666 220.33333333333334 209.0 186.66666666666666 199.33333333333334 166.66666666666666 188.0 146.33333333333334 
294.3333333333333 305.0 315.3333333333333 286.0 320.3333333333333 251.0 306.0 232.33333333333334 288.3333333333333 223.33333333333334 309.0 202.0 296.0 190.33333333333334 282.3333333333333 219.0 276.3333333333333 242.66666666666666 279.0 202.66666666666666 261.3333333333333 179.0 258.0 208.0 261.0 230.33333333333334 251.0 209.33333333333334 230.0 175.33333333333334 212.33333333333334 156.0 197.66666666666666 136.33333333333334 228.66666666666666 220.66666666666666 209.33333333333334 187.33333333333334 199.66666666666666 167.66666666666666 188.0 147.66666666666666 
294.3333333333333 305.0 315.3333333333333 285.3333333333333 320.6666666666667 250.33333333333334 303.6666666666667 231.66666666666666 283.6666666666667 224.33333333333334 308.6666666666667 203.66666666666666 297.0 190.33333333333334 284.0 218.0 278.3333333333333 241.33333333333334 279.0 204.33333333333334 263.3333333333333 179.33333333333334 258.3333333333333 205.33333333333334 258.6666666666667 227.0 251.33333333333334 211.0 232.33333333333334 177.66666666666666 214.66666666666666 160.33333333333334 200.0 144.0 228.66666666666666 222.0 209.66666666666666 189.0 199.0 169.66666666666666 187.33333333333334 150.33333333333334 
295.0 304.6666666666667 315.6666666666667 284.3333333333333 321.0 248.33333333333334 301.6666666666667 229.66666666666666 279.6666666666667 225.0 307.6666666666667 204.66666666666666 297.3333333333333 190.66666666666666 286.3333333333333 216.66666666666666 281.6666666666667 240.33333333333334 278.6666666666667 205.0 265.6666666666667 180.66666666666666 258.6666666666667 201.0 256.0 222.0 251.66666666666666 212.0 235.0 182.66666666666666 221.33333333333334 172.0 210.33333333333334 164.33333333333334 228.33333333333334 222.66666666666666 208.66666666666666 191.0 197.33333333333334 172.0 186.0 153.0 
296.0 304.3333333333333 315.6666666666667 284.3333333333333 319.3333333333333 247.33333333333334 296.6666666666667 228.0 273.3333333333333 224.66666666666666 307.3333333333333 203.33333333333334 297.0 190.66666666666666 287.6666666666667 216.66666666666666 285.0 240.66666666666666 278.3333333333333 204.0 267.3333333333333 181.66666666666666 259.6666666666667 201.0 257.0 221.0 251.66666666666666 211.66666666666666 237.0 188.0 229.66666666666666 190.66666666666666 225.66666666666666 195.33333333333334 228.66666666666666 223.33333333333334 207.33333333333334 192.66666666666666 194.66666666666666 173.33333333333334 183.66666666666666 154.33333333333334 
296.3333333333333 303.6666666666667 316.0 284.0 317.3333333333333 247.0 291.6666666666667 227.33333333333334 267.6666666666667 222.66666666666666 307.0 201.66666666666666 295.0 191.0 287.0 218.66666666666666 286.0 242.66666666666666 277.6666666666667 202.66666666666666 266.6666666666667 183.33333333333334 260.0 205.0 259.0 225.33333333333334 251.33333333333334 211.33333333333334 237.0 193.33333333333334 235.33333333333334 209.66666666666666 237.66666666666666 225.33333333333334 228.66666666666666 223.66666666666666 206.66666666666666 193.33333333333334 193.33333333333334 174.0 183.0 155.0 
296.0 302.6666666666667 316.0 283.3333333333333 315.3333333333333 247.33333333333334 287.0 228.0 263.0 221.33333333333334 307.3333333333333 200.0 293.3333333333333 191.33333333333334 285.3333333333333 221.66666666666666 285.3333333333333 245.33333333333334 277.6666666666667 202.0 265.0 184.33333333333334 259.6666666666667 211.66666666666666 261.3333333333333 233.0 251.33333333333334 211.33333333333334 236.33333333333334 197.66666666666666 238.0 224.33333333333334 244.66666666666666 245.66666666666666 229.33333333333334 224.66666666666666 207.66666666666666 194.33333333333334 193.33333333333334 175.0 183.0 155.66666666666666 
295.6666666666667 301.6666666666667 316.0 282.3333333333333 315.0 247.33333333333334 285.6666666666667 228.66666666666666 262.0 220.33333333333334 307.0 199.0 292.3333333333333 192.0 284.0 223.66666666666666 284.3333333333333 247.33333333333334 277.6666666666667 202.0 264.0 184.33333333333334 258.6666666666667 213.33333333333334 260.6666666666667 235.0 251.33333333333334 211.66666666666666 235.66666666666666 202.0 240.0 232.33333333333334 248.66666666666666 255.0 229.33333333333334 225.33333333333334 208.33333333333334 195.33333333333334 194.33333333333334 176.66666666666666 185.0 157.0 
295.3333333333333 301.3333333333333 316.3333333333333 281.6666666666667 315.0 246.33333333333334 286.0 228.0 262.6666666666667 219.66666666666666 307.0 198.0 292.3333333333333 192.33333333333334 283.6666666666667 224.66666666666666 284.0 248.66666666666666 277.6666666666667 201.33333333333334 263.6666666666667 184.66666666666666 258.0 214.0 260.3333333333333 235.33333333333334 251.33333333333334 211.66666666666666 235.66666666666666 205.33333333333334 242.66666666666666 238.0 253.66666666666666 261.0 229.33333333333334 225.66666666666666 208.66666666666666 196.0 195.0 177.33333333333334 186.33333333333334 157.33333333333334 
295.3333333333333 301.6666666666667 316.3333333333333 281.6666666666667 314.6666666666667 245.66666666666666 285.3333333333333 226.66666666666666 261.6666666666667 218.33333333333334 307.0 197.33333333333334 292.0 192.66666666666666 283.3333333333333 225.0 284.0 249.0 277.3333333333333 201.0 263.6666666666667 184.33333333333334 257.6666666666667 213.0 259.6666666666667 233.33333333333334 251.0 211.66666666666666 235.66666666666666 207.33333333333334 244.0 241.0 256.0 264.3333333333333 229.0 225.66666666666666 208.33333333333334 196.0 195.66666666666666 177.33333333333334 187.33333333333334 157.33333333333334 
294.6666666666667 302.0 316.0 281.0 314.0 244.33333333333334 284.0 225.0 259.6666666666667 216.66666666666666 307.0 197.66666666666666 292.0 192.33333333333334 283.0 224.66666666666666 283.6666666666667 249.0 277.0 201.0 263.0 184.33333333333334 257.3333333333333 213.0 259.6666666666667 233.0 251.0 212.0 235.33333333333334 207.66666666666666 244.0 241.33333333333334 256.6666666666667 264.3333333333333 228.66666666666666 226.0 208.33333333333334 195.66666666666666 196.0 176.66666666666666 187.66666666666666 156.66666666666666 
294.3333333333333 302.0 315.3333333333333 280.6666666666667 313.0 244.0 282.6666666666667 224.33333333333334 258.3333333333333 215.66666666666666 307.0 197.33333333333334 291.3333333333333 192.0 282.3333333333333 224.33333333333334 283.3333333333333 248.66666666666666 277.0 201.0 262.0 184.0 257.3333333333333 213.33333333333334 260.3333333333333 233.66666666666666 250.66666666666666 211.66666666666666 235.0 208.0 244.0 241.66666666666666 256.6666666666667 264.3333333333333 228.0 225.66666666666666 207.66666666666666 195.33333333333334 195.66666666666666 176.33333333333334 187.33333333333334 156.0 
293.3333333333333 302.0 314.6666666666667 280.6666666666667 312.3333333333333 243.66666666666666 282.3333333333333 224.33333333333334 258.3333333333333 215.33333333333334 307.0 197.0 290.6666666666667 191.66666666666666 281.3333333333333 224.33333333333334 282.6666666666667 248.66666666666666 277.0 200.33333333333334 261.0 184.0 256.6666666666667 214.33333333333334 260.3333333333333 235.0 250.33333333333334 211.0 234.66666666666666 208.66666666666666 243.66666666666666 242.0 256.0 264.3333333333333 227.33333333333334 225.0 207.33333333333334 194.66666666666666 195.0 176.0 187.0 155.33333333333334 
293.0 302.0 314.3333333333333 281.3333333333333 312.0 244.33333333333334 282.3333333333333 224.66666666666666 258.6666666666667 215.66666666666666 306.6666666666667 196.0 289.6666666666667 191.66666666666666 280.6666666666667 224.66666666666666 282.6666666666667 248.66666666666666 276.6666666666667 199.33333333333334 260.0 184.0 256.3333333333333 215.66666666666666 260.3333333333333 237.0 250.0 210.0 234.0 209.33333333333334 243.0 243.0 255.33333333333334 264.6666666666667 227.0 224.0 207.0 194.33333333333334 194.0 175.66666666666666 185.66666666666666 155.0 
292.3333333333333 301.6666666666667 314.0 281.6666666666667 313.0 245.0 283.6666666666667 225.0 260.0 216.33333333333334 306.6666666666667 195.33333333333334 289.3333333333333 192.0 280.3333333333333 224.66666666666666 282.3333333333333 249.0 276.6666666666667 198.33333333333334 259.6666666666667 183.66666666666666 255.33333333333334 215.66666666666666 259.3333333333333 237.33333333333334 250.0 209.33333333333334 233.66666666666666 209.66666666666666 242.33333333333334 243.33333333333334 255.0 265.0 227.0 223.33333333333334 207.0 193.66666666666666 193.66666666666666 175.33333333333334 185.0 155.0 
292.6666666666667 300.6666666666667 314.3333333333333 281.0 313.6666666666667 244.66666666666666 284.0 224.33333333333334 260.0 215.66666666666666 306.6666666666667 194.0 289.3333333333333 191.0 280.6666666666667 223.66666666666666 282.6666666666667 248.33333333333334 276.6666666666667 197.0 259.6666666666667 182.33333333333334 255.33333333333334 214.66666666666666 259.3333333333333 237.0 250.0 208.0 233.66666666666666 208.33333333333334 242.0 242.0 254.66666666666666 263.6666666666667 227.0 222.0 207.0 192.66666666666666 193.33333333333334 174.0 184.33333333333334 154.0 
292.0 298.0 314.3333333333333 278.0 314.6666666666667 242.0 284.6666666666667 221.66666666666666 260.0 213.66666666666666 307.3333333333333 192.0 289.6666666666667 188.0 281.0 220.0 282.6666666666667 245.0 277.3333333333333 195.0 260.0 179.0 255.33333333333334 212.33333333333334 259.6666666666667 235.33333333333334 250.33333333333334 205.66666666666666 233.66666666666666 203.0 241.0 236.0 253.0 258.0 227.0 219.66666666666666 207.0 189.66666666666666 193.0 170.66666666666666 183.66666666666666 150.0 
292.0 294.0 314.3333333333333 273.3333333333333 314.6666666666667 237.0 284.0 216.66666666666666 258.6666666666667 209.0 308.0 188.0 289.6666666666667 182.66666666666666 281.0 214.33333333333334 283.0 239.0 278.0 191.0 260.3333333333333 174.0 256.0 208.0 260.3333333333333 231.33333333333334 251.0 201.33333333333334 233.66666666666666 196.0 241.0 228.33333333333334 252.33333333333334 250.33333333333334 227.33333333333334 215.33333333333334 207.33333333333334 185.0 192.66666666666666 165.0 183.0 144.0 
291.6666666666667 288.6666666666667 314.3333333333333 267.6666666666667 315.3333333333333 231.66666666666666 284.6666666666667 211.0 259.0 203.66666666666666 309.0 183.33333333333334 290.3333333333333 176.66666666666666 281.3333333333333 207.0 283.0 231.0 279.0 186.33333333333334 261.3333333333333 168.0 257.0 201.0 261.0 224.0 252.0 196.33333333333334 234.0 188.33333333333334 241.0 220.0 252.33333333333334 241.66666666666666 228.0 210.33333333333334 208.0 179.0 193.0 158.66666666666666 183.33333333333334 137.0 
292.3333333333333 284.0 315.0 262.6666666666667 315.6666666666667 226.0 285.0 205.0 259.6666666666667 197.0 310.0 179.33333333333334 292.3333333333333 171.33333333333334 282.6666666666667 200.66666666666666 283.6666666666667 224.33333333333334 280.3333333333333 182.33333333333334 263.3333333333333 162.33333333333334 258.6666666666667 192.33333333333334 261.6666666666667 214.0 253.33333333333334 192.33333333333334 235.33333333333334 183.33333333333334 242.66666666666666 214.66666666666666 254.33333333333334 236.33333333333334 229.33333333333334 206.0 209.33333333333334 174.33333333333334 195.0 153.66666666666666 186.0 132.0 
293.0 281.0 316.0 259.3333333333333 316.3333333333333 222.33333333333334 287.0 200.66666666666666 262.3333333333333 191.33333333333334 311.0 177.66666666666666 295.0 168.0 285.0 196.66666666666666 285.0 220.33333333333334 281.6666666666667 180.66666666666666 266.0 159.0 260.6666666666667 185.0 263.0 204.33333333333334 254.66666666666666 190.33333333333334 237.33333333333334 181.0 245.0 212.0 257.0 233.66666666666666 231.0 203.33333333333334 211.0 171.33333333333334 197.66666666666666 150.66666666666666 189.66666666666666 128.66666666666666 
294.0 280.3333333333333 316.6666666666667 258.6666666666667 317.0 220.66666666666666 288.6666666666667 197.66666666666666 264.0 187.0 312.0 178.0 297.6666666666667 167.0 287.6666666666667 195.66666666666666 287.3333333333333 219.33333333333334 283.0 181.0 268.3333333333333 158.66666666666666 263.6666666666667 183.66666666666666 266.0 202.0 256.0 190.33333333333334 239.66666666666666 180.33333333333334 248.0 211.66666666666666 260.0 234.0 232.66666666666666 202.66666666666666 212.66666666666666 171.0 200.33333333333334 149.66666666666666 193.0 127.33333333333333 
294.6666666666667 281.6666666666667 317.0 260.3333333333333 317.6666666666667 222.0 290.6666666666667 197.66666666666666 266.0 186.33333333333334 313.0 179.66666666666666 299.0 168.0 289.3333333333333 197.33333333333334 289.0 220.66666666666666 283.6666666666667 182.33333333333334 269.6666666666667 160.33333333333334 265.3333333333333 185.33333333333334 268.0 203.33333333333334 257.0 191.33333333333334 241.33333333333334 181.33333333333334 249.66666666666666 213.33333333333334 262.0 236.33333333333334 233.66666666666666 203.33333333333334 214.0 171.33333333333334 202.0 149.66666666666666 195.0 127.33333333333333 
294.6666666666667 283.6666666666667 317.0 262.3333333333333 317.6666666666667 224.66666666666666 290.6666666666667 200.33333333333334 266.0 189.0 313.6666666666667 181.0 299.3333333333333 170.0 289.3333333333333 199.66666666666666 289.3333333333333 222.66666666666666 284.0 183.33333333333334 269.6666666666667 162.0 265.3333333333333 188.33333333333334 268.3333333333333 207.66666666666666 257.3333333333333 192.33333333333334 241.66666666666666 182.66666666666666 249.33333333333334 215.33333333333334 262.0 238.66666666666666 233.66666666666666 204.33333333333334 214.33333333333334 172.33333333333334 202.0 150.66666666666666 194.66666666666666 128.33333333333334 
294.3333333333333 285.6666666666667 316.6666666666667 264.3333333333333 317.0 227.0 290.3333333333333 203.33333333333334 266.3333333333333 192.33333333333334 314.0 182.66666666666666 299.0 171.66666666666666 288.3333333333333 201.0 288.3333333333333 224.0 284.0 184.66666666666666 269.3333333333333 163.0 263.6666666666667 188.66666666666666 266.3333333333333 208.0 257.3333333333333 193.33333333333334 241.0 184.33333333333334 248.0 217.0 260.6666666666667 240.33333333333334 233.0 205.33333333333334 214.0 173.0 201.33333333333334 151.66666666666666 193.66666666666666 129.66666666666666 
294.0 286.6666666666667 316.6666666666667 265.3333333333333 316.3333333333333 228.33333333333334 289.6666666666667 205.33333333333334 266.0 194.0 313.6666666666667 184.0 299.0 172.33333333333334 288.0 201.0 287.6666666666667 224.33333333333334 284.0 185.66666666666666 269.0 163.0 262.6666666666667 187.0 264.6666666666667 205.66666666666666 256.6666666666667 194.33333333333334 240.33333333333334 185.0 247.66666666666666 217.33333333333334 260.0 240.66666666666666 232.33333333333334 206.33333333333334 213.0 174.0 200.33333333333334 152.66666666666666 192.66666666666666 130.66666666666666 
294.3333333333333 287.3333333333333 316.6666666666667 266.0 316.0 228.0 289.3333333333333 205.0 266.3333333333333 193.0 313.6666666666667 185.33333333333334 299.3333333333333 172.0 288.3333333333333 200.33333333333334 288.0 223.66666666666666 284.0 187.0 269.6666666666667 163.0 263.3333333333333 186.33333333333334 265.0 204.0 256.6666666666667 195.66666666666666 240.0 184.66666666666666 247.66666666666666 217.0 260.0 240.33333333333334 232.33333333333334 207.33333333333334 212.33333333333334 175.0 200.0 153.33333333333334 192.66666666666666 131.0 
294.3333333333333 287.6666666666667 317.3333333333333 266.3333333333333 316.3333333333333 227.66666666666666 289.3333333333333 204.33333333333334 266.6666666666667 191.33333333333334 313.6666666666667 186.66666666666666 300.6666666666667 171.33333333333334 289.6666666666667 199.66666666666666 289.0 223.66666666666666 284.3333333333333 188.33333333333334 270.6666666666667 162.66666666666666 264.3333333333333 185.0 266.0 202.0 257.0 197.33333333333334 240.33333333333334 184.33333333333334 248.33333333333334 216.66666666666666 261.0 240.0 233.0 208.66666666666666 212.33333333333334 176.0 200.0 154.0 193.0 131.33333333333334 
295.0 288.3333333333333 318.0 266.3333333333333 317.0 227.66666666666666 290.3333333333333 204.33333333333334 268.0 191.0 314.0 187.33333333333334 301.3333333333333 171.33333333333334 290.6666666666667 199.66666666666666 290.0 223.66666666666666 284.6666666666667 189.33333333333334 272.0 163.33333333333334 265.6666666666667 185.33333333333334 267.6666666666667 202.33333333333334 257.6666666666667 198.33333333333334 241.0 184.66666666666666 249.0 216.66666666666666 261.6666666666667 239.66666666666666 233.66666666666666 209.66666666666666 212.33333333333334 176.66666666666666 200.33333333333334 154.66666666666666 193.33333333333334 131.66666666666666 
295.6666666666667 288.6666666666667 319.0 266.6666666666667 318.3333333333333 228.0 291.6666666666667 204.0 268.6666666666667 190.33333333333334 314.0 188.33333333333334 302.6666666666667 172.0 292.3333333333333 199.66666666666666 291.6666666666667 224.66666666666666 285.0 190.66666666666666 273.0 163.66666666666666 267.0 185.0 269.0 203.0 258.3333333333333 199.66666666666666 242.0 185.0 249.66666666666666 216.0 261.6666666666667 239.0 234.33333333333334 211.0 213.0 177.66666666666666 201.0 155.66666666666666 194.0 132.33333333333334 
297.0 289.3333333333333 319.6666666666667 267.0 319.0 228.33333333333334 292.3333333333333 204.33333333333334 268.6666666666667 191.0 313.6666666666667 188.66666666666666 303.3333333333333 173.33333333333334 294.0 201.0 293.3333333333333 226.0 285.0 191.33333333333334 273.6666666666667 164.66666666666666 268.6666666666667 186.0 270.6666666666667 204.33333333333334 258.6666666666667 200.33333333333334 243.33333333333334 186.0 251.0 216.66666666666666 263.0 240.0 235.0 211.66666666666666 213.66666666666666 178.66666666666666 202.0 157.0 195.0 133.66666666666666 
298.0 290.3333333333333 320.3333333333333 268.3333333333333 320.0 229.33333333333334 292.6666666666667 205.0 268.3333333333333 192.66666666666666 313.6666666666667 189.66666666666666 303.6666666666667 175.0 295.0 203.0 294.6666666666667 228.0 285.0 192.66666666666666 273.6666666666667 166.0 269.3333333333333 188.33333333333334 271.6666666666667 207.0 259.0 201.66666666666666 244.0 188.0 252.33333333333334 219.33333333333334 264.3333333333333 242.66666666666666 235.66666666666666 213.0 214.33333333333334 180.66666666666666 202.0 159.33333333333334 195.0 136.0 
298.0 292.3333333333333 320.3333333333333 270.3333333333333 320.0 231.33333333333334 293.0 207.33333333333334 269.0 196.0 314.0 190.66666666666666 303.0 177.0 294.3333333333333 206.0 294.3333333333333 230.0 285.0 193.66666666666666 273.0 168.33333333333334 269.0 192.33333333333334 271.6666666666667 210.66666666666666 259.0 202.66666666666666 244.0 190.66666666666666 253.0 223.33333333333334 265.6666666666667 246.33333333333334 235.66666666666666 214.33333333333334 214.33333333333334 182.66666666666666 201.66666666666666 162.0 194.33333333333334 139.0 
298.0 294.6666666666667 320.3333333333333 272.3333333333333 320.6666666666667 233.66666666666666 293.6666666666667 210.33333333333334 270.0 199.66666666666666 314.3333333333333 191.66666666666666 302.0 179.0 292.6666666666667 209.0 293.0 233.0 284.6666666666667 194.66666666666666 272.0 170.66666666666666 267.6666666666667 196.66666666666666 270.3333333333333 215.33333333333334 258.3333333333333 204.0 243.0 194.0 252.33333333333334 227.33333333333334 265.0 250.0 235.0 216.33333333333334 213.66666666666666 185.0 201.0 165.0 193.33333333333334 142.33333333333334 
297.3333333333333 297.0 320.0 274.3333333333333 320.3333333333333 236.0 293.3333333333333 213.33333333333334 270.3333333333333 202.66666666666666 314.0 193.33333333333334 301.3333333333333 181.33333333333334 291.3333333333333 211.66666666666666 292.0 236.33333333333334 284.3333333333333 196.33333333333334 271.0 173.33333333333334 266.3333333333333 200.33333333333334 268.6666666666667 219.66666666666666 257.6666666666667 206.0 242.33333333333334 197.33333333333334 251.0 230.33333333333334 263.6666666666667 253.0 234.33333333333334 218.66666666666666 213.33333333333334 187.66666666666666 200.66666666666666 168.0 192.66666666666666 146.0 
296.6666666666667 299.3333333333333 319.6666666666667 276.0 320.0 238.33333333333334 293.0 216.33333333333334 270.3333333333333 206.0 313.3333333333333 195.66666666666666 300.6666666666667 183.66666666666666 290.6666666666667 214.33333333333334 291.0 240.0 283.6666666666667 198.66666666666666 270.3333333333333 176.0 265.0 203.33333333333334 267.3333333333333 224.0 256.6666666666667 208.66666666666666 241.66666666666666 200.66666666666666 250.0 233.0 262.3333333333333 256.0 233.66666666666666 221.66666666666666 212.66666666666666 190.66666666666666 200.0 171.0 191.66666666666666 149.66666666666666 
296.0 301.6666666666667 319.3333333333333 278.0 319.6666666666667 241.0 292.3333333333333 219.33333333333334 269.6666666666667 209.33333333333334 313.0 198.66666666666666 300.0 186.0 290.0 216.66666666666666 290.3333333333333 242.33333333333334 283.3333333333333 202.0 269.6666666666667 179.0 264.3333333333333 206.66666666666666 266.6666666666667 228.0 256.3333333333333 212.0 241.0 203.0 249.0 235.0 261.3333333333333 258.0 233.33333333333334 224.66666666666666 212.33333333333334 193.66666666666666 199.33333333333334 174.0 190.66666666666666 153.0 
296.0 303.6666666666667 319.3333333333333 280.3333333333333 320.3333333333333 244.0 293.3333333333333 222.66666666666666 270.6666666666667 213.0 313.0 201.0 299.3333333333333 188.33333333333334 289.6666666666667 219.33333333333334 289.6666666666667 244.66666666666666 283.0 204.33333333333334 269.3333333333333 181.66666666666666 264.3333333333333 210.33333333333334 267.0 232.0 256.0 214.33333333333334 240.33333333333334 205.0 248.33333333333334 237.33333333333334 261.0 260.3333333333333 233.0 227.0 212.33333333333334 196.33333333333334 199.0 176.66666666666666 190.0 155.66666666666666 
297.0 305.3333333333333 320.0 282.6666666666667 321.3333333333333 246.66666666666666 294.6666666666667 226.0 271.6666666666667 216.33333333333334 312.6666666666667 202.66666666666666 299.6666666666667 190.33333333333334 290.0 221.66666666666666 290.0 246.66666666666666 282.6666666666667 206.0 269.6666666666667 184.0 265.0 213.0 267.6666666666667 234.0 256.0 216.33333333333334 240.66666666666666 207.33333333333334 248.66666666666666 240.0 261.3333333333333 263.0 233.0 229.0 212.66666666666666 198.33333333333334 199.0 179.0 190.33333333333334 157.66666666666666 
298.0 307.0 320.6666666666667 285.0 321.3333333333333 248.66666666666666 295.3333333333333 228.33333333333334 272.3333333333333 218.33333333333334 312.3333333333333 204.0 300.0 192.66666666666666 291.0 224.33333333333334 291.0 249.33333333333334 282.3333333333333 207.33333333333334 270.0 186.0 265.6666666666667 216.0 268.6666666666667 237.33333333333334 256.0 217.66666666666666 241.0 209.33333333333334 249.0 242.33333333333334 261.3333333333333 265.6666666666667 233.33333333333334 231.0 213.0 200.33333333333334 199.33333333333334 180.66666666666666 190.66666666666666 159.0 
299.0 308.6666666666667 321.3333333333333 287.3333333333333 321.6666666666667 251.66666666666666 296.6666666666667 231.66666666666666 273.6666666666667 221.0 312.0 206.33333333333334 300.3333333333333 194.0 291.0 225.33333333333334 291.0 249.66666666666666 282.0 209.66666666666666 270.3333333333333 187.66666666666666 265.6666666666667 217.66666666666666 268.3333333333333 238.33333333333334 255.66666666666666 220.0 241.66666666666666 209.66666666666666 248.66666666666666 242.33333333333334 260.0 265.3333333333333 233.33333333333334 233.66666666666666 212.33333333333334 202.66666666666666 198.66666666666666 183.0 190.0 161.0 
302.6666666666667 308.3333333333333 326.0 287.6666666666667 327.6666666666667 251.33333333333334 301.6666666666667 232.33333333333334 277.3333333333333 225.0 313.0 208.33333333333334 303.3333333333333 191.66666666666666 295.0 217.0 293.3333333333333 239.0 283.3333333333333 209.66666666666666 274.3333333333333 184.33333333333334 272.3333333333333 199.66666666666666 275.6666666666667 209.66666666666666 256.6666666666667 218.66666666666666 243.0 199.0 245.66666666666666 212.0 252.66666666666666 220.0 234.33333333333334 233.33333333333334 212.0 203.66666666666666 198.0 184.33333333333334 188.33333333333334 164.0 
362.0 229.0 386.0 220.0 396.6666666666667 197.0 386.6666666666667 183.66666666666666 375.3333333333333 179.0 389.6666666666667 155.66666666666666 391.6666666666667 140.0 386.6666666666667 157.66666666666666 382.6666666666667 174.33333333333334 366.3333333333333 150.33333333333334 369.0 130.0 368.6666666666667 138.33333333333334 368.6666666666667 144.0 343.6666666666667 153.0 342.3333333333333 134.0 342.3333333333333 139.66666666666666 343.0 142.33333333333334 324.0 161.33333333333334 314.0 140.66666666666666 304.6666666666667 130.66666666666666 296.6666666666667 120.33333333333333 
437.3333333333333 192.66666666666666 466.0 189.66666666666666 485.6666666666667 169.66666666666666 490.6666666666667 157.66666666666666 491.6666666666667 151.66666666666666 475.3333333333333 126.66666666666667 487.6666666666667 107.33333333333333 493.0 109.33333333333333 495.3333333333333 114.66666666666667 459.6666666666667 119.0 473.3333333333333 98.33333333333333 482.0 91.33333333333333 488.0 86.33333333333333 443.3333333333333 117.33333333333333 454.3333333333333 95.0 460.6666666666667 85.0 465.0 76.33333333333333 428.6666666666667 121.0 434.0 103.33333333333333 435.6666666666667 95.33333333333333 436.3333333333333 89.0 
457.3333333333333 199.0 486.3333333333333 197.33333333333334 512.0 179.66666666666666 531.6666666666666 165.66666666666666 546.6666666666666 154.33333333333334 499.3333333333333 132.66666666666666 515.6666666666666 111.0 524.3333333333334 100.33333333333333 529.3333333333334 93.66666666666667 486.3333333333333 127.33333333333333 503.0 104.66666666666667 511.3333333333333 94.33333333333333 516.6666666666666 86.66666666666667 472.0 128.33333333333334 487.3333333333333 106.0 495.6666666666667 97.0 500.6666666666667 89.66666666666667 457.6666666666667 134.33333333333334 467.3333333333333 120.0 471.6666666666667 114.33333333333333 474.0 110.66666666666667 
413.0 291.6666666666667 443.6666666666667 279.6666666666667 468.6666666666667 249.66666666666666 484.3333333333333 228.66666666666666 495.6666666666667 214.66666666666666 437.0 197.0 445.3333333333333 166.0 454.3333333333333 144.33333333333334 463.0 129.0 420.3333333333333 198.66666666666666 428.6666666666667 164.66666666666666 437.0 142.33333333333334 445.6666666666667 124.66666666666667 403.3333333333333 206.33333333333334 410.3333333333333 173.33333333333334 419.3333333333333 152.0 428.3333333333333 135.0 386.6666666666667 220.66666666666666 389.3333333333333 197.0 392.6666666666667 181.66666666666666 396.6666666666667 169.66666666666666 
343.6666666666667 347.0 374.0 329.0 398.0 298.0 409.6666666666667 275.0 414.3333333333333 260.6666666666667 358.0 240.33333333333334 359.6666666666667 205.0 361.6666666666667 181.0 364.0 162.33333333333334 333.6666666666667 244.66666666666666 331.3333333333333 205.0 331.3333333333333 179.0 333.0 158.0 311.0 258.3333333333333 306.3333333333333 221.0 306.0 196.33333333333334 307.3333333333333 176.0 289.6666666666667 280.6666666666667 279.0 255.0 272.6666666666667 238.66666666666666 268.3333333333333 224.0 
320.3333333333333 364.6666666666667 353.6666666666667 345.3333333333333 379.0 317.0 387.3333333333333 294.6666666666667 387.3333333333333 278.6666666666667 333.6666666666667 253.66666666666666 332.6666666666667 215.66666666666666 333.0 191.0 333.0 170.33333333333334 306.3333333333333 257.0 298.0 215.0 295.0 188.0 293.6666666666667 165.0 282.6666666666667 269.3333333333333 273.3333333333333 231.33333333333334 270.3333333333333 206.0 269.6666666666667 184.33333333333334 261.6666666666667 290.6666666666667 248.0 261.3333333333333 240.0 242.66666666666666 234.0 225.0 
301.6666666666667 373.3333333333333 337.0 354.0 363.3333333333333 329.3333333333333 371.0 307.3333333333333 371.6666666666667 287.0 316.0 262.3333333333333 315.6666666666667 222.0 314.0 196.33333333333334 310.6666666666667 173.0 286.0 264.0 275.0 220.33333333333334 269.0 192.66666666666666 264.0 168.33333333333334 261.6666666666667 276.3333333333333 248.33333333333334 238.0 241.66666666666666 213.0 236.66666666666666 190.66666666666666 240.33333333333334 298.0 221.66666666666666 269.6666666666667 210.0 251.66666666666666 200.33333333333334 233.66666666666666 
290.6666666666667 372.0 326.6666666666667 353.0 353.3333333333333 329.0 361.6666666666667 305.6666666666667 367.0 282.0 304.6666666666667 262.0 304.6666666666667 220.0 302.0 193.0 296.6666666666667 168.0 274.3333333333333 262.6666666666667 263.3333333333333 218.0 255.0 189.33333333333334 247.33333333333334 164.33333333333334 249.66666666666666 273.6666666666667 235.33333333333334 234.0 227.33333333333334 209.0 220.66666666666666 186.66666666666666 228.0 293.6666666666667 207.66666666666666 264.0 194.66666666666666 244.33333333333334 184.33333333333334 225.66666666666666 
285.3333333333333 363.0 322.3333333333333 343.6666666666667 348.6666666666667 317.0 357.6666666666667 290.3333333333333 365.3333333333333 265.0 298.0 251.33333333333334 298.0 208.0 294.6666666666667 179.66666666666666 289.0 154.0 267.3333333333333 251.66666666666666 255.66666666666666 206.0 246.33333333333334 176.33333333333334 238.0 151.0 242.0 263.3333333333333 227.0 221.33333333333334 218.33333333333334 195.66666666666666 210.66666666666666 172.33333333333334 220.33333333333334 283.6666666666667 199.33333333333334 252.66666666666666 185.66666666666666 232.0 175.33333333333334 212.33333333333334 
282.3333333333333 352.6666666666667 320.6666666666667 332.3333333333333 347.0 302.6666666666667 356.3333333333333 273.6666666666667 365.6666666666667 248.33333333333334 294.0 237.66666666666666 293.6666666666667 193.0 290.0 163.33333333333334 284.6666666666667 137.0 263.0 238.0 250.0 191.0 239.66666666666666 159.66666666666666 231.0 133.33333333333334 237.33333333333334 250.33333333333334 221.66666666666666 206.66666666666666 213.33333333333334 180.0 206.0 156.0 215.66666666666666 271.0 194.0 239.33333333333334 180.0 218.0 169.0 197.33333333333334 
280.3333333333333 345.3333333333333 319.3333333333333 324.3333333333333 345.6666666666667 293.0 355.0 262.3333333333333 366.3333333333333 237.0 291.3333333333333 227.33333333333334 291.0 182.33333333333334 287.3333333333333 151.66666666666666 282.3333333333333 124.66666666666667 260.0 227.33333333333334 246.33333333333334 178.66666666666666 235.66666666666666 146.66666666666666 226.66666666666666 119.0 234.66666666666666 240.33333333333334 218.33333333333334 196.33333333333334 209.66666666666666 168.33333333333334 202.0 143.0 213.33333333333334 262.0 191.0 231.0 177.0 210.0 165.0 189.0 
279.0 342.0 318.3333333333333 321.0 345.0 290.0 355.3333333333333 259.3333333333333 368.3333333333333 234.0 290.3333333333333 222.33333333333334 290.6666666666667 177.0 287.0 146.0 282.0 118.33333333333333 259.0 222.33333333333334 245.33333333333334 172.66666666666666 234.33333333333334 140.0 224.33333333333334 111.33333333333333 234.0 235.33333333333334 217.33333333333334 192.0 208.66666666666666 163.33333333333334 201.0 137.33333333333334 212.33333333333334 257.3333333333333 189.66666666666666 227.0 175.66666666666666 206.0 163.0 185.0 
278.6666666666667 342.0 318.3333333333333 320.6666666666667 345.3333333333333 290.3333333333333 356.3333333333333 259.6666666666667 369.6666666666667 233.66666666666666 290.3333333333333 221.66666666666666 290.6666666666667 176.33333333333334 287.3333333333333 145.66666666666666 282.6666666666667 117.66666666666667 259.0 222.0 245.33333333333334 171.66666666666666 234.66666666666666 139.33333333333334 224.33333333333334 110.33333333333333 234.0 234.66666666666666 217.66666666666666 192.0 208.66666666666666 162.66666666666666 200.66666666666666 136.33333333333334 212.33333333333334 256.6666666666667 189.33333333333334 226.66666666666666 175.33333333333334 205.66666666666666 162.33333333333334 185.0 
278.0 344.3333333333333 318.0 322.6666666666667 345.3333333333333 292.3333333333333 356.3333333333333 262.3333333333333 369.3333333333333 236.66666666666666 289.3333333333333 223.33333333333334 289.6666666666667 177.66666666666666 286.3333333333333 147.0 282.0 119.0 258.3333333333333 224.33333333333334 244.33333333333334 174.0 234.0 141.33333333333334 224.0 112.66666666666667 233.33333333333334 237.0 217.0 194.33333333333334 208.0 164.66666666666666 200.0 138.0 211.66666666666666 259.0 188.66666666666666 228.33333333333334 174.33333333333334 207.66666666666666 161.33333333333334 187.0 
277.6666666666667 348.6666666666667 317.3333333333333 326.6666666666667 344.6666666666667 295.6666666666667 356.0 266.0 368.3333333333333 240.33333333333334 288.0 227.0 287.6666666666667 180.66666666666666 284.6666666666667 150.33333333333334 280.3333333333333 122.33333333333333 257.0 228.33333333333334 242.66666666666666 177.66666666666666 232.33333333333334 145.33333333333334 222.66666666666666 116.66666666666667 232.0 241.0 215.66666666666666 198.0 206.33333333333334 168.0 198.0 141.33333333333334 210.33333333333334 263.0 187.0 232.0 172.33333333333334 211.66666666666666 159.33333333333334 191.0 
278.6666666666667 354.3333333333333 317.3333333333333 332.6666666666667 345.0 302.3333333333333 357.6666666666667 274.0 369.6666666666667 248.66666666666666 288.6666666666667 233.0 288.0 186.33333333333334 284.6666666666667 156.0 279.6666666666667 128.0 257.0 234.0 242.33333333333334 183.66666666666666 231.33333333333334 151.0 221.33333333333334 122.33333333333333 231.66666666666666 247.0 215.0 203.0 205.33333333333334 173.33333333333334 197.0 146.33333333333334 210.0 269.3333333333333 186.66666666666666 237.66666666666666 171.66666666666666 217.33333333333334 158.66666666666666 196.33333333333334 
280.3333333333333 362.0 318.6666666666667 341.0 347.0 312.0 360.6666666666667 284.6666666666667 373.3333333333333 259.6666666666667 291.0 242.0 290.6666666666667 195.33333333333334 287.0 165.0 281.6666666666667 137.0 259.0 242.0 244.33333333333334 191.33333333333334 232.66666666666666 159.0 222.0 130.33333333333334 233.33333333333334 254.66666666666666 216.66666666666666 210.0 206.66666666666666 180.33333333333334 198.0 153.66666666666666 211.33333333333334 276.6666666666667 188.0 245.33333333333334 173.0 224.66666666666666 160.0 203.66666666666666 
282.3333333333333 369.6666666666667 320.3333333333333 349.6666666666667 349.0 322.6666666666667 363.6666666666667 297.3333333333333 378.0 272.6666666666667 294.0 251.0 294.3333333333333 204.33333333333334 290.3333333333333 174.0 284.6666666666667 146.0 261.3333333333333 250.66666666666666 247.33333333333334 200.33333333333334 235.33333333333334 168.0 224.0 139.66666666666666 235.33333333333334 263.0 219.0 218.33333333333334 209.0 189.0 200.33333333333334 162.66666666666666 213.66666666666666 284.6666666666667 190.33333333333334 253.33333333333334 175.33333333333334 232.66666666666666 162.33333333333334 211.66666666666666 
283.6666666666667 375.3333333333333 322.0 356.6666666666667 350.3333333333333 331.0 365.0 306.0 380.6666666666667 281.3333333333333 296.0 257.6666666666667 296.6666666666667 211.33333333333334 292.3333333333333 181.0 286.3333333333333 152.66666666666666 263.3333333333333 257.3333333333333 250.0 207.33333333333334 237.66666666666666 175.66666666666666 225.66666666666666 147.66666666666666 237.33333333333334 269.6666666666667 221.33333333333334 225.66666666666666 211.0 196.33333333333334 201.66666666666666 170.33333333333334 215.66666666666666 291.0 192.0 260.3333333333333 177.0 240.0 163.66666666666666 219.33333333333334 
284.6666666666667 377.6666666666667 322.6666666666667 360.0 350.6666666666667 335.3333333333333 366.0 310.6666666666667 382.0 285.6666666666667 297.0 260.3333333333333 297.6666666666667 214.0 293.3333333333333 184.0 287.0 155.66666666666666 264.3333333333333 260.3333333333333 251.33333333333334 211.0 239.0 179.33333333333334 226.66666666666666 151.33333333333334 238.33333333333334 272.6666666666667 222.33333333333334 229.66666666666666 212.0 201.0 202.66666666666666 175.0 216.66666666666666 294.3333333333333 192.66666666666666 264.0 177.66666666666666 244.33333333333334 164.33333333333334 223.66666666666666 
284.3333333333333 378.0 322.6666666666667 360.0 350.6666666666667 335.6666666666667 366.0 310.0 381.3333333333333 285.0 296.6666666666667 260.6666666666667 297.3333333333333 214.66666666666666 293.3333333333333 184.66666666666666 287.0 156.0 264.3333333333333 260.3333333333333 251.0 211.33333333333334 239.0 179.66666666666666 226.66666666666666 151.33333333333334 238.0 272.6666666666667 221.66666666666666 230.33333333333334 211.66666666666666 201.66666666666666 202.33333333333334 175.66666666666666 216.0 294.6666666666667 192.0 264.3333333333333 177.33333333333334 244.66666666666666 164.0 224.0 
282.3333333333333 377.3333333333333 321.0 358.3333333333333 349.3333333333333 332.6666666666667 364.3333333333333 306.3333333333333 379.0 281.0 294.0 259.0 294.6666666666667 213.0 291.0 183.0 285.0 154.33333333333334 262.0 258.6666666666667 248.33333333333334 209.66666666666666 237.0 177.66666666666666 225.0 149.0 235.66666666666666 270.6666666666667 218.66666666666666 228.66666666666666 209.33333333333334 200.33333333333334 200.0 174.0 213.33333333333334 293.0 189.66666666666666 262.3333333333333 175.0 242.33333333333334 162.0 221.33333333333334 
279.0 376.0 317.6666666666667 355.6666666666667 346.0 328.3333333333333 360.3333333333333 301.3333333333333 374.6666666666667 276.0 289.6666666666667 256.3333333333333 290.0 210.33333333333334 286.3333333333333 180.0 280.3333333333333 151.0 257.6666666666667 256.3333333333333 243.66666666666666 207.33333333333334 232.66666666666666 175.33333333333334 221.0 146.0 231.66666666666666 268.3333333333333 214.0 226.33333333333334 204.66666666666666 197.66666666666666 195.0 171.33333333333334 209.33333333333334 291.0 186.0 259.6666666666667 171.0 239.33333333333334 158.0 218.33333333333334 
275.0 374.0 313.3333333333333 353.6666666666667 341.6666666666667 325.0 355.6666666666667 297.6666666666667 369.6666666666667 272.3333333333333 285.0 253.66666666666666 284.6666666666667 207.33333333333334 280.6666666666667 177.0 274.6666666666667 148.0 253.0 254.0 239.0 205.0 228.0 173.0 216.66666666666666 143.66666666666666 227.66666666666666 266.3333333333333 209.66666666666666 224.33333333333334 200.33333333333334 195.66666666666666 190.66666666666666 169.33333333333334 205.0 289.0 182.0 257.6666666666667 166.33333333333334 237.33333333333334 153.0 216.33333333333334 
271.3333333333333 373.0 309.3333333333333 352.3333333333333 337.3333333333333 323.6666666666667 351.0 296.0 364.6666666666667 271.0 281.3333333333333 252.66666666666666 280.3333333333333 206.33333333333334 276.6666666666667 175.66666666666666 271.0 146.66666666666666 249.33333333333334 253.0 235.0 204.0 224.0 171.66666666666666 213.33333333333334 142.33333333333334 224.0 265.6666666666667 206.33333333333334 223.66666666666666 197.0 194.66666666666666 187.66666666666666 168.33333333333334 201.66666666666666 288.0 178.66666666666666 256.6666666666667 162.66666666666666 236.66666666666666 149.0 215.33333333333334 
267.6666666666667 372.6666666666667 305.6666666666667 352.3333333333333 333.3333333333333 323.6666666666667 346.3333333333333 295.6666666666667 359.6666666666667 271.3333333333333 277.6666666666667 253.0 276.0 206.33333333333334 272.3333333333333 176.0 266.6666666666667 147.33333333333334 246.0 253.0 231.66666666666666 204.0 220.66666666666666 171.66666666666666 210.33333333333334 142.66666666666666 220.66666666666666 266.0 203.0 223.66666666666666 193.66666666666666 194.66666666666666 184.66666666666666 168.33333333333334 198.33333333333334 288.0 175.33333333333334 257.0 159.66666666666666 237.0 146.0 215.33333333333334 
264.6666666666667 373.0 302.3333333333333 352.3333333333333 329.3333333333333 324.3333333333333 341.0 296.3333333333333 354.3333333333333 272.6666666666667 274.0 253.33333333333334 272.0 207.0 268.0 176.66666666666666 262.6666666666667 148.33333333333334 242.66666666666666 254.0 228.0 205.0 217.0 172.66666666666666 207.0 143.66666666666666 217.33333333333334 267.0 199.66666666666666 224.66666666666666 190.0 195.66666666666666 181.0 169.0 195.66666666666666 289.0 172.33333333333334 258.0 157.0 238.0 143.66666666666666 216.0 
263.3333333333333 373.0 299.0 352.3333333333333 323.0 324.0 332.0 297.0 344.6666666666667 276.0 272.0 252.66666666666666 269.6666666666667 206.66666666666666 265.3333333333333 176.66666666666666 259.6666666666667 148.66666666666666 240.66666666666666 254.0 226.33333333333334 205.0 215.0 172.66666666666666 205.0 143.66666666666666 215.66666666666666 267.3333333333333 198.0 224.66666666666666 187.66666666666666 195.33333333333334 178.66666666666666 169.0 194.0 290.0 170.66666666666666 258.6666666666667 156.0 238.66666666666666 143.0 216.33333333333334 
263.6666666666667 373.0 295.0 352.6666666666667 313.6666666666667 325.0 306.6666666666667 304.0 303.0 289.6666666666667 272.6666666666667 252.33333333333334 270.6666666666667 205.66666666666666 266.6666666666667 175.33333333333334 261.0 147.0 240.66666666666666 253.66666666666666 227.33333333333334 204.0 216.33333333333334 171.0 206.66666666666666 141.66666666666666 215.33333333333334 266.6666666666667 198.33333333333334 223.66666666666666 188.33333333333334 194.0 180.0 167.66666666666666 193.33333333333334 289.6666666666667 170.0 258.3333333333333 155.33333333333334 238.33333333333334 142.66666666666666 216.33333333333334 
265.6666666666667 373.6666666666667 293.0 354.0 305.6666666666667 326.6666666666667 282.3333333333333 311.3333333333333 262.3333333333333 303.3333333333333 276.0 252.33333333333334 274.3333333333333 204.33333333333334 270.6666666666667 173.66666666666666 264.6666666666667 145.33333333333334 243.33333333333334 253.0 231.0 202.0 220.33333333333334 169.0 210.66666666666666 139.33333333333334 217.33333333333334 266.0 201.33333333333334 222.0 191.33333333333334 192.0 183.33333333333334 165.33333333333334 194.66666666666666 289.6666666666667 172.0 258.3333333333333 157.33333333333334 238.0 145.0 216.0 
268.3333333333333 374.3333333333333 293.0 355.6666666666667 302.3333333333333 329.0 264.0 318.3333333333333 228.33333333333334 314.3333333333333 279.6666666666667 253.0 278.6666666666667 203.33333333333334 275.3333333333333 172.0 269.3333333333333 143.66666666666666 246.33333333333334 252.66666666666666 235.0 200.66666666666666 225.33333333333334 167.66666666666666 216.0 138.0 220.0 265.6666666666667 205.0 220.66666666666666 195.66666666666666 190.66666666666666 188.33333333333334 163.66666666666666 197.0 289.3333333333333 175.0 258.0 160.33333333333334 237.33333333333334 148.66666666666666 215.66666666666666 
272.0 374.3333333333333 296.6666666666667 356.0 305.3333333333333 329.3333333333333 266.0 318.6666666666667 230.33333333333334 313.6666666666667 284.0 252.66666666666666 283.6666666666667 202.66666666666666 280.0 171.0 274.3333333333333 143.0 250.33333333333334 252.0 239.0 199.66666666666666 229.66666666666666 167.33333333333334 220.33333333333334 137.66666666666666 224.0 265.6666666666667 209.66666666666666 220.0 200.66666666666666 189.66666666666666 193.33333333333334 162.33333333333334 201.0 289.6666666666667 179.66666666666666 258.0 165.66666666666666 237.0 154.33333333333334 214.66666666666666 
276.0 373.3333333333333 300.6666666666667 354.3333333333333 309.0 326.6666666666667 269.0 316.6666666666667 233.33333333333334 312.0 287.6666666666667 251.66666666666666 288.0 201.66666666666666 284.6666666666667 169.66666666666666 279.3333333333333 141.33333333333334 253.66666666666666 250.66666666666666 243.0 198.66666666666666 233.66666666666666 165.66666666666666 224.66666666666666 135.66666666666666 227.66666666666666 264.6666666666667 213.66666666666666 218.33333333333334 205.33333333333334 187.66666666666666 198.0 160.0 204.66666666666666 288.6666666666667 183.66666666666666 256.6666666666667 170.0 235.66666666666666 158.66666666666666 212.66666666666666 
279.3333333333333 371.3333333333333 304.0 351.3333333333333 311.6666666666667 322.6666666666667 271.0 313.6666666666667 235.66666666666666 309.6666666666667 289.6666666666667 250.0 291.0 200.0 287.6666666666667 168.0 282.6666666666667 139.33333333333334 256.0 249.33333333333334 245.66666666666666 197.0 236.33333333333334 164.0 227.0 133.33333333333334 230.0 263.0 216.0 216.66666666666666 207.66666666666666 185.33333333333334 199.66666666666666 157.0 207.0 287.0 186.0 255.33333333333334 172.0 234.33333333333334 159.66666666666666 211.33333333333334 
281.6666666666667 369.6666666666667 305.6666666666667 348.3333333333333 312.3333333333333 318.6666666666667 270.3333333333333 310.3333333333333 234.66666666666666 307.6666666666667 290.0 248.0 291.6666666666667 198.0 288.6666666666667 166.0 283.3333333333333 137.33333333333334 256.6666666666667 247.66666666666666 246.66666666666666 195.0 237.0 161.66666666666666 227.33333333333334 131.0 231.0 261.3333333333333 216.33333333333334 215.0 207.66666666666666 183.66666666666666 199.33333333333334 155.0 208.0 285.3333333333333 186.33333333333334 254.0 171.33333333333334 233.0 158.0 210.33333333333334 
282.0 368.3333333333333 305.6666666666667 347.0 312.0 316.6666666666667 269.6666666666667 308.6666666666667 234.0 306.0 289.0 246.66666666666666 291.0 196.66666666666666 287.6666666666667 164.66666666666666 282.0 136.0 256.0 246.66666666666666 246.0 193.66666666666666 236.33333333333334 160.66666666666666 226.0 130.0 230.33333333333334 260.0 215.33333333333334 214.33333333333334 206.33333333333334 183.0 198.0 154.66666666666666 207.66666666666666 284.0 185.0 253.0 169.33333333333334 232.33333333333334 155.33333333333334 210.66666666666666 
281.6666666666667 368.0 305.0 346.3333333333333 311.0 315.6666666666667 268.6666666666667 307.6666666666667 233.0 305.3333333333333 288.0 246.0 289.6666666666667 196.0 286.0 164.0 280.0 135.66666666666666 255.0 246.0 244.66666666666666 193.0 234.66666666666666 160.0 224.33333333333334 129.33333333333334 229.33333333333334 259.6666666666667 214.0 214.0 204.66666666666666 183.33333333333334 196.66666666666666 155.33333333333334 207.0 283.3333333333333 183.33333333333334 252.66666666666666 167.33333333333334 232.0 153.0 210.66666666666666 
280.6666666666667 367.6666666666667 304.0 346.0 310.0 315.3333333333333 268.0 307.3333333333333 232.33333333333334 304.6666666666667 286.6666666666667 245.66666666666666 288.0 195.66666666666666 284.3333333333333 164.0 278.3333333333333 135.33333333333334 253.66666666666666 245.66666666666666 243.33333333333334 193.0 233.33333333333334 160.0 222.66666666666666 129.0 228.0 259.3333333333333 213.0 214.0 203.33333333333334 183.33333333333334 195.0 155.33333333333334 206.0 283.0 182.0 252.33333333333334 166.0 232.0 151.33333333333334 211.0 
280.0 367.3333333333333 302.6666666666667 344.6666666666667 308.3333333333333 314.3333333333333 266.0 306.3333333333333 230.66666666666666 304.0 285.0 245.33333333333334 286.0 195.33333333333334 282.3333333333333 164.0 276.3333333333333 135.33333333333334 252.0 245.33333333333334 241.33333333333334 192.66666666666666 231.66666666666666 159.66666666666666 221.33333333333334 128.66666666666666 226.66666666666666 259.3333333333333 211.0 214.0 201.0 183.33333333333334 192.66666666666666 155.33333333333334 204.66666666666666 283.0 180.33333333333334 252.66666666666666 164.33333333333334 232.0 149.33333333333334 211.0 
278.6666666666667 366.6666666666667 301.0 343.3333333333333 306.3333333333333 313.3333333333333 264.0 305.3333333333333 228.66666666666666 303.0 282.6666666666667 245.0 283.3333333333333 195.0 280.0 163.66666666666666 274.0 135.0 249.66666666666666 245.33333333333334 239.0 192.33333333333334 229.33333333333334 159.33333333333334 219.0 128.66666666666666 224.66666666666666 259.0 208.33333333333334 214.33333333333334 198.0 183.33333333333334 189.33333333333334 155.33333333333334 203.0 283.0 178.33333333333334 252.66666666666666 162.0 232.0 146.66666666666666 211.0 
277.0 366.3333333333333 299.0 342.6666666666667 303.6666666666667 312.6666666666667 261.6666666666667 304.3333333333333 226.66666666666666 302.3333333333333 280.3333333333333 245.0 280.6666666666667 195.0 277.0 163.33333333333334 271.0 135.0 247.33333333333334 245.33333333333334 236.33333333333334 192.0 226.33333333333334 159.33333333333334 216.33333333333334 129.0 222.66666666666666 259.0 205.33333333333334 214.33333333333334 195.0 183.33333333333334 186.33333333333334 155.33333333333334 201.0 283.0 176.0 253.0 159.33333333333334 232.0 144.0 211.0 
275.6666666666667 366.0 297.6666666666667 342.3333333333333 301.6666666666667 312.0 259.6666666666667 304.0 225.0 302.3333333333333 278.0 245.0 278.0 195.0 274.3333333333333 163.33333333333334 268.3333333333333 135.33333333333334 245.33333333333334 245.66666666666666 234.0 192.33333333333334 223.66666666666666 160.0 213.33333333333334 129.66666666666666 221.0 259.3333333333333 203.33333333333334 214.66666666666666 193.0 183.66666666666666 183.66666666666666 155.33333333333334 199.66666666666666 283.6666666666667 174.33333333333334 253.33333333333334 157.33333333333334 232.33333333333334 142.0 211.0 
275.0 366.0 296.6666666666667 342.3333333333333 300.0 312.0 257.6666666666667 304.0 223.33333333333334 302.6666666666667 276.6666666666667 245.0 276.3333333333333 195.33333333333334 272.3333333333333 164.0 266.3333333333333 135.66666666666666 244.33333333333334 245.66666666666666 232.33333333333334 193.0 221.66666666666666 160.66666666666666 211.33333333333334 130.33333333333334 220.33333333333334 259.6666666666667 202.33333333333334 214.66666666666666 192.0 183.66666666666666 182.66666666666666 155.33333333333334 199.0 284.0 173.33333333333334 253.66666666666666 156.33333333333334 232.66666666666666 141.0 211.0 
274.6666666666667 366.0 296.3333333333333 342.0 299.3333333333333 311.3333333333333 256.3333333333333 304.0 222.0 303.0 275.6666666666667 245.0 275.0 195.66666666666666 271.0 164.66666666666666 265.0 136.33333333333334 243.66666666666666 246.0 231.0 193.66666666666666 220.33333333333334 161.0 210.0 130.66666666666666 219.66666666666666 260.0 201.66666666666666 214.66666666666666 191.33333333333334 183.66666666666666 182.0 155.66666666666666 198.66666666666666 284.3333333333333 173.0 254.0 155.66666666666666 233.0 140.33333333333334 211.0 
274.3333333333333 365.6666666666667 296.0 342.0 299.0 311.6666666666667 256.0 304.0 221.66666666666666 303.0 275.3333333333333 245.0 274.3333333333333 196.0 270.0 165.0 264.0 136.66666666666666 243.33333333333334 246.0 230.33333333333334 194.0 219.33333333333334 161.0 209.0 130.66666666666666 219.33333333333334 259.6666666666667 201.66666666666666 214.33333333333334 191.0 183.33333333333334 181.66666666666666 156.0 198.33333333333334 284.0 173.0 254.0 155.66666666666666 233.0 140.0 211.33333333333334 
274.3333333333333 365.3333333333333 296.0 341.6666666666667 299.0 311.3333333333333 256.0 303.6666666666667 221.33333333333334 302.6666666666667 275.3333333333333 244.66666666666666 274.0 196.0 269.3333333333333 164.66666666666666 263.3333333333333 136.66666666666666 243.33333333333334 245.66666666666666 230.0 193.66666666666666 218.66666666666666 160.66666666666666 208.33333333333334 130.0 219.33333333333334 259.3333333333333 201.66666666666666 213.66666666666666 191.0 183.0 181.33333333333334 155.66666666666666 198.33333333333334 283.6666666666667 173.0 253.66666666666666 155.66666666666666 233.0 140.0 211.33333333333334 
274.6666666666667 364.0 296.3333333333333 340.6666666666667 299.3333333333333 310.3333333333333 256.3333333333333 302.6666666666667 221.66666666666666 302.0 276.0 244.0 274.3333333333333 195.33333333333334 269.3333333333333 163.66666666666666 263.3333333333333 135.66666666666666 244.0 244.66666666666666 230.66666666666666 192.66666666666666 219.33333333333334 159.66666666666666 208.66666666666666 129.0 220.0 258.3333333333333 202.66666666666666 212.66666666666666 191.66666666666666 182.33333333333334 181.66666666666666 155.0 199.0 282.6666666666667 173.66666666666666 253.0 156.66666666666666 232.33333333333334 141.0 211.0 
275.6666666666667 361.6666666666667 297.3333333333333 338.0 300.3333333333333 307.3333333333333 257.6666666666667 300.0 223.0 300.3333333333333 277.0 241.66666666666666 275.3333333333333 193.0 270.3333333333333 161.33333333333334 264.3333333333333 133.33333333333334 244.66666666666666 242.0 231.33333333333334 190.0 220.0 157.0 209.33333333333334 126.66666666666667 220.66666666666666 256.0 203.33333333333334 210.33333333333334 192.66666666666666 180.0 183.0 152.66666666666666 199.66666666666666 280.3333333333333 174.33333333333334 250.66666666666666 157.33333333333334 230.0 141.66666666666666 208.66666666666666 
276.0 357.6666666666667 298.3333333333333 333.6666666666667 302.0 302.3333333333333 261.0 295.0 227.66666666666666 296.0 278.0 237.0 276.6666666666667 188.0 272.0 156.33333333333334 266.0 128.66666666666666 245.33333333333334 237.33333333333334 232.33333333333334 185.33333333333334 221.33333333333334 152.33333333333334 210.66666666666666 122.33333333333333 221.33333333333334 251.33333333333334 204.33333333333334 205.66666666666666 194.0 175.33333333333334 184.66666666666666 148.0 200.33333333333334 276.0 175.33333333333334 246.33333333333334 158.33333333333334 225.66666666666666 142.66666666666666 204.33333333333334 
276.6666666666667 352.3333333333333 299.3333333333333 327.6666666666667 304.0 295.3333333333333 264.0 288.0 231.66666666666666 289.6666666666667 279.3333333333333 230.0 278.3333333333333 181.0 274.0 149.33333333333334 268.0 122.0 246.33333333333334 231.0 233.0 178.33333333333334 222.0 145.33333333333334 211.66666666666666 115.33333333333333 222.33333333333334 245.0 205.33333333333334 198.66666666666666 195.33333333333334 168.0 186.33333333333334 140.0 201.0 270.0 176.33333333333334 239.66666666666666 159.33333333333334 219.33333333333334 143.66666666666666 197.66666666666666 
277.3333333333333 346.0 300.3333333333333 321.0 306.3333333333333 288.0 268.3333333333333 279.6666666666667 236.66666666666666 281.0 281.3333333333333 222.33333333333334 280.3333333333333 172.66666666666666 276.6666666666667 140.33333333333334 270.6666666666667 113.0 248.33333333333334 223.66666666666666 235.0 170.33333333333334 224.0 137.0 214.0 107.0 224.33333333333334 237.66666666666666 207.33333333333334 190.33333333333334 197.33333333333334 159.33333333333334 188.33333333333334 130.66666666666666 202.66666666666666 262.3333333333333 178.33333333333334 231.66666666666666 161.33333333333334 211.66666666666666 146.0 190.0 
279.3333333333333 339.0 302.6666666666667 313.6666666666667 309.3333333333333 279.3333333333333 271.0 270.0 239.0 270.6666666666667 284.0 214.0 283.0 163.66666666666666 279.6666666666667 131.33333333333334 274.3333333333333 104.0 251.33333333333334 215.33333333333334 238.33333333333334 161.33333333333334 227.66666666666666 127.66666666666667 218.0 97.66666666666667 227.0 229.33333333333334 210.66666666666666 181.33333333333334 200.66666666666666 150.0 192.0 121.66666666666667 205.33333333333334 253.66666666666666 181.33333333333334 222.33333333333334 164.33333333333334 202.66666666666666 149.33333333333334 181.33333333333334 
282.0 332.3333333333333 306.0 306.3333333333333 312.3333333333333 271.3333333333333 273.3333333333333 260.3333333333333 240.66666666666666 260.0 287.3333333333333 206.0 286.6666666666667 154.66666666666666 284.0 122.0 279.0 94.0 255.33333333333334 207.0 243.33333333333334 152.66666666666666 233.33333333333334 118.66666666666667 223.66666666666666 88.0 230.66666666666666 220.66666666666666 214.66666666666666 173.0 205.0 141.33333333333334 196.33333333333334 113.66666666666667 209.33333333333334 244.66666666666666 185.0 213.0 168.0 193.33333333333334 153.0 172.33333333333334 
285.0 327.0 309.6666666666667 300.6666666666667 315.0 264.3333333333333 273.3333333333333 252.66666666666666 240.0 252.66666666666666 290.6666666666667 198.66666666666666 290.6666666666667 147.33333333333334 288.0 114.66666666666667 283.6666666666667 86.66666666666667 259.0 199.66666666666666 248.33333333333334 145.33333333333334 238.66666666666666 111.33333333333333 229.33333333333334 80.0 234.33333333333334 213.0 219.0 166.0 209.66666666666666 134.33333333333334 201.33333333333334 106.66666666666667 213.0 237.33333333333334 188.0 205.66666666666666 171.33333333333334 185.66666666666666 156.66666666666666 164.0 
287.3333333333333 323.6666666666667 312.6666666666667 297.3333333333333 317.3333333333333 260.6666666666667 274.3333333333333 249.0 240.0 250.33333333333334 294.0 194.66666666666666 295.3333333333333 143.0 292.6666666666667 110.0 288.3333333333333 81.33333333333333 262.0 195.33333333333334 252.33333333333334 140.66666666666666 243.0 106.66666666666667 233.66666666666666 75.0 237.33333333333334 208.66666666666666 222.0 162.0 213.33333333333334 129.66666666666666 205.0 101.0 216.0 233.33333333333334 190.66666666666666 202.0 174.33333333333334 181.33333333333334 160.0 159.33333333333334 
289.6666666666667 322.0 315.3333333333333 295.6666666666667 320.0 258.6666666666667 276.3333333333333 247.66666666666666 241.66666666666666 250.0 296.6666666666667 192.33333333333334 299.0 141.0 296.3333333333333 108.0 292.3333333333333 79.66666666666667 264.3333333333333 193.0 255.33333333333334 138.33333333333334 245.66666666666666 104.33333333333333 237.0 73.33333333333333 239.66666666666666 206.66666666666666 224.66666666666666 159.66666666666666 216.0 127.0 208.0 97.66666666666667 218.33333333333334 231.66666666666666 193.0 201.0 177.33333333333334 180.0 163.33333333333334 158.0 
291.0 320.6666666666667 316.6666666666667 294.3333333333333 321.6666666666667 258.0 278.3333333333333 247.66666666666666 243.33333333333334 249.66666666666666 298.3333333333333 192.0 301.3333333333333 140.66666666666666 299.0 107.66666666666667 294.6666666666667 79.33333333333333 266.0 192.66666666666666 257.0 137.66666666666666 247.66666666666666 103.66666666666667 239.0 73.0 241.33333333333334 206.66666666666666 226.0 159.0 217.33333333333334 126.33333333333333 209.33333333333334 97.0 220.0 231.33333333333334 195.0 201.0 179.33333333333334 180.0 165.0 158.33333333333334 
291.6666666666667 320.3333333333333 316.6666666666667 294.0 322.0 258.3333333333333 279.0 248.66666666666666 244.0 249.66666666666666 298.6666666666667 192.66666666666666 301.6666666666667 141.66666666666666 299.3333333333333 109.0 294.6666666666667 80.66666666666667 266.3333333333333 193.66666666666666 257.3333333333333 138.66666666666666 247.66666666666666 104.33333333333333 238.66666666666666 74.0 241.66666666666666 207.66666666666666 226.66666666666666 160.0 217.33333333333334 128.0 209.0 99.33333333333333 220.0 232.0 195.66666666666666 201.66666666666666 179.66666666666666 180.66666666666666 165.0 159.33333333333334 
291.3333333333333 320.6666666666667 315.6666666666667 294.3333333333333 320.3333333333333 259.6666666666667 277.6666666666667 250.66666666666666 242.66666666666666 251.33333333333334 297.3333333333333 194.66666666666666 299.6666666666667 144.33333333333334 297.0 112.33333333333333 291.6666666666667 83.66666666666667 265.0 195.66666666666666 255.66666666666666 141.0 246.0 106.66666666666667 236.33333333333334 76.0 240.66666666666666 209.66666666666666 225.33333333333334 162.66666666666666 215.66666666666666 131.33333333333334 207.0 103.33333333333333 218.66666666666666 233.66666666666666 194.66666666666666 203.33333333333334 177.66666666666666 182.33333333333334 162.33333333333334 161.0 
290.3333333333333 321.3333333333333 314.0 295.0 317.6666666666667 260.3333333333333 274.6666666666667 251.66666666666666 240.0 253.0 294.0 197.33333333333334 294.3333333333333 148.0 291.6666666666667 117.66666666666667 287.0 90.0 262.3333333333333 198.0 252.66666666666666 143.66666666666666 243.0 109.33333333333333 233.0 78.33333333333333 238.0 211.33333333333334 222.33333333333334 165.0 212.33333333333334 134.0 203.0 107.0 216.33333333333334 235.0 192.33333333333334 204.66666666666666 174.66666666666666 184.0 158.66666666666666 163.0 
289.3333333333333 320.3333333333333 311.0 293.0 312.6666666666667 258.0 270.0 248.66666666666666 236.33333333333334 250.0 289.0 199.0 288.3333333333333 153.66666666666666 287.0 127.33333333333333 284.3333333333333 103.0 259.3333333333333 199.33333333333334 248.66666666666666 146.0 239.0 112.66666666666667 229.0 81.33333333333333 236.0 212.0 218.66666666666666 166.0 208.66666666666666 135.33333333333334 199.33333333333334 108.33333333333333 214.33333333333334 235.33333333333334 189.66666666666666 204.66666666666666 172.0 184.33333333333334 155.33333333333334 163.0 
286.6666666666667 317.3333333333333 307.6666666666667 291.3333333333333 309.0 254.66666666666666 268.3333333333333 243.0 235.66666666666666 243.66666666666666 286.6666666666667 200.33333333333334 282.0 165.0 279.6666666666667 158.0 276.6666666666667 150.66666666666666 257.6666666666667 199.33333333333334 245.0 148.33333333333334 234.33333333333334 117.0 224.33333333333334 87.33333333333333 234.0 211.0 215.33333333333334 165.33333333333334 205.0 136.0 195.66666666666666 109.33333333333333 212.0 233.0 186.66666666666666 202.0 169.33333333333334 182.33333333333334 152.66666666666666 161.66666666666666 
284.3333333333333 314.0 305.3333333333333 289.3333333333333 308.6666666666667 250.33333333333334 272.0 237.33333333333334 241.33333333333334 238.0 286.6666666666667 200.66666666666666 278.3333333333333 177.0 274.3333333333333 189.0 270.3333333333333 197.66666666666666 257.0 198.33333333333334 242.0 152.33333333333334 229.66666666666666 124.0 219.66666666666666 97.0 232.66666666666666 209.0 212.66666666666666 165.0 201.66666666666666 137.66666666666666 192.33333333333334 111.0 210.0 229.66666666666666 184.66666666666666 198.33333333333334 168.0 179.33333333333334 151.66666666666666 158.66666666666666 
281.6666666666667 310.6666666666667 304.3333333333333 289.3333333333333 310.3333333333333 248.33333333333334 278.3333333333333 234.66666666666666 249.0 236.66666666666666 288.3333333333333 201.0 276.0 186.33333333333334 269.6666666666667 214.66666666666666 263.0 237.33333333333334 257.3333333333333 197.33333333333334 240.66666666666666 155.66666666666666 226.66666666666666 130.0 215.66666666666666 105.0 231.66666666666666 206.66666666666666 210.66666666666666 164.33333333333334 198.33333333333334 139.0 188.0 114.0 208.66666666666666 225.66666666666666 182.66666666666666 194.66666666666666 166.0 176.33333333333334 150.66666666666666 156.0 
280.3333333333333 308.3333333333333 302.6666666666667 289.0 311.6666666666667 247.66666666666666 284.0 234.66666666666666 256.6666666666667 238.33333333333334 287.3333333333333 200.66666666666666 275.3333333333333 189.0 269.3333333333333 218.33333333333334 263.0 241.66666666666666 256.3333333333333 197.0 239.66666666666666 158.33333333333334 224.66666666666666 134.0 212.33333333333334 109.33333333333333 230.33333333333334 205.33333333333334 209.0 164.33333333333334 195.66666666666666 140.0 184.33333333333334 115.66666666666667 207.66666666666666 223.66666666666666 181.66666666666666 192.66666666666666 165.0 174.66666666666666 150.0 153.66666666666666 
279.0 306.6666666666667 301.0 289.0 310.3333333333333 248.33333333333334 286.0 235.0 259.6666666666667 239.33333333333334 286.6666666666667 200.33333333333334 275.3333333333333 189.66666666666666 270.0 219.66666666666666 263.6666666666667 243.33333333333334 256.0 196.66666666666666 239.33333333333334 158.66666666666666 223.66666666666666 134.66666666666666 210.0 109.66666666666667 230.0 205.0 208.33333333333334 163.66666666666666 194.0 140.0 182.33333333333334 116.0 207.33333333333334 222.66666666666666 181.0 191.66666666666666 163.66666666666666 173.66666666666666 149.0 152.66666666666666 
278.3333333333333 305.3333333333333 299.6666666666667 288.0 309.3333333333333 247.66666666666666 285.3333333333333 234.66666666666666 259.0 239.66666666666666 285.6666666666667 200.0 275.0 189.66666666666666 270.0 220.33333333333334 264.0 244.33333333333334 255.33333333333334 196.33333333333334 238.66666666666666 159.0 223.0 135.0 209.0 110.33333333333333 229.33333333333334 204.66666666666666 207.66666666666666 163.33333333333334 193.33333333333334 140.0 182.0 115.66666666666667 206.66666666666666 222.0 180.66666666666666 191.33333333333334 163.33333333333334 173.33333333333334 148.33333333333334 152.33333333333334 
278.0 305.0 299.3333333333333 287.3333333333333 308.0 246.66666666666666 283.3333333333333 233.66666666666666 256.3333333333333 238.66666666666666 285.3333333333333 199.66666666666666 274.3333333333333 189.66666666666666 270.0 220.0 264.3333333333333 244.0 255.0 195.66666666666666 238.33333333333334 159.0 222.66666666666666 134.66666666666666 209.0 110.33333333333333 229.0 204.33333333333334 207.33333333333334 162.66666666666666 193.0 139.66666666666666 182.0 115.66666666666667 206.0 221.33333333333334 180.33333333333334 191.0 162.66666666666666 172.66666666666666 147.66666666666666 152.0 
277.6666666666667 304.3333333333333 298.6666666666667 287.0 307.0 246.33333333333334 282.0 233.0 254.0 237.66666666666666 284.3333333333333 199.33333333333334 273.6666666666667 189.66666666666666 270.0 219.66666666666666 264.6666666666667 243.66666666666666 254.0 195.0 237.66666666666666 159.0 222.33333333333334 134.66666666666666 209.0 110.66666666666667 228.0 203.66666666666666 207.0 162.33333333333334 193.0 139.33333333333334 182.33333333333334 116.0 205.0 221.0 179.66666666666666 190.66666666666666 162.33333333333334 172.33333333333334 147.0 151.66666666666666 
277.0 304.3333333333333 298.3333333333333 287.6666666666667 306.0 247.33333333333334 281.6666666666667 233.0 253.66666666666666 236.33333333333334 283.6666666666667 199.0 272.6666666666667 190.0 270.0 219.66666666666666 265.0 244.0 253.0 194.66666666666666 237.0 159.0 221.66666666666666 135.0 208.66666666666666 111.33333333333333 227.0 203.33333333333334 206.66666666666666 162.0 193.0 139.0 182.66666666666666 115.66666666666667 204.0 221.0 179.0 190.33333333333334 161.66666666666666 172.0 146.33333333333334 151.33333333333334 
276.3333333333333 304.0 297.6666666666667 288.0 305.0 247.33333333333334 280.6666666666667 232.66666666666666 252.33333333333334 235.66666666666666 283.0 199.0 272.0 190.0 269.3333333333333 220.0 264.6666666666667 244.33333333333334 252.33333333333334 194.66666666666666 236.33333333333334 159.0 221.33333333333334 135.33333333333334 208.0 112.33333333333333 226.33333333333334 203.0 206.33333333333334 161.66666666666666 193.0 138.66666666666666 182.66666666666666 115.33333333333333 203.33333333333334 221.0 178.0 190.0 161.0 172.0 145.66666666666666 151.0 
275.6666666666667 304.3333333333333 297.3333333333333 288.0 304.3333333333333 247.0 279.3333333333333 232.66666666666666 251.33333333333334 235.66666666666666 281.6666666666667 199.0 270.6666666666667 190.0 267.6666666666667 220.0 263.3333333333333 244.33333333333334 251.66666666666666 195.0 235.66666666666666 158.66666666666666 220.0 135.33333333333334 206.66666666666666 112.66666666666667 225.66666666666666 203.0 205.66666666666666 161.33333333333334 192.66666666666666 138.33333333333334 182.0 115.0 202.66666666666666 220.66666666666666 177.0 190.0 160.0 172.0 144.66666666666666 151.33333333333334 
275.0 304.3333333333333 297.0 288.0 304.3333333333333 246.66666666666666 279.0 233.0 251.66666666666666 236.33333333333334 280.6666666666667 199.0 269.3333333333333 189.66666666666666 265.6666666666667 219.66666666666666 261.3333333333333 244.0 251.0 194.66666666666666 235.0 158.33333333333334 219.0 135.66666666666666 205.33333333333334 113.66666666666667 225.0 202.66666666666666 205.33333333333334 160.66666666666666 192.0 137.66666666666666 181.0 115.0 201.66666666666666 220.0 176.0 189.66666666666666 159.0 172.0 143.33333333333334 152.0 
274.0 304.3333333333333 297.0 288.0 304.3333333333333 247.0 279.0 234.33333333333334 252.66666666666666 237.0 280.0 199.0 268.3333333333333 189.66666666666666 265.0 219.66666666666666 260.6666666666667 243.66666666666666 250.33333333333334 194.66666666666666 234.33333333333334 159.0 218.0 138.66666666666666 204.66666666666666 118.66666666666667 224.0 202.33333333333334 205.33333333333334 161.0 192.0 138.0 181.33333333333334 115.33333333333333 200.33333333333334 218.66666666666666 175.0 189.0 158.0 171.66666666666666 142.66666666666666 152.33333333333334 
271.6666666666667 303.0 295.0 287.0 303.3333333333333 247.66666666666666 278.3333333333333 235.33333333333334 252.66666666666666 235.66666666666666 279.6666666666667 198.66666666666666 267.6666666666667 189.33333333333334 264.0 220.0 259.0 244.66666666666666 249.66666666666666 194.66666666666666 233.0 162.33333333333334 218.66666666666666 149.0 207.33333333333334 135.66666666666666 222.66666666666666 202.0 203.66666666666666 161.33333333333334 190.0 138.33333333333334 178.66666666666666 115.33333333333333 198.66666666666666 217.33333333333334 173.66666666666666 188.0 157.66666666666666 170.66666666666666 143.0 151.0 
269.0 301.3333333333333 292.0 285.3333333333333 300.3333333333333 249.0 278.3333333333333 236.33333333333334 255.0 233.33333333333334 278.6666666666667 197.0 266.3333333333333 189.66666666666666 260.6666666666667 221.0 255.66666666666666 245.33333333333334 248.66666666666666 194.0 230.33333333333334 165.0 220.33333333333334 168.0 215.33333333333334 169.33333333333334 220.66666666666666 201.0 200.66666666666666 161.0 187.0 139.0 176.0 117.0 196.66666666666666 215.0 172.33333333333334 185.0 158.33333333333334 167.33333333333334 145.33333333333334 147.33333333333334 
266.6666666666667 298.6666666666667 288.6666666666667 282.3333333333333 297.0 248.33333333333334 279.3333333333333 234.0 259.0 229.0 276.3333333333333 195.33333333333334 263.6666666666667 189.0 257.6666666666667 220.66666666666666 253.33333333333334 245.33333333333334 246.66666666666666 192.66666666666666 225.0 166.66666666666666 217.66666666666666 175.66666666666666 216.33333333333334 181.0 218.66666666666666 199.66666666666666 195.66666666666666 160.66666666666666 181.33333333333334 139.33333333333334 170.33333333333334 118.33333333333333 196.0 213.33333333333334 172.66666666666666 181.66666666666666 160.66666666666666 163.0 149.33333333333334 141.33333333333334 
265.3333333333333 296.3333333333333 288.6666666666667 278.6666666666667 295.3333333333333 246.0 280.6666666666667 231.33333333333334 262.6666666666667 224.33333333333334 274.3333333333333 193.33333333333334 261.3333333333333 187.66666666666666 256.0 219.33333333333334 253.33333333333334 243.0 245.33333333333334 191.66666666666666 224.0 168.33333333333334 222.66666666666666 189.66666666666666 227.66666666666666 204.66666666666666 217.33333333333334 198.33333333333334 193.33333333333334 161.33333333333334 179.66666666666666 142.0 169.66666666666666 123.33333333333333 194.66666666666666 211.33333333333334 172.66666666666666 177.66666666666666 162.33333333333334 158.33333333333334 152.33333333333334 136.0 
264.6666666666667 294.6666666666667 289.6666666666667 275.6666666666667 294.6666666666667 242.0 279.6666666666667 226.66666666666666 261.3333333333333 219.33333333333334 273.0 192.33333333333334 261.3333333333333 185.66666666666666 258.3333333333333 217.33333333333334 256.3333333333333 240.66666666666666 244.33333333333334 191.33333333333334 225.66666666666666 171.0 228.33333333333334 196.0 235.0 213.33333333333334 217.0 197.33333333333334 193.0 163.33333333333334 180.33333333333334 145.66666666666666 170.0 128.66666666666666 194.0 209.33333333333334 174.0 174.66666666666666 164.66666666666666 154.66666666666666 155.0 132.0 
264.3333333333333 294.0 280.0 275.6666666666667 277.3333333333333 241.0 261.3333333333333 222.33333333333334 244.33333333333334 210.66666666666666 258.6666666666667 194.66666666666666 245.66666666666666 183.33333333333334 241.33333333333334 209.0 238.33333333333334 226.33333333333334 239.33333333333334 193.0 225.66666666666666 175.66666666666666 233.33333333333334 211.33333333333334 243.66666666666666 238.0 221.66666666666666 197.0 200.66666666666666 166.66666666666666 189.0 156.33333333333334 178.33333333333334 145.33333333333334 206.0 205.33333333333334 194.0 171.66666666666666 190.33333333333334 152.33333333333334 184.66666666666666 131.0 
263.0 293.0 270.6666666666667 278.3333333333333 264.0 242.33333333333334 249.33333333333334 219.0 234.33333333333334 204.33333333333334 246.66666666666666 198.66666666666666 235.0 183.0 230.66666666666666 202.66666666666666 226.66666666666666 213.66666666666666 234.0 194.33333333333334 223.66666666666666 178.66666666666666 231.66666666666666 214.66666666666666 241.33333333333334 240.66666666666666 223.0 196.0 204.66666666666666 169.0 194.0 166.66666666666666 183.66666666666666 162.0 212.66666666666666 201.33333333333334 204.33333333333334 169.0 203.33333333333334 150.66666666666666 199.66666666666666 131.33333333333334 
263.0 293.3333333333333 270.3333333333333 279.0 264.0 243.66666666666666 250.66666666666666 219.66666666666666 237.33333333333334 203.66666666666666 246.0 198.33333333333334 233.66666666666666 183.66666666666666 230.66666666666666 203.66666666666666 227.66666666666666 214.66666666666666 233.33333333333334 194.33333333333334 222.66666666666666 180.33333333333334 231.33333333333334 216.33333333333334 241.33333333333334 241.66666666666666 222.0 197.0 204.0 171.33333333333334 192.66666666666666 169.0 182.0 164.33333333333334 211.66666666666666 202.66666666666666 203.0 170.66666666666666 201.0 152.66666666666666 196.0 133.66666666666666 
261.6666666666667 294.0 280.0 278.6666666666667 280.6666666666667 244.66666666666666 269.0 224.0 254.66666666666666 211.33333333333334 259.0 195.33333333333334 249.33333333333334 184.66666666666666 247.66666666666666 211.33333333333334 245.33333333333334 228.0 237.33333333333334 192.66666666666666 226.0 179.66666666666666 235.66666666666666 218.66666666666666 246.33333333333334 246.0 216.66666666666666 197.0 197.0 170.66666666666666 185.33333333333334 163.0 174.33333333333334 154.33333333333334 197.66666666666666 205.33333333333334 182.66666666666666 172.33333333333334 176.0 154.0 167.0 135.0 
262.0 295.3333333333333 285.0 277.3333333333333 287.3333333333333 243.33333333333334 273.6666666666667 225.0 256.6666666666667 214.33333333333334 265.3333333333333 192.66666666666666 255.0 184.66666666666666 253.33333333333334 215.66666666666666 251.0 237.33333333333334 239.66666666666666 191.66666666666666 226.33333333333334 178.66666666666666 235.66666666666666 217.66666666666666 246.33333333333334 245.66666666666666 215.33333333333334 197.66666666666666 194.33333333333334 170.66666666666666 181.33333333333334 159.0 170.0 147.66666666666666 193.33333333333334 207.33333333333334 178.0 173.66666666666666 170.66666666666666 155.33333333333334 161.33333333333334 136.0 
261.0 295.3333333333333 283.3333333333333 277.0 285.0 242.0 270.3333333333333 224.0 251.66666666666666 214.33333333333334 263.3333333333333 193.66666666666666 254.66666666666666 184.0 252.0 214.33333333333334 249.0 236.0 238.33333333333334 191.66666666666666 226.0 177.66666666666666 235.0 217.0 246.0 246.0 215.0 196.66666666666666 194.0 168.66666666666666 181.0 157.33333333333334 170.33333333333334 146.0 193.33333333333334 206.0 178.33333333333334 172.0 172.0 153.33333333333334 164.66666666666666 134.33333333333334 
260.6666666666667 294.3333333333333 283.0 276.0 284.3333333333333 240.33333333333334 269.0 222.0 250.0 211.66666666666666 263.0 192.66666666666666 254.33333333333334 183.33333333333334 252.0 214.0 249.33333333333334 236.33333333333334 237.66666666666666 191.33333333333334 224.66666666666666 176.66666666666666 234.0 216.0 245.33333333333334 245.33333333333334 214.0 196.0 192.66666666666666 167.66666666666666 180.0 156.33333333333334 169.66666666666666 145.0 192.0 205.0 176.66666666666666 170.66666666666666 170.0 152.0 162.33333333333334 132.66666666666666 
260.3333333333333 293.3333333333333 285.6666666666667 274.6666666666667 289.3333333333333 239.66666666666666 275.0 222.33333333333334 257.0 212.66666666666666 267.0 190.33333333333334 259.0 182.66666666666666 257.0 215.66666666666666 255.0 239.66666666666666 239.0 190.0 225.33333333333334 175.0 235.33333333333334 216.66666666666666 247.33333333333334 247.66666666666666 212.66666666666666 195.33333333333334 190.0 165.66666666666666 177.66666666666666 151.0 167.0 136.66666666666666 188.0 205.33333333333334 170.33333333333334 170.0 162.0 150.66666666666666 153.0 131.0 
260.3333333333333 293.0 286.3333333333333 274.3333333333333 289.6666666666667 239.33333333333334 275.3333333333333 221.66666666666666 257.3333333333333 211.66666666666666 267.6666666666667 189.33333333333334 259.0 182.33333333333334 257.0 216.0 255.0 240.33333333333334 239.33333333333334 189.33333333333334 225.0 174.0 234.66666666666666 216.66666666666666 246.66666666666666 248.0 212.33333333333334 195.0 189.0 165.33333333333334 177.0 150.0 165.66666666666666 135.66666666666666 187.66666666666666 205.0 170.0 169.33333333333334 161.66666666666666 150.0 152.0 130.0 
260.3333333333333 292.6666666666667 285.6666666666667 274.0 289.6666666666667 239.33333333333334 276.6666666666667 221.66666666666666 259.3333333333333 211.33333333333334 267.6666666666667 188.66666666666666 258.3333333333333 182.0 256.3333333333333 216.33333333333334 254.33333333333334 240.66666666666666 239.33333333333334 188.66666666666666 225.0 173.33333333333334 234.33333333333334 216.33333333333334 245.66666666666666 248.0 212.0 195.0 189.0 165.0 177.0 150.0 165.33333333333334 135.66666666666666 187.66666666666666 205.0 170.0 169.66666666666666 161.66666666666666 150.33333333333334 151.66666666666666 130.66666666666666 
260.6666666666667 292.6666666666667 285.6666666666667 274.0 289.3333333333333 239.0 276.3333333333333 221.33333333333334 259.3333333333333 210.33333333333334 268.0 188.33333333333334 258.0 181.66666666666666 256.0 216.33333333333334 254.0 240.66666666666666 239.33333333333334 188.66666666666666 224.66666666666666 173.33333333333334 234.33333333333334 216.0 245.33333333333334 248.0 211.66666666666666 195.33333333333334 189.0 165.33333333333334 177.0 150.33333333333334 165.0 136.33333333333334 187.66666666666666 205.33333333333334 170.33333333333334 170.33333333333334 162.0 150.66666666666666 151.33333333333334 130.66666666666666 
260.6666666666667 292.6666666666667 285.3333333333333 274.3333333333333 290.3333333333333 239.33333333333334 278.0 221.0 261.6666666666667 209.66666666666666 268.3333333333333 188.33333333333334 257.6666666666667 181.66666666666666 256.3333333333333 216.66666666666666 255.0 241.0 239.66666666666666 189.33333333333334 225.0 174.0 234.33333333333334 216.0 245.0 247.66666666666666 212.0 196.0 189.66666666666666 167.33333333333334 177.33333333333334 153.66666666666666 165.0 141.0 188.33333333333334 206.33333333333334 171.0 171.66666666666666 161.66666666666666 152.33333333333334 150.0 133.0 
261.0 293.6666666666667 286.0 274.6666666666667 290.6666666666667 238.66666666666666 276.6666666666667 219.66666666666666 258.3333333333333 208.66666666666666 268.0 189.66666666666666 258.3333333333333 182.0 257.6666666666667 216.0 256.6666666666667 240.33333333333334 239.66666666666666 191.0 226.33333333333334 175.33333333333334 235.0 215.66666666666666 245.33333333333334 247.33333333333334 212.66666666666666 197.33333333333334 191.0 169.66666666666666 179.0 158.0 167.0 147.33333333333334 189.0 207.66666666666666 171.66666666666666 173.0 162.0 153.66666666666666 150.33333333333334 135.0 
260.6666666666667 293.6666666666667 285.0 274.3333333333333 291.0 238.66666666666666 278.0 219.66666666666666 259.3333333333333 209.66666666666666 268.3333333333333 190.33333333333334 259.6666666666667 181.66666666666666 259.3333333333333 215.66666666666666 259.0 241.33333333333334 240.33333333333334 192.0 229.33333333333334 177.66666666666666 236.33333333333334 216.66666666666666 244.66666666666666 248.33333333333334 213.66666666666666 198.0 195.0 173.0 187.33333333333334 170.0 180.0 168.0 190.0 208.0 172.0 173.33333333333334 161.66666666666666 154.0 150.33333333333334 135.66666666666666 
261.0 293.3333333333333 284.6666666666667 273.6666666666667 291.6666666666667 238.66666666666666 278.3333333333333 220.0 259.6666666666667 211.66666666666666 268.6666666666667 190.66666666666666 260.0 180.66666666666666 259.6666666666667 215.0 260.0 241.33333333333334 240.33333333333334 192.66666666666666 230.33333333333334 179.66666666666666 237.0 218.66666666666666 244.0 249.66666666666666 214.0 199.0 198.33333333333334 176.33333333333334 198.33333333333334 187.0 198.66666666666666 196.33333333333334 190.33333333333334 208.66666666666666 171.66666666666666 174.0 161.33333333333334 153.66666666666666 151.66666666666666 134.66666666666666 
260.6666666666667 292.3333333333333 284.0 273.0 292.6666666666667 238.66666666666666 279.3333333333333 220.66666666666666 262.0 214.33333333333334 269.0 190.33333333333334 258.6666666666667 180.66666666666666 258.3333333333333 215.66666666666666 260.0 242.33333333333334 240.0 192.66666666666666 229.0 180.66666666666666 234.66666666666666 221.0 241.0 250.66666666666666 213.66666666666666 200.0 199.66666666666666 181.66666666666666 206.33333333333334 206.33333333333334 214.33333333333334 226.33333333333334 190.66666666666666 210.33333333333334 172.0 175.33333333333334 161.33333333333334 154.33333333333334 152.66666666666666 134.0 
260.3333333333333 292.3333333333333 284.0 272.6666666666667 293.0 237.66666666666666 278.6666666666667 220.33333333333334 261.3333333333333 216.66666666666666 268.0 190.0 255.66666666666666 180.66666666666666 256.0 216.66666666666666 259.0 242.66666666666666 238.33333333333334 193.33333333333334 225.0 181.0 230.66666666666666 223.0 238.33333333333334 251.33333333333334 212.33333333333334 202.0 197.0 187.0 206.66666666666666 220.0 218.66666666666666 244.0 190.33333333333334 213.33333333333334 172.0 178.33333333333334 160.66666666666666 157.0 152.66666666666666 136.33333333333334 
258.6666666666667 292.3333333333333 283.0 272.3333333333333 292.6666666666667 237.33333333333334 279.0 220.66666666666666 262.6666666666667 219.0 266.0 189.66666666666666 253.0 181.33333333333334 254.0 217.66666666666666 257.6666666666667 243.66666666666666 236.33333333333334 194.0 221.66666666666666 182.33333333333334 227.33333333333334 225.0 235.66666666666666 253.0 210.66666666666666 203.33333333333334 194.0 192.0 204.66666666666666 227.0 218.33333333333334 251.33333333333334 189.33333333333334 215.33333333333334 171.33333333333334 180.66666666666666 159.66666666666666 160.0 151.66666666666666 139.33333333333334 
257.6666666666667 292.6666666666667 282.3333333333333 271.6666666666667 292.0 236.33333333333334 278.0 219.33333333333334 262.0 218.66666666666666 264.0 190.0 251.66666666666666 181.66666666666666 253.33333333333334 218.33333333333334 257.3333333333333 244.66666666666666 234.66666666666666 194.66666666666666 220.33333333333334 184.33333333333334 226.66666666666666 227.33333333333334 235.66666666666666 255.66666666666666 209.33333333333334 204.0 192.66666666666666 195.0 204.33333333333334 230.33333333333334 219.0 255.0 188.33333333333334 215.66666666666666 170.33333333333334 181.33333333333334 158.33333333333334 161.0 150.0 141.0 
256.6666666666667 293.0 281.3333333333333 271.6666666666667 291.0 236.33333333333334 277.3333333333333 218.66666666666666 261.6666666666667 217.33333333333334 262.6666666666667 191.0 250.66666666666666 182.66666666666666 252.33333333333334 218.66666666666666 256.0 245.0 233.66666666666666 195.33333333333334 219.66666666666666 185.0 226.33333333333334 228.0 235.0 256.6666666666667 208.33333333333334 204.33333333333334 192.33333333333334 196.33333333333334 204.66666666666666 231.33333333333334 219.33333333333334 256.3333333333333 187.33333333333334 215.66666666666666 169.33333333333334 181.33333333333334 157.66666666666666 160.66666666666666 149.0 140.66666666666666 
256.6666666666667 293.0 281.0 271.3333333333333 290.0 235.0 276.0 217.33333333333334 260.0 215.66666666666666 262.6666666666667 191.66666666666666 250.33333333333334 183.0 252.0 218.66666666666666 255.33333333333334 245.0 233.66666666666666 195.33333333333334 219.66666666666666 185.0 226.0 227.66666666666666 234.66666666666666 256.6666666666667 208.33333333333334 204.33333333333334 192.33333333333334 196.0 204.66666666666666 231.0 219.0 255.66666666666666 187.33333333333334 215.0 169.33333333333334 180.33333333333334 158.0 159.33333333333334 149.33333333333334 139.0 
257.0 292.3333333333333 281.0 271.0 289.3333333333333 234.66666666666666 276.3333333333333 216.66666666666666 261.0 214.33333333333334 263.6666666666667 191.33333333333334 250.33333333333334 183.0 251.66666666666666 218.66666666666666 254.66666666666666 245.0 234.33333333333334 194.66666666666666 220.0 184.33333333333334 226.0 227.0 234.33333333333334 256.0 209.0 203.33333333333334 192.33333333333334 194.66666666666666 204.66666666666666 229.66666666666666 219.0 254.33333333333334 187.66666666666666 213.66666666666666 170.0 178.66666666666666 159.33333333333334 157.33333333333334 151.33333333333334 136.66666666666666 
258.0 291.0 281.6666666666667 270.3333333333333 290.3333333333333 234.33333333333334 278.0 216.66666666666666 264.3333333333333 214.0 265.3333333333333 189.66666666666666 251.66666666666666 182.33333333333334 252.66666666666666 218.33333333333334 255.66666666666666 245.0 235.66666666666666 192.66666666666666 221.33333333333334 184.0 227.0 226.66666666666666 235.33333333333334 255.66666666666666 210.33333333333334 201.33333333333334 193.33333333333334 193.66666666666666 205.66666666666666 228.66666666666666 220.0 253.0 188.66666666666666 211.33333333333334 171.66666666666666 176.66666666666666 161.66666666666666 155.66666666666666 154.33333333333334 134.66666666666666 
258.6666666666667 289.6666666666667 282.3333333333333 270.6666666666667 291.6666666666667 236.0 281.3333333333333 218.0 270.0 214.0 268.3333333333333 188.0 254.0 181.66666666666666 254.33333333333334 218.33333333333334 257.0 245.0 238.66666666666666 190.66666666666666 223.33333333333334 183.0 228.33333333333334 226.0 236.0 255.0 212.66666666666666 199.0 195.66666666666666 193.0 207.33333333333334 228.0 221.66666666666666 252.66666666666666 190.33333333333334 209.0 174.0 174.66666666666666 164.66666666666666 153.66666666666666 158.33333333333334 132.66666666666666 
259.0 289.6666666666667 283.3333333333333 272.0 293.6666666666667 237.66666666666666 283.6666666666667 219.0 272.0 215.0 271.0 187.0 256.6666666666667 181.0 257.0 218.0 259.3333333333333 244.66666666666666 241.66666666666666 189.33333333333334 225.66666666666666 182.33333333333334 230.33333333333334 225.33333333333334 237.33333333333334 254.33333333333334 215.33333333333334 197.33333333333334 198.33333333333334 192.66666666666666 209.66666666666666 227.66666666666666 223.33333333333334 252.33333333333334 192.66666666666666 207.33333333333334 177.0 173.33333333333334 168.0 152.33333333333334 162.0 131.66666666666666 
259.3333333333333 290.3333333333333 284.6666666666667 272.6666666666667 295.0 238.66666666666666 284.0 220.33333333333334 270.0 218.33333333333334 272.6666666666667 187.0 258.3333333333333 181.0 258.6666666666667 218.33333333333334 260.6666666666667 245.0 243.33333333333334 189.33333333333334 227.33333333333334 182.0 231.66666666666666 225.33333333333334 238.33333333333334 254.33333333333334 217.0 197.33333333333334 200.0 192.33333333333334 211.0 228.0 224.33333333333334 253.0 194.33333333333334 207.33333333333334 178.66666666666666 173.0 170.0 151.66666666666666 164.66666666666666 130.66666666666666 
259.3333333333333 291.0 285.3333333333333 272.6666666666667 295.6666666666667 237.66666666666666 282.6666666666667 219.66666666666666 265.6666666666667 219.66666666666666 272.3333333333333 186.66666666666666 258.0 180.66666666666666 258.6666666666667 218.66666666666666 261.0 245.66666666666666 242.66666666666666 189.66666666666666 226.66666666666666 182.33333333333334 231.66666666666666 225.66666666666666 238.66666666666666 254.66666666666666 217.0 198.0 199.33333333333334 192.66666666666666 210.66666666666666 228.66666666666666 224.0 253.66666666666666 194.66666666666666 208.33333333333334 179.0 173.66666666666666 170.66666666666666 152.0 165.33333333333334 130.66666666666666 
259.0 291.0 285.0 272.0 295.6666666666667 236.33333333333334 281.6666666666667 219.0 264.0 219.33333333333334 271.6666666666667 186.66666666666666 257.0 180.66666666666666 257.6666666666667 218.66666666666666 260.3333333333333 245.66666666666666 241.33333333333334 190.0 225.33333333333334 182.66666666666666 230.66666666666666 226.0 238.33333333333334 255.0 216.0 198.66666666666666 198.0 192.66666666666666 209.33333333333334 229.33333333333334 223.0 254.33333333333334 194.0 209.0 178.0 173.66666666666666 170.0 152.0 164.66666666666666 130.0 
258.6666666666667 291.0 284.0 271.6666666666667 294.6666666666667 235.33333333333334 280.6666666666667 217.33333333333334 263.3333333333333 216.66666666666666 270.6666666666667 187.0 255.66666666666666 180.33333333333334 256.3333333333333 218.0 259.3333333333333 245.0 240.0 190.33333333333334 223.66666666666666 182.33333333333334 229.33333333333334 225.33333333333334 237.0 254.66666666666666 215.0 198.66666666666666 196.33333333333334 192.33333333333334 208.0 228.66666666666666 221.66666666666666 254.0 193.33333333333334 209.0 177.33333333333334 173.33333333333334 169.33333333333334 151.66666666666666 164.0 130.0 
258.6666666666667 290.3333333333333 283.6666666666667 271.0 294.0 234.0 280.0 214.66666666666666 265.0 211.33333333333334 270.0 187.66666666666666 255.33333333333334 180.33333333333334 255.66666666666666 217.33333333333334 258.3333333333333 244.33333333333334 239.33333333333334 190.33333333333334 223.33333333333334 181.66666666666666 228.66666666666666 224.66666666666666 236.0 254.33333333333334 214.33333333333334 198.0 195.66666666666666 191.0 207.33333333333334 227.33333333333334 220.66666666666666 253.0 192.66666666666666 208.0 176.66666666666666 172.33333333333334 168.66666666666666 150.66666666666666 163.33333333333334 129.0 
258.3333333333333 289.6666666666667 283.0 270.3333333333333 293.0 234.33333333333334 279.3333333333333 215.33333333333334 264.6666666666667 212.0 270.0 187.0 254.66666666666666 180.0 254.33333333333334 217.33333333333334 256.6666666666667 244.0 239.33333333333334 189.33333333333334 223.0 181.0 227.33333333333334 224.0 234.66666666666666 254.0 214.0 197.0 195.0 190.33333333333334 206.33333333333334 226.33333333333334 219.66666666666666 252.33333333333334 192.33333333333334 207.0 176.66666666666666 172.0 168.33333333333334 150.33333333333334 163.33333333333334 129.0 
258.3333333333333 289.0 283.3333333333333 269.6666666666667 293.0 233.33333333333334 279.3333333333333 213.0 266.6666666666667 207.33333333333334 269.3333333333333 186.33333333333334 254.33333333333334 179.66666666666666 253.66666666666666 217.0 256.0 243.66666666666666 239.0 188.66666666666666 222.66666666666666 180.66666666666666 226.66666666666666 224.0 234.33333333333334 253.66666666666666 213.66666666666666 196.33333333333334 194.66666666666666 190.0 205.66666666666666 226.0 219.0 252.33333333333334 192.0 206.66666666666666 176.33333333333334 172.0 168.0 150.0 163.0 128.33333333333334 
258.0 288.6666666666667 283.0 269.3333333333333 293.0 233.66666666666666 280.0 214.33333333333334 266.6666666666667 209.33333333333334 269.3333333333333 185.33333333333334 254.0 179.33333333333334 253.33333333333334 217.0 255.66666666666666 243.66666666666666 239.0 187.66666666666666 222.66666666666666 180.33333333333334 226.33333333333334 224.0 234.0 253.33333333333334 213.66666666666666 195.33333333333334 194.66666666666666 189.0 205.0 225.0 218.66666666666666 251.33333333333334 192.0 205.66666666666666 176.66666666666666 171.0 168.33333333333334 149.33333333333334 163.33333333333334 128.0 
258.3333333333333 288.3333333333333 283.6666666666667 269.3333333333333 293.6666666666667 233.33333333333334 281.3333333333333 213.66666666666666 268.6666666666667 208.0 269.3333333333333 185.0 254.66666666666666 178.66666666666666 254.33333333333334 216.33333333333334 256.6666666666667 243.33333333333334 239.66666666666666 187.0 223.33333333333334 180.0 227.66666666666666 223.66666666666666 234.66666666666666 253.0 214.33333333333334 194.0 195.66666666666666 187.66666666666666 206.33333333333334 224.0 219.66666666666666 250.33333333333334 193.0 203.66666666666666 177.0 169.33333333333334 168.66666666666666 147.66666666666666 163.33333333333334 126.33333333333333 
258.3333333333333 289.0 284.3333333333333 270.3333333333333 295.0 235.0 283.3333333333333 216.0 268.3333333333333 211.66666666666666 271.3333333333333 185.33333333333334 256.0 178.33333333333334 256.3333333333333 216.33333333333334 258.0 243.0 242.33333333333334 186.0 225.33333333333334 179.66666666666666 230.33333333333334 223.33333333333334 236.66666666666666 253.33333333333334 216.66666666666666 192.0 198.33333333333334 186.0 209.33333333333334 222.66666666666666 222.33333333333334 249.33333333333334 195.0 200.66666666666666 178.66666666666666 166.0 169.66666666666666 145.0 163.66666666666666 124.33333333333333 
259.0 291.3333333333333 285.0 272.0 295.6666666666667 237.33333333333334 283.0 217.33333333333334 265.6666666666667 212.66666666666666 273.0 188.0 258.0 179.0 258.0 215.66666666666666 259.0 241.66666666666666 245.66666666666666 187.33333333333334 228.33333333333334 179.66666666666666 233.66666666666666 223.66666666666666 240.0 254.33333333333334 220.66666666666666 192.0 203.33333333333334 185.33333333333334 214.66666666666666 222.66666666666666 226.66666666666666 250.33333333333334 199.66666666666666 198.66666666666666 182.66666666666666 164.33333333333334 174.0 145.33333333333334 168.33333333333334 126.66666666666667 
261.6666666666667 293.3333333333333 287.6666666666667 273.6666666666667 298.6666666666667 239.66666666666666 285.3333333333333 220.0 266.3333333333333 216.0 277.3333333333333 190.0 262.0 180.0 261.3333333333333 216.0 262.0 242.0 250.33333333333334 189.0 233.0 179.33333333333334 237.0 223.33333333333334 243.0 253.66666666666666 225.33333333333334 193.66666666666666 208.33333333333334 185.0 218.33333333333334 222.0 229.33333333333334 249.66666666666666 203.66666666666666 200.33333333333334 187.33333333333334 164.33333333333334 179.0 144.66666666666666 173.66666666666666 126.33333333333333 
265.6666666666667 294.3333333333333 291.3333333333333 275.3333333333333 303.6666666666667 242.0 290.6666666666667 222.33333333333334 271.3333333333333 218.33333333333334 284.0 191.0 268.3333333333333 180.66666666666666 265.6666666666667 215.66666666666666 266.6666666666667 241.66666666666666 256.6666666666667 190.33333333333334 239.66666666666666 179.0 241.33333333333334 222.0 246.66666666666666 251.66666666666666 231.33333333333334 195.66666666666666 215.0 185.0 222.66666666666666 221.0 233.0 247.66666666666666 209.0 202.66666666666666 194.0 166.33333333333334 186.33333333333334 146.66666666666666 182.0 128.33333333333334 
270.3333333333333 293.3333333333333 296.6666666666667 275.6666666666667 310.3333333333333 243.66666666666666 299.3333333333333 224.0 281.0 219.66666666666666 292.6666666666667 190.0 277.0 179.66666666666666 273.0 215.0 274.0 241.0 263.6666666666667 189.66666666666666 248.0 177.33333333333334 247.0 219.33333333333334 251.33333333333334 248.0 237.0 196.0 221.66666666666666 185.0 226.66666666666666 220.0 236.0 245.0 213.33333333333334 204.66666666666666 200.0 167.0 192.0 144.33333333333334 188.33333333333334 123.33333333333333 
275.0 293.3333333333333 302.3333333333333 275.6666666666667 317.0 244.33333333333334 305.3333333333333 223.66666666666666 286.3333333333333 218.33333333333334 299.6666666666667 190.33333333333334 285.0 178.33333333333334 280.3333333333333 213.33333333333334 281.6666666666667 238.33333333333334 270.0 190.0 256.0 175.66666666666666 254.33333333333334 217.33333333333334 258.0 245.66666666666666 242.66666666666666 196.33333333333334 228.66666666666666 184.66666666666666 233.0 219.0 242.0 243.33333333333334 218.66666666666666 205.66666666666666 206.33333333333334 167.33333333333334 199.0 144.0 196.33333333333334 121.66666666666667 
279.3333333333333 293.6666666666667 307.6666666666667 276.0 322.3333333333333 245.0 310.3333333333333 224.0 290.6666666666667 218.66666666666666 305.0 191.0 291.6666666666667 178.0 287.6666666666667 213.33333333333334 289.0 237.66666666666666 274.6666666666667 191.0 262.0 175.33333333333334 260.6666666666667 217.66666666666666 264.3333333333333 245.66666666666666 247.0 197.0 233.66666666666666 185.66666666666666 238.66666666666666 220.33333333333334 247.66666666666666 244.66666666666666 223.33333333333334 206.33333333333334 211.0 167.33333333333334 204.33333333333334 142.66666666666666 202.66666666666666 119.33333333333333 
284.0 296.3333333333333 313.0 278.6666666666667 327.6666666666667 245.66666666666666 314.6666666666667 224.0 293.6666666666667 219.66666666666666 309.3333333333333 192.66666666666666 297.3333333333333 179.0 294.3333333333333 215.0 296.3333333333333 239.66666666666666 279.0 193.33333333333334 267.0 176.66666666666666 266.6666666666667 219.33333333333334 271.0 247.66666666666666 251.0 200.0 237.66666666666666 188.0 244.33333333333334 223.66666666666666 254.33333333333334 248.33333333333334 227.33333333333334 209.33333333333334 215.0 170.0 209.33333333333334 145.0 208.0 121.33333333333333 
287.3333333333333 299.0 316.6666666666667 282.0 331.3333333333333 247.33333333333334 319.0 225.0 297.6666666666667 220.33333333333334 312.6666666666667 195.0 302.3333333333333 181.33333333333334 300.0 218.0 302.0 243.33333333333334 282.0 196.33333333333334 271.0 179.33333333333334 271.3333333333333 222.33333333333334 276.6666666666667 250.66666666666666 254.33333333333334 203.33333333333334 241.0 191.66666666666666 248.66666666666666 228.66666666666666 259.3333333333333 254.0 230.33333333333334 212.33333333333334 218.33333333333334 173.33333333333334 213.0 148.0 211.66666666666666 124.33333333333333 
289.6666666666667 302.3333333333333 320.0 285.0 334.6666666666667 248.66666666666666 321.3333333333333 226.0 299.6666666666667 221.33333333333334 314.3333333333333 197.66666666666666 306.0 183.66666666666666 304.3333333333333 220.66666666666666 306.3333333333333 247.0 283.6666666666667 199.33333333333334 274.3333333333333 181.66666666666666 275.3333333333333 224.66666666666666 281.3333333333333 253.0 256.3333333333333 206.66666666666666 244.0 195.0 252.33333333333334 232.66666666666666 263.6666666666667 258.3333333333333 231.66666666666666 216.0 220.33333333333334 176.66666666666666 215.33333333333334 151.33333333333334 213.66666666666666 126.66666666666667 
291.3333333333333 304.6666666666667 322.3333333333333 287.0 337.0 250.0 322.6666666666667 227.66666666666666 300.6666666666667 223.0 315.3333333333333 199.66666666666666 308.0 185.66666666666666 306.3333333333333 222.66666666666666 308.3333333333333 249.33333333333334 284.3333333333333 201.66666666666666 276.0 184.0 277.6666666666667 227.0 283.6666666666667 255.0 257.0 209.0 245.66666666666666 197.66666666666666 254.66666666666666 235.33333333333334 266.3333333333333 261.3333333333333 232.33333333333334 218.33333333333334 221.0 179.0 216.0 153.66666666666666 214.0 128.66666666666666 
292.3333333333333 306.6666666666667 323.6666666666667 288.6666666666667 338.0 252.0 324.0 230.0 302.3333333333333 225.33333333333334 315.6666666666667 200.66666666666666 309.0 187.0 307.0 224.33333333333334 308.3333333333333 251.33333333333334 284.6666666666667 202.66666666666666 276.6666666666667 186.0 278.6666666666667 229.0 284.3333333333333 257.0 257.0 210.33333333333334 246.66666666666666 200.0 256.0 237.66666666666666 268.0 263.6666666666667 232.66666666666666 220.0 221.0 181.0 215.66666666666666 156.0 214.0 131.0 
292.6666666666667 308.0 323.6666666666667 290.0 337.6666666666667 253.66666666666666 324.3333333333333 231.66666666666666 303.0 226.66666666666666 316.0 201.33333333333334 308.3333333333333 188.33333333333334 306.0 226.0 307.3333333333333 253.0 284.6666666666667 203.33333333333334 276.0 187.66666666666666 278.0 231.0 283.3333333333333 259.3333333333333 256.6666666666667 211.33333333333334 245.66666666666666 201.0 255.0 239.0 267.0 265.3333333333333 232.33333333333334 221.0 220.33333333333334 182.33333333333334 214.33333333333334 157.33333333333334 212.33333333333334 133.0 
291.3333333333333 309.0 322.6666666666667 291.0 336.6666666666667 255.66666666666666 324.0 233.66666666666666 303.3333333333333 228.0 315.0 202.0 306.3333333333333 190.0 304.0 227.66666666666666 305.3333333333333 254.66666666666666 283.6666666666667 203.66666666666666 274.0 189.33333333333334 276.0 233.0 281.3333333333333 261.3333333333333 255.33333333333334 211.66666666666666 243.66666666666666 202.0 252.66666666666666 239.66666666666666 264.6666666666667 266.0 231.0 222.0 219.0 183.33333333333334 212.33333333333334 158.66666666666666 210.0 134.33333333333334 
289.6666666666667 309.3333333333333 321.0 291.0 335.0 256.0 321.6666666666667 234.33333333333334 301.3333333333333 229.33333333333334 313.3333333333333 202.66666666666666 303.3333333333333 191.33333333333334 301.3333333333333 228.66666666666666 303.0 255.66666666666666 281.6666666666667 204.33333333333334 271.3333333333333 190.66666666666666 273.3333333333333 234.66666666666666 278.6666666666667 263.0 253.33333333333334 212.33333333333334 240.66666666666666 202.0 249.33333333333334 239.66666666666666 261.3333333333333 266.0 229.0 222.66666666666666 217.0 184.0 210.0 159.33333333333334 207.0 135.0 
287.6666666666667 310.0 319.3333333333333 291.6666666666667 332.6666666666667 257.0 319.3333333333333 235.66666666666666 299.0 231.0 311.0 203.66666666666666 300.6666666666667 192.33333333333334 299.0 229.33333333333334 300.6666666666667 256.0 279.6666666666667 205.0 269.0 191.66666666666666 271.0 235.66666666666666 276.3333333333333 263.3333333333333 251.33333333333334 213.0 238.33333333333334 202.33333333333334 246.66666666666666 239.66666666666666 258.6666666666667 265.6666666666667 227.66666666666666 223.66666666666666 215.33333333333334 185.0 208.33333333333334 160.66666666666666 205.33333333333334 136.0 
286.6666666666667 311.3333333333333 317.6666666666667 293.0 330.3333333333333 258.3333333333333 317.0 237.0 296.6666666666667 233.0 310.0 205.33333333333334 299.0 193.0 296.6666666666667 229.66666666666666 298.0 255.33333333333334 278.6666666666667 207.0 267.6666666666667 192.33333333333334 268.6666666666667 235.66666666666666 273.6666666666667 262.6666666666667 250.66666666666666 215.0 236.33333333333334 202.0 244.0 239.33333333333334 255.66666666666666 265.0 227.0 225.66666666666666 214.33333333333334 187.0 207.0 162.33333333333334 203.66666666666666 138.0 
285.6666666666667 315.3333333333333 316.3333333333333 296.6666666666667 328.0 261.3333333333333 314.3333333333333 238.66666666666666 293.6666666666667 233.66666666666666 310.0 209.33333333333334 297.0 193.66666666666666 293.0 228.0 295.0 251.66666666666666 278.6666666666667 211.0 266.6666666666667 192.66666666666666 265.6666666666667 232.66666666666666 270.3333333333333 258.0 250.66666666666666 218.66666666666666 235.66666666666666 201.66666666666666 240.66666666666666 236.33333333333334 250.33333333333334 261.3333333333333 226.66666666666666 229.66666666666666 214.0 190.66666666666666 206.33333333333334 166.33333333333334 203.0 142.33333333333334 
286.0 320.3333333333333 316.6666666666667 301.6666666666667 329.6666666666667 265.6666666666667 309.3333333333333 242.66666666666666 283.0 239.33333333333334 310.0 215.33333333333334 298.3333333333333 193.0 294.3333333333333 219.33333333333334 295.6666666666667 241.0 278.3333333333333 217.0 267.0 193.66666666666666 265.0 222.66666666666666 267.6666666666667 244.33333333333334 250.33333333333334 224.0 236.0 201.33333333333334 237.66666666666666 221.66666666666666 242.66666666666666 238.0 225.66666666666666 235.0 212.0 196.33333333333334 203.0 171.66666666666666 197.33333333333334 149.0 
286.3333333333333 326.3333333333333 318.6666666666667 310.0 335.6666666666667 276.3333333333333 314.6666666666667 251.66666666666666 284.6666666666667 247.0 308.0 221.33333333333334 297.3333333333333 192.66666666666666 292.0 199.33333333333334 290.3333333333333 205.33333333333334 275.6666666666667 221.33333333333334 262.3333333333333 190.66666666666666 256.3333333333333 197.33333333333334 253.33333333333334 203.0 247.66666666666666 228.66666666666666 232.33333333333334 199.33333333333334 228.0 199.66666666666666 226.33333333333334 201.0 222.66666666666666 241.33333333333334 207.33333333333334 204.33333333333334 197.33333333333334 180.66666666666666 190.0 159.0 
284.6666666666667 332.6666666666667 319.0 319.3333333333333 341.6666666666667 291.3333333333333 328.6666666666667 269.0 303.3333333333333 261.3333333333333 303.6666666666667 225.66666666666666 297.6666666666667 190.0 293.0 177.33333333333334 288.0 167.66666666666666 270.3333333333333 224.0 256.3333333333333 185.33333333333334 247.66666666666666 170.33333333333334 240.0 159.0 242.33333333333334 232.66666666666666 226.33333333333334 197.0 218.66666666666666 178.66666666666666 212.33333333333334 163.66666666666666 218.33333333333334 248.66666666666666 201.33333333333334 213.33333333333334 190.33333333333334 190.66666666666666 181.0 169.66666666666666 
280.6666666666667 340.0 316.6666666666667 328.6666666666667 343.0 306.6666666666667 346.6666666666667 286.6666666666667 340.0 273.6666666666667 298.0 229.66666666666666 294.0 189.0 288.3333333333333 162.33333333333334 282.0 136.66666666666666 264.3333333333333 227.0 248.66666666666666 180.66666666666666 237.0 151.0 227.0 124.33333333333333 236.33333333333334 237.66666666666666 219.33333333333334 196.0 209.33333333333334 169.33333333333334 201.33333333333334 145.0 213.33333333333334 256.6666666666667 195.33333333333334 222.33333333333334 183.66666666666666 200.66666666666666 174.0 179.33333333333334 
275.3333333333333 347.6666666666667 313.0 335.3333333333333 341.0 315.6666666666667 356.0 299.0 367.0 283.3333333333333 292.3333333333333 234.66666666666666 291.0 189.33333333333334 287.0 160.0 282.3333333333333 132.33333333333334 259.0 232.33333333333334 244.66666666666666 181.66666666666666 234.33333333333334 148.66666666666666 225.66666666666666 119.0 231.66666666666666 243.66666666666666 215.33333333333334 198.66666666666666 206.0 169.66666666666666 198.33333333333334 142.33333333333334 209.66666666666666 264.3333333333333 190.66666666666666 230.0 178.0 208.33333333333334 167.33333333333334 186.66666666666666 
271.0 354.6666666666667 310.3333333333333 341.0 339.0 320.3333333333333 357.6666666666667 303.0 378.3333333333333 287.0 287.6666666666667 240.66666666666666 286.3333333333333 193.0 283.0 162.66666666666666 279.0 134.0 255.0 239.0 241.0 186.66666666666666 231.33333333333334 152.66666666666666 223.0 122.33333333333333 228.0 250.33333333333334 212.0 204.0 202.66666666666666 173.33333333333334 195.0 145.0 206.33333333333334 270.6666666666667 186.0 236.33333333333334 172.66666666666666 214.33333333333334 161.0 192.33333333333334 
268.0 360.0 308.6666666666667 345.3333333333333 338.3333333333333 323.0 358.6666666666667 303.3333333333333 381.0 285.6666666666667 284.3333333333333 245.0 283.3333333333333 197.0 280.3333333333333 165.66666666666666 276.0 136.66666666666666 252.0 243.66666666666666 238.0 191.33333333333334 228.33333333333334 157.0 219.66666666666666 126.33333333333333 225.66666666666666 254.66666666666666 209.0 209.0 199.66666666666666 178.33333333333334 191.33333333333334 150.0 203.66666666666666 275.0 182.66666666666666 241.33333333333334 169.33333333333334 219.33333333333334 157.33333333333334 197.0 
267.3333333333333 363.6666666666667 308.3333333333333 347.3333333333333 338.0 323.6666666666667 358.6666666666667 301.6666666666667 381.3333333333333 282.6666666666667 283.0 246.66666666666666 282.3333333333333 198.33333333333334 279.6666666666667 167.0 274.6666666666667 138.0 250.66666666666666 245.66666666666666 237.0 193.66666666666666 227.33333333333334 159.66666666666666 218.33333333333334 129.33333333333334 224.33333333333334 257.0 208.0 211.66666666666666 199.0 181.0 190.66666666666666 152.66666666666666 202.33333333333334 277.3333333333333 181.0 243.66666666666666 167.66666666666666 222.0 156.0 199.33333333333334 
268.0 364.3333333333333 309.0 347.0 339.0 322.0 359.6666666666667 298.0 382.3333333333333 277.3333333333333 283.6666666666667 246.0 284.0 198.33333333333334 281.3333333333333 166.66666666666666 276.6666666666667 137.66666666666666 251.66666666666666 244.66666666666666 238.0 193.0 228.66666666666666 159.0 219.66666666666666 129.0 225.33333333333334 256.3333333333333 209.0 211.0 200.66666666666666 181.0 192.66666666666666 152.66666666666666 202.66666666666666 276.6666666666667 181.33333333333334 243.33333333333334 168.0 221.66666666666666 156.66666666666666 198.66666666666666 
269.6666666666667 363.0 311.3333333333333 344.3333333333333 341.6666666666667 318.0 361.3333333333333 292.3333333333333 383.3333333333333 271.0 285.3333333333333 243.0 286.0 195.66666666666666 283.6666666666667 164.0 279.3333333333333 135.0 253.33333333333334 241.66666666666666 239.66666666666666 190.33333333333334 230.33333333333334 156.66666666666666 221.33333333333334 127.0 227.0 253.66666666666666 211.0 208.33333333333334 203.0 179.0 195.33333333333334 150.66666666666666 204.33333333333334 274.0 182.66666666666666 240.66666666666666 169.0 219.0 157.66666666666666 196.33333333333334 
271.3333333333333 360.0 313.3333333333333 341.3333333333333 343.6666666666667 314.0 363.3333333333333 287.3333333333333 385.3333333333333 265.3333333333333 287.0 239.66666666666666 288.0 192.66666666666666 285.3333333333333 160.66666666666666 281.3333333333333 131.66666666666666 255.0 238.33333333333334 241.0 187.0 231.66666666666666 153.33333333333334 222.66666666666666 124.0 228.66666666666666 250.33333333333334 212.66666666666666 205.0 204.33333333333334 175.66666666666666 197.0 148.0 206.0 270.3333333333333 184.0 237.33333333333334 170.66666666666666 215.33333333333334 159.0 193.0 
273.0 357.3333333333333 315.0 338.3333333333333 345.0 310.6666666666667 364.6666666666667 283.6666666666667 386.3333333333333 261.6666666666667 288.3333333333333 236.66666666666666 289.0 189.33333333333334 286.3333333333333 157.66666666666666 282.0 128.66666666666666 256.0 235.33333333333334 242.0 184.33333333333334 232.66666666666666 150.66666666666666 224.0 121.33333333333333 230.0 247.33333333333334 214.0 202.66666666666666 205.66666666666666 173.0 198.0 145.33333333333334 207.33333333333334 267.3333333333333 185.0 234.33333333333334 171.66666666666666 212.66666666666666 159.66666666666666 190.66666666666666 
273.3333333333333 355.6666666666667 315.0 336.6666666666667 344.3333333333333 309.3333333333333 364.0 282.3333333333333 386.0 260.3333333333333 288.6666666666667 235.33333333333334 289.0 187.66666666666666 286.0 156.33333333333334 281.6666666666667 127.33333333333333 256.3333333333333 234.0 242.33333333333334 182.66666666666666 233.0 148.66666666666666 224.66666666666666 119.66666666666667 230.0 246.0 214.0 201.33333333333334 205.66666666666666 171.33333333333334 198.0 143.66666666666666 207.66666666666666 266.0 185.66666666666666 233.0 172.33333333333334 211.66666666666666 160.66666666666666 190.0 
272.3333333333333 355.0 313.6666666666667 336.3333333333333 343.0 309.0 362.3333333333333 282.0 383.6666666666667 259.6666666666667 288.0 235.0 288.0 187.33333333333334 285.0 156.33333333333334 280.3333333333333 127.33333333333333 255.66666666666666 234.0 241.33333333333334 182.33333333333334 231.66666666666666 148.66666666666666 223.33333333333334 119.33333333333333 229.33333333333334 245.66666666666666 213.0 201.33333333333334 204.33333333333334 171.33333333333334 196.0 143.33333333333334 206.66666666666666 265.6666666666667 185.66666666666666 232.66666666666666 172.0 211.66666666666666 160.33333333333334 190.33333333333334 
271.0 355.0 312.6666666666667 336.3333333333333 341.6666666666667 308.3333333333333 360.3333333333333 280.6666666666667 381.0 257.6666666666667 286.6666666666667 234.66666666666666 286.3333333333333 187.66666666666666 283.0 157.0 278.3333333333333 128.33333333333334 254.66666666666666 234.33333333333334 240.0 183.33333333333334 229.66666666666666 150.66666666666666 220.33333333333334 121.33333333333333 228.33333333333334 246.0 211.33333333333334 202.0 202.0 172.66666666666666 193.0 145.0 205.66666666666666 266.0 185.0 233.0 171.0 212.33333333333334 159.0 191.33333333333334 
270.6666666666667 354.0 312.3333333333333 335.3333333333333 341.0 306.0 358.3333333333333 277.3333333333333 377.3333333333333 253.0 286.6666666666667 233.66666666666666 285.0 188.66666666666666 280.3333333333333 159.66666666666666 274.0 132.33333333333334 254.66666666666666 234.0 239.66666666666666 186.66666666666666 227.66666666666666 157.66666666666666 216.33333333333334 131.0 228.33333333333334 245.66666666666666 211.0 204.66666666666666 199.66666666666666 178.0 189.0 153.0 205.66666666666666 265.6666666666667 185.33333333333334 234.0 171.33333333333334 214.0 158.66666666666666 194.0 
271.0 351.6666666666667 312.6666666666667 333.3333333333333 341.0 302.3333333333333 356.3333333333333 271.6666666666667 373.6666666666667 245.66666666666666 287.6666666666667 233.0 282.3333333333333 190.33333333333334 276.6666666666667 165.33333333333334 271.3333333333333 145.66666666666666 255.66666666666666 233.66666666666666 239.0 188.0 228.33333333333334 167.33333333333334 220.33333333333334 153.0 229.33333333333334 245.0 211.33333333333334 206.33333333333334 200.66666666666666 189.0 193.33333333333334 178.0 207.0 264.0 187.33333333333334 234.0 175.33333333333334 218.33333333333334 165.66666666666666 206.33333333333334 
269.6666666666667 348.0 311.6666666666667 330.6666666666667 340.3333333333333 297.3333333333333 353.6666666666667 264.6666666666667 368.3333333333333 236.33333333333334 289.6666666666667 232.0 279.6666666666667 192.0 270.6666666666667 183.0 267.0 179.33333333333334 258.0 233.33333333333334 240.33333333333334 190.33333333333334 230.0 191.33333333333334 227.66666666666666 193.66666666666666 231.33333333333334 242.66666666666666 213.66666666666666 206.66666666666666 204.0 208.66666666666666 202.66666666666666 212.66666666666666 209.66666666666666 258.0 191.66666666666666 230.0 182.66666666666666 226.66666666666666 179.66666666666666 226.33333333333334 
268.3333333333333 343.0 310.0 327.3333333333333 338.6666666666667 291.6666666666667 350.0 257.0 363.0 227.0 290.6666666666667 230.33333333333334 275.3333333333333 195.0 265.6666666666667 206.66666666666666 265.6666666666667 220.66666666666666 258.3333333333333 233.0 239.0 195.0 234.0 219.33333333333334 240.0 237.33333333333334 231.66666666666666 241.66666666666666 212.66666666666666 208.66666666666666 208.66666666666666 231.33333333333334 216.0 249.33333333333334 210.33333333333334 254.66666666666666 192.33333333333334 231.33333333333334 190.0 243.33333333333334 196.0 254.66666666666666 
266.6666666666667 339.6666666666667 308.3333333333333 322.6666666666667 337.3333333333333 285.3333333333333 347.0 249.33333333333334 357.6666666666667 218.33333333333334 291.6666666666667 229.0 273.6666666666667 198.33333333333334 264.6666666666667 229.66666666666666 266.6666666666667 254.66666666666666 259.0 233.33333333333334 239.66666666666666 202.33333333333334 238.66666666666666 245.33333333333334 248.33333333333334 269.0 232.0 242.0 212.66666666666666 213.66666666666666 215.0 251.33333333333334 227.0 271.6666666666667 210.66666666666666 253.66666666666666 192.66666666666666 235.0 197.0 259.3333333333333 209.33333333333334 274.6666666666667 
267.0 337.0 307.3333333333333 319.0 336.3333333333333 280.6666666666667 344.3333333333333 244.33333333333334 355.0 213.0 292.0 227.33333333333334 271.0 205.0 267.0 244.0 271.6666666666667 270.3333333333333 258.3333333333333 233.33333333333334 238.0 210.33333333333334 243.66666666666666 258.0 256.3333333333333 282.0 231.33333333333334 243.33333333333334 211.0 222.33333333333334 220.33333333333334 264.0 235.66666666666666 284.3333333333333 209.66666666666666 256.3333333333333 191.33333333333334 243.66666666666666 202.0 272.3333333333333 217.66666666666666 287.6666666666667 
267.0 336.6666666666667 306.6666666666667 317.0 335.6666666666667 278.6666666666667 343.0 242.0 353.3333333333333 210.66666666666666 293.0 226.66666666666666 270.6666666666667 210.66666666666666 270.6666666666667 252.0 278.0 276.0 259.0 233.0 239.33333333333334 214.33333333333334 248.0 262.6666666666667 262.0 284.3333333333333 232.0 243.0 212.33333333333334 228.0 225.66666666666666 270.6666666666667 242.33333333333334 288.6666666666667 209.66666666666666 256.3333333333333 193.0 245.66666666666666 206.33333333333334 275.6666666666667 223.0 290.0 
267.3333333333333 336.0 306.0 317.3333333333333 334.6666666666667 278.6666666666667 341.6666666666667 242.0 352.6666666666667 210.66666666666666 293.0 226.0 270.3333333333333 215.0 273.0 257.0 282.3333333333333 279.0 259.0 232.33333333333334 240.0 217.66666666666666 250.66666666666666 266.0 265.3333333333333 285.3333333333333 231.66666666666666 242.33333333333334 213.0 232.0 228.0 274.0 245.33333333333334 289.3333333333333 209.33333333333334 255.66666666666666 193.66666666666666 247.33333333333334 208.33333333333334 277.3333333333333 225.33333333333334 290.3333333333333 
267.3333333333333 336.0 306.0 317.6666666666667 334.0 279.3333333333333 341.0 242.33333333333334 352.0 211.33333333333334 292.6666666666667 226.0 271.3333333333333 216.33333333333334 275.3333333333333 258.6666666666667 285.0 279.3333333333333 259.0 231.66666666666666 241.33333333333334 218.66666666666666 252.33333333333334 267.0 266.6666666666667 284.3333333333333 231.66666666666666 241.66666666666666 214.0 234.0 229.66666666666666 275.3333333333333 247.0 288.3333333333333 209.0 255.33333333333334 194.33333333333334 248.33333333333334 209.66666666666666 277.6666666666667 226.66666666666666 289.3333333333333 
267.3333333333333 335.3333333333333 306.0 317.6666666666667 334.0 279.6666666666667 340.6666666666667 242.33333333333334 351.6666666666667 211.66666666666666 291.6666666666667 226.33333333333334 271.6666666666667 217.0 277.0 258.6666666666667 286.6666666666667 278.6666666666667 258.6666666666667 231.66666666666666 241.0 219.66666666666666 253.0 267.3333333333333 267.3333333333333 283.0 231.33333333333334 241.66666666666666 214.0 235.66666666666666 230.66666666666666 275.6666666666667 248.66666666666666 286.6666666666667 209.0 255.33333333333334 194.33333333333334 250.33333333333334 211.0 278.3333333333333 228.0 288.0 
267.0 334.6666666666667 305.6666666666667 317.3333333333333 333.6666666666667 280.0 340.3333333333333 242.66666666666666 351.3333333333333 212.0 291.3333333333333 225.33333333333334 271.3333333333333 217.66666666666666 277.3333333333333 259.3333333333333 287.3333333333333 278.3333333333333 258.3333333333333 230.0 240.33333333333334 221.0 252.66666666666666 268.0 267.3333333333333 282.3333333333333 231.33333333333334 240.0 213.66666666666666 237.0 230.66666666666666 276.0 249.66666666666666 285.6666666666667 208.66666666666666 253.66666666666666 194.33333333333334 251.33333333333334 211.33333333333334 278.6666666666667 228.66666666666666 287.0 
267.0 334.3333333333333 305.6666666666667 317.0 333.6666666666667 279.6666666666667 340.0 242.33333333333334 350.6666666666667 212.0 291.3333333333333 225.0 272.0 217.66666666666666 278.0 259.3333333333333 288.0 278.0 258.3333333333333 229.33333333333334 240.0 221.33333333333334 252.66666666666666 268.0 267.3333333333333 282.0 231.33333333333334 239.33333333333334 213.33333333333334 237.0 230.66666666666666 275.6666666666667 249.66666666666666 285.3333333333333 208.66666666666666 252.66666666666666 194.33333333333334 252.0 211.33333333333334 279.0 229.0 286.6666666666667 
267.3333333333333 334.3333333333333 305.6666666666667 317.0 333.6666666666667 279.3333333333333 340.3333333333333 242.66666666666666 350.3333333333333 212.0 292.0 224.66666666666666 273.0 216.66666666666666 278.0 259.0 287.3333333333333 278.3333333333333 258.6666666666667 229.0 240.66666666666666 220.0 252.33333333333334 267.3333333333333 267.0 282.6666666666667 231.66666666666666 238.66666666666666 214.0 236.0 230.33333333333334 275.3333333333333 249.33333333333334 286.3333333333333 208.66666666666666 251.66666666666666 194.66666666666666 251.0 210.66666666666666 278.6666666666667 228.66666666666666 287.0 
267.6666666666667 334.3333333333333 306.3333333333333 317.0 334.0 279.3333333333333 340.6666666666667 243.0 350.0 212.0 292.6666666666667 225.0 274.3333333333333 214.66666666666666 277.6666666666667 257.3333333333333 286.0 278.6666666666667 259.0 229.66666666666666 242.0 217.33333333333334 252.33333333333334 265.6666666666667 266.3333333333333 283.6666666666667 231.66666666666666 239.33333333333334 214.66666666666666 233.66666666666666 230.0 274.6666666666667 248.33333333333334 288.0 209.0 252.33333333333334 195.0 249.66666666666666 210.33333333333334 278.0 227.66666666666666 288.0 
268.0 333.3333333333333 306.6666666666667 316.6666666666667 333.6666666666667 280.0 340.6666666666667 244.66666666666666 349.6666666666667 212.66666666666666 293.0 224.66666666666666 274.6666666666667 211.66666666666666 275.3333333333333 253.66666666666666 282.3333333333333 277.3333333333333 259.0 229.66666666666666 242.0 213.33333333333334 250.33333333333334 262.0 263.6666666666667 283.3333333333333 231.33333333333334 239.0 214.66666666666666 229.66666666666666 228.0 272.0 245.66666666666666 288.3333333333333 208.66666666666666 252.33333333333334 194.33333333333334 246.33333333333334 208.0 275.3333333333333 224.0 287.3333333333333 
268.0 332.3333333333333 307.0 317.3333333333333 334.0 281.6666666666667 341.3333333333333 247.0 349.3333333333333 214.33333333333334 292.6666666666667 223.66666666666666 275.0 205.0 271.3333333333333 244.0 276.6666666666667 269.6666666666667 258.6666666666667 228.0 242.33333333333334 206.33333333333334 246.33333333333334 253.0 257.0 276.6666666666667 230.66666666666666 237.0 214.33333333333334 220.66666666666666 222.33333333333334 261.6666666666667 237.0 280.6666666666667 208.33333333333334 250.0 192.66666666666666 238.66666666666666 201.0 265.3333333333333 213.66666666666666 278.6666666666667 
267.6666666666667 332.6666666666667 307.3333333333333 318.6666666666667 335.3333333333333 284.0 343.3333333333333 250.0 351.3333333333333 217.33333333333334 291.6666666666667 222.66666666666666 275.0 196.66666666666666 268.0 224.33333333333334 271.0 248.66666666666666 258.6666666666667 226.66666666666666 242.33333333333334 196.66666666666666 240.66666666666666 231.66666666666666 248.0 255.0 231.0 235.33333333333334 215.66666666666666 210.66666666666666 216.0 240.0 225.33333333333334 258.0 208.33333333333334 249.33333333333334 192.66666666666666 229.66666666666666 193.0 243.0 199.66666666666666 250.33333333333334 
268.0 333.6666666666667 308.6666666666667 319.6666666666667 337.6666666666667 286.6666666666667 346.3333333333333 253.0 355.0 221.66666666666666 289.6666666666667 222.0 276.0 190.0 266.0 197.66666666666666 263.0 208.33333333333334 257.6666666666667 224.0 242.33333333333334 188.66666666666666 234.0 201.33333333333334 232.66666666666666 212.0 230.66666666666666 233.0 215.66666666666666 201.33333333333334 208.0 210.66666666666666 208.0 217.0 208.0 248.33333333333334 192.0 222.66666666666666 185.0 221.0 183.33333333333334 218.33333333333334 
267.6666666666667 335.3333333333333 309.6666666666667 320.3333333333333 339.3333333333333 289.3333333333333 349.6666666666667 256.6666666666667 362.0 227.66666666666666 287.3333333333333 221.66666666666666 277.0 184.66666666666666 267.0 172.0 260.0 165.33333333333334 256.0 222.33333333333334 240.33333333333334 181.0 228.66666666666666 169.66666666666666 221.0 163.66666666666666 229.66666666666666 232.0 214.66666666666666 195.0 203.66666666666666 183.66666666666666 197.33333333333334 175.33333333333334 206.66666666666666 249.66666666666666 191.33333333333334 219.33333333333334 181.0 203.66666666666666 173.66666666666666 189.66666666666666 
267.0 337.3333333333333 309.3333333333333 321.0 339.0 291.6666666666667 352.0 260.6666666666667 368.0 234.33333333333334 285.0 221.33333333333334 278.3333333333333 180.33333333333334 269.0 154.66666666666666 259.3333333333333 132.33333333333334 253.33333333333334 220.33333333333334 238.33333333333334 175.33333333333334 225.66666666666666 148.66666666666666 213.33333333333334 126.66666666666667 227.0 230.66666666666666 211.33333333333334 189.33333333333334 200.0 165.66666666666666 190.33333333333334 144.33333333333334 204.0 249.33333333333334 188.0 217.0 177.0 197.66666666666666 167.33333333333334 178.33333333333334 
265.3333333333333 339.6666666666667 307.6666666666667 322.6666666666667 337.6666666666667 293.6666666666667 353.6666666666667 264.3333333333333 372.6666666666667 239.66666666666666 283.0 221.0 278.3333333333333 175.0 271.3333333333333 146.0 264.0 119.33333333333333 251.0 220.0 236.33333333333334 170.0 225.0 138.33333333333334 214.33333333333334 111.0 224.33333333333334 231.0 209.33333333333334 185.33333333333334 199.0 157.0 190.66666666666666 131.66666666666666 201.33333333333334 250.33333333333334 185.0 215.33333333333334 174.0 193.66666666666666 165.0 172.0 
264.3333333333333 342.0 306.0 324.0 336.3333333333333 295.0 353.6666666666667 266.6666666666667 373.6666666666667 242.33333333333334 281.3333333333333 221.33333333333334 277.6666666666667 173.0 272.3333333333333 142.33333333333334 266.0 114.66666666666667 249.0 220.33333333333334 235.0 168.33333333333334 224.66666666666666 134.66666666666666 215.0 105.66666666666667 222.33333333333334 231.66666666666666 207.66666666666666 184.33333333333334 197.66666666666666 154.0 189.66666666666666 127.0 199.33333333333334 251.33333333333334 182.33333333333334 215.66666666666666 171.0 193.0 161.66666666666666 170.66666666666666 
264.0 343.0 305.3333333333333 324.6666666666667 335.6666666666667 295.6666666666667 353.3333333333333 267.3333333333333 373.3333333333333 243.0 279.6666666666667 221.33333333333334 276.0 172.33333333333334 271.3333333333333 141.33333333333334 265.6666666666667 113.0 247.66666666666666 220.66666666666666 233.66666666666666 168.33333333333334 223.33333333333334 133.66666666666666 214.33333333333334 104.0 221.33333333333334 232.33333333333334 206.66666666666666 185.0 196.66666666666666 154.0 188.66666666666666 126.33333333333333 198.33333333333334 252.33333333333334 180.66666666666666 217.0 169.0 194.0 159.33333333333334 171.33333333333334 
264.0 343.6666666666667 305.0 324.6666666666667 335.3333333333333 295.6666666666667 353.0 267.0 373.3333333333333 242.66666666666666 278.6666666666667 221.66666666666666 274.6666666666667 172.33333333333334 270.0 140.66666666666666 264.6666666666667 112.33333333333333 246.66666666666666 221.33333333333334 233.0 168.33333333333334 222.33333333333334 133.33333333333334 213.33333333333334 103.66666666666667 220.66666666666666 232.66666666666666 205.66666666666666 185.66666666666666 196.0 154.66666666666666 188.33333333333334 127.0 198.0 252.66666666666666 180.0 217.66666666666666 168.33333333333334 194.66666666666666 159.0 171.66666666666666 
264.0 343.6666666666667 305.3333333333333 324.0 335.3333333333333 294.6666666666667 353.0 265.6666666666667 373.6666666666667 241.66666666666666 278.0 221.33333333333334 274.0 171.66666666666666 269.0 140.0 263.6666666666667 111.66666666666667 246.33333333333334 221.33333333333334 232.66666666666666 168.0 222.0 133.0 212.66666666666666 103.66666666666667 220.33333333333334 232.66666666666666 205.33333333333334 185.66666666666666 196.0 154.66666666666666 188.66666666666666 127.0 197.66666666666666 252.66666666666666 180.0 217.33333333333334 168.66666666666666 194.33333333333334 160.0 171.0 
263.6666666666667 343.3333333333333 305.3333333333333 323.3333333333333 335.6666666666667 293.3333333333333 352.6666666666667 264.0 373.6666666666667 240.0 277.6666666666667 220.66666666666666 274.0 170.66666666666666 268.6666666666667 139.0 263.0 110.66666666666667 246.0 220.66666666666666 232.33333333333334 167.0 221.66666666666666 132.0 212.0 102.66666666666667 220.0 232.0 204.66666666666666 184.66666666666666 196.0 153.66666666666666 189.0 126.33333333333333 197.33333333333334 252.0 180.0 216.33333333333334 169.33333333333334 193.0 161.0 169.66666666666666 
263.3333333333333 342.3333333333333 305.6666666666667 322.3333333333333 336.0 292.0 352.6666666666667 262.3333333333333 373.6666666666667 238.0 277.6666666666667 219.33333333333334 274.0 169.33333333333334 268.3333333333333 137.66666666666666 262.3333333333333 109.33333333333333 246.0 219.33333333333334 232.0 165.66666666666666 221.33333333333334 130.66666666666666 211.66666666666666 101.33333333333333 220.0 230.66666666666666 204.33333333333334 183.33333333333334 196.0 152.33333333333334 189.0 125.0 197.0 250.66666666666666 180.0 214.66666666666666 170.0 191.33333333333334 161.66666666666666 168.33333333333334 
263.3333333333333 341.3333333333333 306.0 321.6666666666667 336.3333333333333 291.0 353.0 261.0 374.0 236.33333333333334 278.0 217.66666666666666 274.3333333333333 168.0 268.3333333333333 136.66666666666666 262.0 108.0 246.33333333333334 218.0 232.33333333333334 164.66666666666666 221.66666666666666 129.66666666666666 212.0 100.33333333333333 220.33333333333334 229.33333333333334 204.33333333333334 182.0 196.33333333333334 151.33333333333334 189.33333333333334 124.33333333333333 197.66666666666666 249.33333333333334 180.66666666666666 213.33333333333334 171.66666666666666 189.66666666666666 164.0 166.33333333333334 
265.0 340.0 307.6666666666667 320.0 337.3333333333333 289.0 354.3333333333333 258.6666666666667 375.3333333333333 233.66666666666666 280.0 216.33333333333334 274.6666666666667 168.33333333333334 267.6666666666667 137.66666666666666 260.3333333333333 109.66666666666667 248.0 216.66666666666666 233.0 164.66666666666666 221.33333333333334 131.33333333333334 211.0 102.66666666666667 222.0 228.0 206.0 181.66666666666666 197.33333333333334 152.0 189.66666666666666 125.0 199.66666666666666 248.0 182.66666666666666 212.66666666666666 174.33333333333334 189.33333333333334 167.33333333333334 166.0 
267.3333333333333 338.6666666666667 309.6666666666667 318.3333333333333 338.6666666666667 286.0 355.3333333333333 255.33333333333334 375.3333333333333 230.0 281.6666666666667 215.66666666666666 274.0 171.66666666666666 266.3333333333333 144.0 258.6666666666667 118.66666666666667 250.0 217.0 233.66666666666666 170.0 221.66666666666666 142.33333333333334 211.0 119.33333333333333 224.33333333333334 228.66666666666666 207.66666666666666 186.0 197.66666666666666 160.66666666666666 188.66666666666666 139.0 202.66666666666666 248.0 186.33333333333334 214.66666666666666 177.66666666666666 193.33333333333334 170.33333333333334 172.66666666666666 
267.6666666666667 336.0 310.3333333333333 316.3333333333333 340.0 283.0 355.0 250.66666666666666 372.6666666666667 224.0 285.6666666666667 217.33333333333334 274.6666666666667 178.66666666666666 265.6666666666667 170.66666666666666 260.6666666666667 163.66666666666666 254.0 219.0 237.33333333333334 180.33333333333334 227.0 176.33333333333334 222.0 171.0 227.66666666666666 229.0 211.0 193.66666666666666 203.33333333333334 188.0 199.0 182.0 205.0 244.66666666666666 188.33333333333334 213.0 179.66666666666666 199.66666666666666 174.33333333333334 187.66666666666666 
268.0 334.3333333333333 310.6666666666667 315.3333333333333 340.3333333333333 280.6666666666667 353.0 246.33333333333334 368.3333333333333 218.0 290.3333333333333 219.33333333333334 275.6666666666667 187.66666666666666 268.3333333333333 203.0 268.0 214.33333333333334 258.0 222.0 241.33333333333334 192.66666666666666 237.0 214.66666666666666 239.0 226.66666666666666 230.66666666666666 230.66666666666666 213.0 203.33333333333334 211.0 220.0 214.0 230.0 207.0 243.0 189.0 213.33333333333334 180.33333333333334 207.0 176.66666666666666 201.0 
267.0 334.0 309.6666666666667 315.0 340.3333333333333 278.6666666666667 350.6666666666667 242.33333333333334 364.3333333333333 212.66666666666666 295.0 221.33333333333334 276.3333333333333 197.0 272.3333333333333 234.0 277.6666666666667 259.0 261.0 225.0 244.0 201.66666666666666 247.0 246.33333333333334 257.0 268.6666666666667 232.66666666666666 233.33333333333334 214.66666666666666 212.0 221.33333333333334 249.0 234.0 267.6666666666667 208.33333333333334 244.66666666666666 190.33333333333334 220.33333333333334 189.66666666666666 230.0 195.0 233.66666666666666 
267.3333333333333 334.6666666666667 308.6666666666667 315.0 338.6666666666667 277.3333333333333 348.0 240.33333333333334 361.3333333333333 210.33333333333334 296.3333333333333 221.33333333333334 274.3333333333333 205.33333333333334 275.6666666666667 247.0 284.3333333333333 269.0 261.3333333333333 226.0 243.0 208.0 251.66666666666666 256.6666666666667 264.3333333333333 275.6666666666667 233.0 235.66666666666666 214.0 219.33333333333334 226.0 260.3333333333333 242.0 276.0 209.0 248.66666666666666 192.0 232.33333333333334 199.0 251.33333333333334 210.0 258.0 
265.6666666666667 335.0 306.0 315.6666666666667 336.6666666666667 277.3333333333333 345.6666666666667 240.0 358.6666666666667 210.0 294.0 221.0 270.3333333333333 211.66666666666666 275.6666666666667 253.33333333333334 287.0 270.0 259.3333333333333 226.33333333333334 240.0 213.33333333333334 252.0 261.6666666666667 266.6666666666667 275.0 231.33333333333334 236.66666666666666 212.33333333333334 226.66666666666666 227.66666666666666 267.6666666666667 245.33333333333334 277.6666666666667 208.0 251.0 193.0 243.33333333333334 207.66666666666666 272.3333333333333 225.0 282.6666666666667 
264.0 334.3333333333333 303.3333333333333 316.3333333333333 334.0 278.6666666666667 342.6666666666667 240.66666666666666 356.0 210.66666666666666 291.3333333333333 220.66666666666666 266.6666666666667 215.0 274.3333333333333 256.0 286.6666666666667 269.3333333333333 257.6666666666667 225.66666666666666 237.66666666666666 217.66666666666666 251.0 264.6666666666667 266.3333333333333 273.0 230.0 235.66666666666666 210.66666666666666 230.33333333333334 226.66666666666666 270.0 244.33333333333334 276.0 206.66666666666666 249.33333333333334 191.33333333333334 245.66666666666666 206.0 273.3333333333333 223.0 281.0 
263.0 334.3333333333333 302.0 317.0 332.6666666666667 279.6666666666667 341.0 241.0 354.3333333333333 211.0 289.0 220.33333333333334 264.3333333333333 215.66666666666666 272.6666666666667 256.0 286.0 267.0 256.0 225.33333333333334 235.66666666666666 219.66666666666666 250.0 266.0 265.0 270.3333333333333 228.66666666666666 235.33333333333334 209.33333333333334 232.66666666666666 225.66666666666666 271.3333333333333 243.33333333333334 274.0 205.66666666666666 249.0 190.33333333333334 247.0 205.0 274.0 222.0 279.6666666666667 
262.6666666666667 333.6666666666667 301.6666666666667 316.6666666666667 331.6666666666667 280.0 340.0 241.0 353.6666666666667 211.0 288.0 219.66666666666666 263.6666666666667 215.33333333333334 272.3333333333333 255.33333333333334 285.3333333333333 265.3333333333333 255.0 224.66666666666666 235.0 220.33333333333334 249.66666666666666 266.0 264.0 268.0 228.0 235.0 209.0 233.0 225.0 271.0 242.0 272.3333333333333 205.0 248.66666666666666 190.0 247.33333333333334 204.66666666666666 273.6666666666667 221.0 278.3333333333333 
263.0 333.0 302.0 316.0 331.3333333333333 279.6666666666667 340.0 240.66666666666666 353.6666666666667 210.66666666666666 287.3333333333333 218.33333333333334 264.3333333333333 215.0 273.0 254.66666666666666 285.3333333333333 264.0 254.33333333333334 223.0 235.33333333333334 220.33333333333334 250.33333333333334 265.6666666666667 263.3333333333333 266.3333333333333 227.33333333333334 233.66666666666666 209.33333333333334 233.33333333333334 225.33333333333334 270.6666666666667 241.0 270.6666666666667 204.33333333333334 247.66666666666666 190.0 247.33333333333334 205.0 273.0 220.66666666666666 276.6666666666667 
263.0 332.3333333333333 302.0 315.6666666666667 331.0 279.3333333333333 340.0 240.33333333333334 354.3333333333333 210.33333333333334 287.3333333333333 217.0 264.6666666666667 215.0 273.6666666666667 254.33333333333334 285.0 263.3333333333333 254.33333333333334 221.33333333333334 235.66666666666666 220.66666666666666 250.66666666666666 265.3333333333333 263.3333333333333 265.0 227.33333333333334 232.0 209.66666666666666 233.33333333333334 225.66666666666666 270.3333333333333 240.66666666666666 269.3333333333333 204.33333333333334 246.33333333333334 190.0 247.33333333333334 205.33333333333334 272.6666666666667 220.33333333333334 275.6666666666667 
263.0 332.0 302.0 315.6666666666667 331.0 279.3333333333333 340.0 240.33333333333334 354.6666666666667 210.33333333333334 287.6666666666667 216.0 265.3333333333333 215.33333333333334 274.3333333333333 254.33333333333334 285.3333333333333 263.0 254.66666666666666 220.0 236.33333333333334 221.0 251.33333333333334 265.3333333333333 263.6666666666667 264.3333333333333 227.66666666666666 230.66666666666666 210.33333333333334 233.33333333333334 226.33333333333334 270.3333333333333 240.66666666666666 268.3333333333333 204.66666666666666 245.33333333333334 190.33333333333334 247.33333333333334 205.66666666666666 272.3333333333333 220.66666666666666 275.0 
263.0 332.0 302.0 316.0 331.3333333333333 279.6666666666667 340.3333333333333 241.0 355.0 211.0 288.3333333333333 215.66666666666666 266.3333333333333 216.0 275.0 255.0 285.6666666666667 263.3333333333333 255.33333333333334 219.66666666666666 236.66666666666666 221.66666666666666 251.66666666666666 265.6666666666667 264.3333333333333 264.3333333333333 228.33333333333334 230.0 210.66666666666666 234.0 227.0 271.0 241.33333333333334 268.6666666666667 205.0 245.0 190.66666666666666 248.0 206.33333333333334 273.0 221.33333333333334 275.3333333333333 
263.0 332.0 302.0 316.0 331.3333333333333 280.3333333333333 340.6666666666667 241.66666666666666 355.3333333333333 211.66666666666666 288.6666666666667 215.66666666666666 266.6666666666667 217.0 275.6666666666667 255.66666666666666 286.3333333333333 263.3333333333333 255.33333333333334 219.33333333333334 236.66666666666666 222.66666666666666 252.0 266.3333333333333 264.6666666666667 264.6666666666667 228.33333333333334 230.0 211.0 235.33333333333334 227.33333333333334 272.0 241.66666666666666 269.3333333333333 204.66666666666666 245.0 191.0 249.0 206.66666666666666 274.0 221.33333333333334 275.6666666666667 
262.6666666666667 332.0 301.6666666666667 316.0 331.3333333333333 280.3333333333333 340.6666666666667 241.66666666666666 355.0 211.66666666666666 288.3333333333333 215.66666666666666 266.6666666666667 217.66666666666666 275.6666666666667 256.0 286.3333333333333 263.3333333333333 255.0 218.66666666666666 236.33333333333334 223.66666666666666 252.0 267.0 264.6666666666667 264.6666666666667 228.0 229.33333333333334 211.0 236.66666666666666 227.33333333333334 272.6666666666667 241.66666666666666 269.6666666666667 204.0 244.33333333333334 191.0 249.66666666666666 207.0 274.6666666666667 221.33333333333334 275.6666666666667 
262.0 331.3333333333333 301.0 315.6666666666667 330.3333333333333 280.0 340.0 241.33333333333334 354.3333333333333 211.33333333333334 287.0 215.0 265.6666666666667 218.33333333333334 275.0 256.0 286.0 263.0 253.66666666666666 217.0 235.66666666666666 225.0 251.66666666666666 267.6666666666667 263.6666666666667 264.6666666666667 226.66666666666666 228.0 210.66666666666666 238.0 226.66666666666666 273.0 241.0 269.3333333333333 203.0 243.0 191.0 250.0 206.66666666666666 274.6666666666667 220.33333333333334 275.0 
261.3333333333333 330.6666666666667 300.0 315.0 329.3333333333333 279.3333333333333 338.6666666666667 240.66666666666666 353.0 210.66666666666666 285.6666666666667 214.33333333333334 265.0 218.33333333333334 273.6666666666667 255.66666666666666 284.3333333333333 262.6666666666667 252.66666666666666 215.66666666666666 234.66666666666666 225.33333333333334 250.66666666666666 267.6666666666667 262.3333333333333 264.3333333333333 225.66666666666666 226.33333333333334 209.66666666666666 238.33333333333334 226.0 273.0 240.0 269.0 202.0 241.33333333333334 190.33333333333334 250.0 206.0 274.3333333333333 219.33333333333334 274.6666666666667 
260.6666666666667 329.6666666666667 299.0 314.6666666666667 328.3333333333333 279.3333333333333 337.3333333333333 240.66666666666666 352.0 210.66666666666666 284.6666666666667 213.66666666666666 264.0 218.66666666666666 273.0 255.66666666666666 283.0 262.0 251.66666666666666 215.0 233.66666666666666 225.66666666666666 249.66666666666666 267.6666666666667 261.3333333333333 264.0 224.66666666666666 225.66666666666666 208.33333333333334 238.33333333333334 225.33333333333334 273.0 239.33333333333334 268.6666666666667 201.0 240.66666666666666 189.66666666666666 250.0 205.33333333333334 274.3333333333333 218.33333333333334 274.3333333333333 
260.3333333333333 329.3333333333333 298.3333333333333 314.6666666666667 328.0 279.6666666666667 336.3333333333333 241.0 351.0 211.0 284.3333333333333 213.33333333333334 263.6666666666667 219.33333333333334 272.6666666666667 256.0 282.0 261.6666666666667 251.33333333333334 215.0 232.66666666666666 226.0 249.0 268.0 260.6666666666667 263.6666666666667 224.0 225.66666666666666 207.33333333333334 238.66666666666666 225.0 273.3333333333333 238.66666666666666 268.6666666666667 200.33333333333334 240.66666666666666 188.66666666666666 250.33333333333334 204.66666666666666 274.6666666666667 217.66666666666666 274.6666666666667 
260.0 329.3333333333333 298.0 315.0 328.0 280.0 336.0 241.66666666666666 350.3333333333333 211.66666666666666 284.0 213.33333333333334 263.6666666666667 220.66666666666666 273.0 257.0 282.0 261.6666666666667 251.0 215.0 232.33333333333334 227.33333333333334 249.0 268.6666666666667 260.3333333333333 263.6666666666667 223.33333333333334 226.0 207.0 239.66666666666666 225.0 274.0 238.33333333333334 268.6666666666667 200.0 241.0 188.33333333333334 251.0 204.33333333333334 275.3333333333333 217.33333333333334 274.6666666666667 
260.0 329.6666666666667 298.3333333333333 315.0 328.0 279.6666666666667 336.0 242.0 350.0 212.0 284.3333333333333 213.66666666666666 264.3333333333333 221.33333333333334 273.3333333333333 257.3333333333333 282.3333333333333 262.0 251.0 215.0 232.33333333333334 228.0 249.33333333333334 269.0 260.3333333333333 264.0 223.33333333333334 226.0 207.33333333333334 240.66666666666666 225.0 274.6666666666667 238.33333333333334 269.0 200.0 241.0 188.33333333333334 251.66666666666666 204.33333333333334 275.6666666666667 217.33333333333334 275.3333333333333 
260.3333333333333 329.6666666666667 298.6666666666667 315.0 328.3333333333333 279.3333333333333 336.0 241.66666666666666 350.0 212.0 285.0 214.33333333333334 265.0 220.66666666666666 273.6666666666667 257.3333333333333 282.6666666666667 262.0 251.66666666666666 215.66666666666666 233.33333333333334 228.0 249.66666666666666 268.6666666666667 260.6666666666667 263.6666666666667 224.0 226.33333333333334 208.0 240.66666666666666 225.33333333333334 274.6666666666667 238.66666666666666 269.0 200.33333333333334 241.33333333333334 188.66666666666666 252.0 205.0 276.0 217.66666666666666 275.3333333333333 
260.3333333333333 329.3333333333333 299.0 315.0 328.6666666666667 279.0 336.3333333333333 241.66666666666666 350.6666666666667 212.0 285.6666666666667 214.66666666666666 266.0 220.33333333333334 274.3333333333333 257.3333333333333 283.3333333333333 262.3333333333333 252.33333333333334 216.0 234.66666666666666 227.33333333333334 250.33333333333334 268.6666666666667 261.3333333333333 263.6666666666667 225.0 226.33333333333334 209.0 240.33333333333334 226.0 274.3333333333333 239.33333333333334 269.0 201.0 241.33333333333334 189.66666666666666 252.33333333333334 206.0 276.0 218.33333333333334 275.3333333333333 
260.6666666666667 329.3333333333333 299.0 315.3333333333333 329.0 279.6666666666667 336.6666666666667 242.0 351.3333333333333 212.33333333333334 286.3333333333333 215.33333333333334 266.6666666666667 220.33333333333334 275.0 257.6666666666667 283.6666666666667 262.6666666666667 253.33333333333334 216.33333333333334 235.66666666666666 227.33333333333334 250.66666666666666 268.6666666666667 261.6666666666667 263.6666666666667 225.66666666666666 226.33333333333334 209.66666666666666 240.0 226.66666666666666 274.0 239.66666666666666 269.0 201.66666666666666 241.33333333333334 190.0 252.33333333333334 206.33333333333334 276.0 218.66666666666666 275.0 
260.6666666666667 330.0 299.0 315.6666666666667 328.6666666666667 280.3333333333333 337.0 243.0 351.6666666666667 213.0 286.0 215.33333333333334 267.0 221.33333333333334 275.6666666666667 258.3333333333333 284.0 263.0 253.0 215.66666666666666 235.66666666666666 228.0 251.0 269.3333333333333 261.6666666666667 264.3333333333333 225.66666666666666 226.0 209.66666666666666 240.33333333333334 227.0 274.3333333333333 239.66666666666666 269.3333333333333 201.66666666666666 241.0 190.33333333333334 252.33333333333334 206.33333333333334 276.0 218.66666666666666 275.3333333333333 
260.6666666666667 330.6666666666667 298.6666666666667 316.3333333333333 328.3333333333333 281.0 336.6666666666667 243.33333333333334 351.3333333333333 213.33333333333334 285.3333333333333 215.33333333333334 266.3333333333333 222.0 275.3333333333333 258.6666666666667 283.6666666666667 263.3333333333333 252.66666666666666 215.66666666666666 235.0 228.66666666666666 250.66666666666666 269.6666666666667 261.3333333333333 265.0 225.0 226.33333333333334 209.0 240.66666666666666 226.66666666666666 274.6666666666667 239.33333333333334 270.0 201.0 241.33333333333334 190.0 252.0 205.66666666666666 276.0 218.33333333333334 275.6666666666667 
260.3333333333333 331.0 298.3333333333333 316.3333333333333 327.6666666666667 281.0 336.3333333333333 243.33333333333334 350.6666666666667 213.33333333333334 284.3333333333333 214.33333333333334 266.0 222.66666666666666 275.0 259.0 283.0 263.3333333333333 251.66666666666666 214.66666666666666 234.33333333333334 229.33333333333334 250.66666666666666 270.3333333333333 260.6666666666667 265.3333333333333 224.0 226.0 208.33333333333334 241.33333333333334 226.33333333333334 275.3333333333333 239.0 270.3333333333333 200.0 241.0 189.66666666666666 252.33333333333334 205.66666666666666 276.3333333333333 218.0 276.0 
260.0 331.0 298.0 316.3333333333333 327.6666666666667 280.6666666666667 336.0 242.66666666666666 350.0 212.66666666666666 284.3333333333333 214.66666666666666 265.6666666666667 222.33333333333334 274.3333333333333 258.6666666666667 282.6666666666667 263.3333333333333 251.66666666666666 215.33333333333334 234.0 228.66666666666666 250.0 270.0 260.3333333333333 265.3333333333333 224.0 226.33333333333334 208.0 241.0 226.0 275.3333333333333 239.0 270.3333333333333 200.0 241.66666666666666 189.33333333333334 252.33333333333334 205.33333333333334 276.3333333333333 218.0 276.0 
260.0 330.6666666666667 298.0 316.0 327.6666666666667 280.3333333333333 336.0 242.66666666666666 349.3333333333333 212.66666666666666 284.6666666666667 214.66666666666666 266.0 221.33333333333334 274.6666666666667 258.0 282.6666666666667 263.3333333333333 251.66666666666666 215.33333333333334 234.0 227.66666666666666 250.0 269.3333333333333 260.3333333333333 265.0 224.0 226.33333333333334 208.0 240.33333333333334 226.0 275.0 239.0 270.0 200.33333333333334 241.66666666666666 189.0 252.0 205.33333333333334 276.3333333333333 218.33333333333334 276.0 
260.0 331.3333333333333 298.3333333333333 316.3333333333333 328.3333333333333 280.3333333333333 336.0 243.0 348.6666666666667 212.66666666666666 286.3333333333333 218.0 266.3333333333333 218.0 273.6666666666667 256.3333333333333 283.3333333333333 265.3333333333333 253.33333333333334 220.0 235.0 222.33333333333334 249.0 266.3333333333333 261.0 266.6666666666667 226.0 230.0 208.66666666666666 235.66666666666666 225.0 272.3333333333333 239.66666666666666 271.3333333333333 202.66666666666666 244.33333333333334 189.0 248.33333333333334 203.66666666666666 274.0 218.0 276.3333333333333 
260.3333333333333 330.6666666666667 299.3333333333333 316.3333333333333 328.3333333333333 280.6666666666667 335.6666666666667 244.66666666666666 347.6666666666667 213.66666666666666 288.0 220.0 267.0 213.0 271.0 252.33333333333334 280.3333333333333 267.0 254.33333333333334 222.33333333333334 236.0 215.66666666666666 246.33333333333334 261.6666666666667 259.0 269.0 226.66666666666666 231.33333333333334 208.66666666666666 226.0 220.66666666666666 265.0 236.0 271.3333333333333 203.66666666666666 243.66666666666666 187.66666666666666 238.33333333333334 196.66666666666666 262.3333333333333 209.66666666666666 267.6666666666667 
260.3333333333333 331.3333333333333 300.0 317.3333333333333 329.3333333333333 282.3333333333333 337.0 247.66666666666666 348.0 216.33333333333334 287.6666666666667 221.0 267.3333333333333 202.66666666666666 265.6666666666667 237.66666666666666 272.6666666666667 258.3333333333333 254.0 224.0 236.66666666666666 204.0 240.33333333333334 246.0 251.0 261.6666666666667 226.33333333333334 232.0 209.33333333333334 213.0 215.0 247.0 228.0 260.3333333333333 203.0 243.33333333333334 186.33333333333334 225.0 187.66666666666666 239.33333333333334 195.33333333333334 243.66666666666666 
260.6666666666667 331.0 301.6666666666667 317.6666666666667 330.6666666666667 284.6666666666667 340.0 251.33333333333334 350.6666666666667 220.66666666666666 283.3333333333333 219.33333333333334 265.3333333333333 190.33333333333334 257.3333333333333 203.66666666666666 255.66666666666666 212.0 250.66666666666666 220.66666666666666 233.33333333333334 190.33333333333334 228.66666666666666 207.0 230.33333333333334 212.33333333333334 223.66666666666666 228.33333333333334 207.0 199.33333333333334 204.66666666666666 213.0 208.0 218.33333333333334 201.0 241.0 184.33333333333334 214.33333333333334 177.66666666666666 213.33333333333334 176.33333333333334 209.66666666666666 
260.0 333.6666666666667 301.6666666666667 319.0 331.6666666666667 287.6666666666667 344.0 255.66666666666666 358.0 228.33333333333334 277.3333333333333 218.0 263.3333333333333 179.33333333333334 252.0 170.0 243.66666666666666 162.66666666666666 246.66666666666666 218.66666666666666 230.33333333333334 177.33333333333334 220.66666666666666 167.33333333333334 214.66666666666666 158.0 220.66666666666666 227.33333333333334 205.33333333333334 189.33333333333334 198.0 179.66666666666666 193.33333333333334 171.33333333333334 198.0 242.33333333333334 182.33333333333334 210.66666666666666 172.33333333333334 196.0 164.66666666666666 182.66666666666666 
259.6666666666667 336.6666666666667 301.6666666666667 320.3333333333333 331.0 291.0 346.6666666666667 260.6666666666667 364.6666666666667 236.33333333333334 273.0 218.33333333333334 262.3333333333333 173.66666666666666 251.0 146.33333333333334 239.66666666666666 121.33333333333333 243.33333333333334 218.0 227.66666666666666 169.66666666666666 216.33333333333334 138.33333333333334 205.66666666666666 111.66666666666667 218.66666666666666 227.66666666666666 203.0 184.0 193.33333333333334 157.66666666666666 184.66666666666666 135.0 196.66666666666666 244.66666666666666 180.0 211.33333333333334 168.66666666666666 190.66666666666666 158.33333333333334 171.0 
259.0 340.3333333333333 300.6666666666667 322.3333333333333 330.0 293.6666666666667 348.3333333333333 265.6666666666667 370.3333333333333 244.0 271.0 219.33333333333334 263.3333333333333 172.33333333333334 254.33333333333334 143.0 245.0 116.0 241.66666666666666 219.33333333333334 228.33333333333334 168.0 218.66666666666666 134.33333333333334 209.66666666666666 105.0 217.33333333333334 230.0 202.66666666666666 183.33333333333334 194.33333333333334 154.0 187.66666666666666 128.0 195.0 248.33333333333334 178.0 213.66666666666666 167.0 191.33333333333334 157.33333333333334 169.33333333333334 
259.0 342.6666666666667 300.6666666666667 324.0 330.0 296.0 349.6666666666667 269.0 372.6666666666667 247.66666666666666 270.6666666666667 221.0 264.0 172.66666666666666 256.3333333333333 142.33333333333334 248.66666666666666 114.33333333333333 241.0 221.0 228.66666666666666 168.33333333333334 219.66666666666666 133.66666666666666 212.0 103.0 216.66666666666666 232.0 202.33333333333334 185.0 195.33333333333334 154.33333333333334 190.66666666666666 127.0 194.66666666666666 251.0 177.0 216.0 166.33333333333334 193.0 157.0 170.0 
